Hour,Minute,Timestamp,LNN Predicted Temp (°C),LNN Predicted Humidity (%),LNN Predicted Heat Index (°C),LNN Predicted Pressure (hPa),LNN Predicted Wind (km/h),LNN Rain Probability (%),LNN Expected Rain (mm),LNN River Water Level (m),WMO/PAGASA Ground Truth Temp (°C),Δ Temp (°C),WMO/PAGASA Ground Truth Rain (mm),Rain Detection Status,ODE Decay Stability (τ_avg),Milestone Status
Hr 01,Min 01,2026-08-28 12:01 PST,28.05,83.2,32.46,1007.3,21.1,42.5%,0.9,3.42,25.2,2.85,0.1,EVALUATING ⏳,2.5,
Hr 01,Min 02,2026-08-28 12:02 PST,28.0,83.3,32.42,1007.4,20.9,42.5%,0.9,3.42,25.2,2.8,0.1,EVALUATING ⏳,2.5,
Hr 01,Min 03,2026-08-28 12:03 PST,27.95,83.5,32.38,1007.4,20.8,42.5%,0.9,3.42,25.2,2.75,0.1,EVALUATING ⏳,2.5,
Hr 01,Min 04,2026-08-28 12:04 PST,27.9,83.7,32.34,1007.4,20.7,42.4%,0.89,3.42,25.2,2.7,0.1,EVALUATING ⏳,2.5,
Hr 01,Min 05,2026-08-28 12:05 PST,27.86,83.8,32.31,1007.4,20.5,42.4%,0.89,3.43,25.2,2.66,0.1,EVALUATING ⏳,2.5,
Hr 01,Min 06,2026-08-28 12:06 PST,27.81,84.0,32.27,1007.5,20.4,42.4%,0.88,3.43,25.2,2.61,0.1,EVALUATING ⏳,2.5,
Hr 01,Min 07,2026-08-28 12:07 PST,27.76,84.2,32.23,1007.5,20.3,42.3%,0.88,3.43,25.2,2.56,0.1,EVALUATING ⏳,2.5,
Hr 01,Min 08,2026-08-28 12:08 PST,27.71,84.3,32.19,1007.5,20.1,42.3%,0.88,3.43,25.2,2.51,0.1,EVALUATING ⏳,2.5,
Hr 01,Min 09,2026-08-28 12:09 PST,27.66,84.5,32.15,1007.5,20.0,42.3%,0.87,3.43,25.2,2.46,0.1,EVALUATING ⏳,2.5,
Hr 01,Min 10,2026-08-28 12:10 PST,27.61,84.7,32.11,1007.6,19.9,42.2%,0.87,3.43,25.2,2.41,0.1,EVALUATING ⏳,2.5,
Hr 01,Min 11,2026-08-28 12:11 PST,27.56,84.8,32.07,1007.6,19.7,42.2%,0.86,3.43,25.2,2.36,0.1,EVALUATING ⏳,2.5,
Hr 01,Min 12,2026-08-28 12:12 PST,27.51,85.0,32.04,1007.6,19.6,42.2%,0.86,3.44,25.2,2.31,0.1,EVALUATING ⏳,2.5,
Hr 01,Min 13,2026-08-28 12:13 PST,27.46,85.2,32.0,1007.6,19.5,42.1%,0.85,3.44,25.2,2.26,0.1,EVALUATING ⏳,2.5,
Hr 01,Min 14,2026-08-28 12:14 PST,27.42,85.3,31.97,1007.7,19.3,42.1%,0.85,3.44,25.2,2.22,0.1,EVALUATING ⏳,2.5,
Hr 01,Min 15,2026-08-28 12:15 PST,27.37,85.5,31.93,1007.7,19.2,42.0%,0.85,3.44,25.2,2.17,0.1,EVALUATING ⏳,2.5,15-MIN CHECKPOINT (Min 15)
Hr 01,Min 16,2026-08-28 12:16 PST,27.32,85.7,31.89,1007.7,19.1,42.0%,0.84,3.44,25.2,2.12,0.1,EVALUATING ⏳,2.5,
Hr 01,Min 17,2026-08-28 12:17 PST,27.27,85.8,31.85,1007.8,18.9,42.0%,0.84,3.44,25.2,2.07,0.1,EVALUATING ⏳,2.5,
Hr 01,Min 18,2026-08-28 12:18 PST,27.22,86.0,31.81,1007.8,18.8,41.9%,0.83,3.44,25.2,2.02,0.1,EVALUATING ⏳,2.5,
Hr 01,Min 19,2026-08-28 12:19 PST,27.17,86.2,31.77,1007.8,18.7,41.9%,0.83,3.44,25.2,1.97,0.1,EVALUATING ⏳,2.5,
Hr 01,Min 20,2026-08-28 12:20 PST,27.12,86.3,31.73,1007.8,18.5,41.9%,0.82,3.44,25.2,1.92,0.1,EVALUATING ⏳,2.5,
Hr 01,Min 21,2026-08-28 12:21 PST,27.07,86.5,31.69,1007.9,18.4,41.8%,0.82,3.44,25.2,1.87,0.1,EVALUATING ⏳,2.5,
Hr 01,Min 22,2026-08-28 12:22 PST,27.02,86.7,31.65,1007.9,18.3,41.8%,0.81,3.45,25.2,1.82,0.1,EVALUATING ⏳,2.5,
Hr 01,Min 23,2026-08-28 12:23 PST,26.98,86.8,31.62,1007.9,18.1,41.7%,0.81,3.45,25.2,1.78,0.1,EVALUATING ⏳,2.5,
Hr 01,Min 24,2026-08-28 12:24 PST,26.93,87.0,31.59,1007.9,18.0,41.7%,0.8,3.45,25.2,1.73,0.1,EVALUATING ⏳,2.5,
Hr 01,Min 25,2026-08-28 12:25 PST,26.88,87.2,31.55,1008.0,17.9,41.6%,0.8,3.45,25.2,1.68,0.1,EVALUATING ⏳,2.5,
Hr 01,Min 26,2026-08-28 12:26 PST,26.83,87.3,31.51,1008.0,17.7,41.6%,0.79,3.45,25.2,1.63,0.1,EVALUATING ⏳,2.5,
Hr 01,Min 27,2026-08-28 12:27 PST,26.78,87.5,31.47,1008.0,17.6,41.6%,0.79,3.45,25.2,1.58,0.1,EVALUATING ⏳,2.5,
Hr 01,Min 28,2026-08-28 12:28 PST,26.73,87.7,31.43,1008.0,17.5,41.5%,0.78,3.45,25.2,1.53,0.1,EVALUATING ⏳,2.5,
Hr 01,Min 29,2026-08-28 12:29 PST,26.68,87.8,31.39,1008.1,17.3,41.5%,0.78,3.45,25.2,1.48,0.1,EVALUATING ⏳,2.5,
Hr 01,Min 30,2026-08-28 12:30 PST,26.63,88.0,31.35,1008.1,17.2,41.4%,0.77,3.45,25.2,1.43,0.1,EVALUATING ⏳,2.5,15-MIN CHECKPOINT (Min 30)
Hr 01,Min 31,2026-08-28 12:31 PST,26.58,88.2,31.31,1008.1,17.1,41.4%,0.77,3.45,25.2,1.38,0.1,EVALUATING ⏳,2.5,
Hr 01,Min 32,2026-08-28 12:32 PST,26.54,88.3,31.28,1008.2,16.9,41.4%,0.76,3.46,25.2,1.34,0.1,EVALUATING ⏳,2.5,
Hr 01,Min 33,2026-08-28 12:33 PST,26.49,88.5,31.24,1008.2,16.8,41.3%,0.76,3.46,25.2,1.29,0.1,EVALUATING ⏳,2.5,
Hr 01,Min 34,2026-08-28 12:34 PST,26.44,88.7,31.2,1008.2,16.7,41.3%,0.75,3.46,25.2,1.24,0.1,EVALUATING ⏳,2.5,
Hr 01,Min 35,2026-08-28 12:35 PST,26.39,88.8,31.16,1008.2,16.5,41.2%,0.75,3.46,25.2,1.19,0.1,EVALUATING ⏳,2.5,
Hr 01,Min 36,2026-08-28 12:36 PST,26.34,89.0,31.12,1008.3,16.4,41.2%,0.74,3.46,25.2,1.14,0.1,EVALUATING ⏳,2.5,
Hr 01,Min 37,2026-08-28 12:37 PST,26.29,89.2,31.09,1008.3,16.3,41.1%,0.74,3.46,25.2,1.09,0.1,EVALUATING ⏳,2.5,
Hr 01,Min 38,2026-08-28 12:38 PST,26.24,89.3,31.05,1008.3,16.1,41.1%,0.73,3.46,25.2,1.04,0.1,EVALUATING ⏳,2.5,
Hr 01,Min 39,2026-08-28 12:39 PST,26.19,89.5,31.01,1008.3,16.0,41.0%,0.73,3.46,25.2,0.99,0.1,EVALUATING ⏳,2.5,
Hr 01,Min 40,2026-08-28 12:40 PST,26.14,89.7,30.97,1008.4,15.9,41.0%,0.72,3.46,25.2,0.94,0.1,EVALUATING ⏳,2.5,
Hr 01,Min 41,2026-08-28 12:41 PST,26.1,89.8,30.94,1008.4,15.7,41.0%,0.72,3.46,25.2,0.9,0.1,EVALUATING ⏳,2.5,
Hr 01,Min 42,2026-08-28 12:42 PST,26.05,90.0,30.9,1008.4,15.6,40.9%,0.71,3.46,25.2,0.85,0.1,EVALUATING ⏳,2.5,
Hr 01,Min 43,2026-08-28 12:43 PST,26.0,90.2,30.86,1008.4,15.5,40.9%,0.71,3.46,25.2,0.8,0.1,EVALUATING ⏳,2.5,
Hr 01,Min 44,2026-08-28 12:44 PST,25.95,90.3,30.82,1008.5,15.3,40.8%,0.7,3.46,25.2,0.75,0.1,EVALUATING ⏳,2.5,
Hr 01,Min 45,2026-08-28 12:45 PST,25.9,90.5,30.78,1008.5,15.2,40.8%,0.69,3.46,25.2,0.7,0.1,EVALUATING ⏳,2.5,15-MIN CHECKPOINT (Min 45)
Hr 01,Min 46,2026-08-28 12:46 PST,25.85,90.7,30.74,1008.5,15.1,40.7%,0.69,3.47,25.2,0.65,0.1,EVALUATING ⏳,2.5,
Hr 01,Min 47,2026-08-28 12:47 PST,25.8,90.8,30.7,1008.6,14.9,40.7%,0.68,3.47,25.2,0.6,0.1,EVALUATING ⏳,2.5,
Hr 01,Min 48,2026-08-28 12:48 PST,25.75,91.0,30.66,1008.6,14.8,40.7%,0.68,3.47,25.2,0.55,0.1,EVALUATING ⏳,2.5,
Hr 01,Min 49,2026-08-28 12:49 PST,25.7,91.2,30.63,1008.6,14.7,40.6%,0.67,3.47,25.2,0.5,0.1,EVALUATING ⏳,2.5,
Hr 01,Min 50,2026-08-28 12:50 PST,25.66,91.3,30.6,1008.6,14.5,40.6%,0.67,3.47,25.2,0.46,0.1,EVALUATING ⏳,2.5,
Hr 01,Min 51,2026-08-28 12:51 PST,25.61,91.5,30.56,1008.7,14.4,40.5%,0.66,3.47,25.2,0.41,0.1,EVALUATING ⏳,2.5,
Hr 01,Min 52,2026-08-28 12:52 PST,25.56,91.7,30.52,1008.7,14.3,40.5%,0.66,3.47,25.2,0.36,0.1,EVALUATING ⏳,2.5,
Hr 01,Min 53,2026-08-28 12:53 PST,25.51,91.8,30.48,1008.7,14.1,40.5%,0.65,3.47,25.2,0.31,0.1,EVALUATING ⏳,2.5,
Hr 01,Min 54,2026-08-28 12:54 PST,25.46,92.0,30.44,1008.7,14.0,40.4%,0.65,3.47,25.2,0.26,0.1,EVALUATING ⏳,2.5,
Hr 01,Min 55,2026-08-28 12:55 PST,25.41,92.2,30.4,1008.8,13.9,40.4%,0.64,3.47,25.2,0.21,0.1,EVALUATING ⏳,2.5,
Hr 01,Min 56,2026-08-28 12:56 PST,25.36,92.3,30.36,1008.8,13.7,40.3%,0.64,3.47,25.2,0.16,0.1,EVALUATING ⏳,2.5,
Hr 01,Min 57,2026-08-28 12:57 PST,25.31,92.5,30.32,1008.8,13.6,40.3%,0.63,3.47,25.2,0.11,0.1,EVALUATING ⏳,2.5,
Hr 01,Min 58,2026-08-28 12:58 PST,25.26,92.7,30.28,1008.8,13.5,40.3%,0.63,3.47,25.2,0.06,0.1,EVALUATING ⏳,2.5,
Hr 01,Min 59,2026-08-28 12:59 PST,25.22,92.8,30.25,1008.9,13.3,40.2%,0.63,3.47,25.2,0.02,0.1,EVALUATING ⏳,2.5,
Hr 01,Min 60,2026-08-28 13:00 PST,25.17,93.0,30.22,1008.9,13.2,40.2%,0.62,3.47,25.2,0.03,0.1,EVALUATING ⏳,2.5,15-MIN CHECKPOINT (Min 60)
Hr 02,Min 01,2026-08-28 13:01 PST,25.17,93.0,30.22,1008.9,13.2,39.8%,0.58,3.48,25.3,0.13,0.0,MATCH ✅,2.5,
Hr 02,Min 02,2026-08-28 13:02 PST,25.17,93.0,30.22,1008.9,13.2,39.8%,0.57,3.48,25.3,0.13,0.0,MATCH ✅,2.5,
Hr 02,Min 03,2026-08-28 13:03 PST,25.17,93.0,30.22,1008.9,13.2,39.7%,0.57,3.48,25.3,0.13,0.0,MATCH ✅,2.5,
Hr 02,Min 04,2026-08-28 13:04 PST,25.17,93.1,30.22,1008.8,13.2,39.7%,0.56,3.48,25.3,0.13,0.0,MATCH ✅,2.5,
Hr 02,Min 05,2026-08-28 13:05 PST,25.17,93.1,30.22,1008.8,13.2,39.7%,0.56,3.48,25.3,0.13,0.0,MATCH ✅,2.5,
Hr 02,Min 06,2026-08-28 13:06 PST,25.17,93.1,30.22,1008.8,13.3,39.6%,0.55,3.48,25.3,0.13,0.0,MATCH ✅,2.5,
Hr 02,Min 07,2026-08-28 13:07 PST,25.17,93.1,30.22,1008.8,13.3,39.6%,0.55,3.48,25.3,0.13,0.0,MATCH ✅,2.5,
Hr 02,Min 08,2026-08-28 13:08 PST,25.18,93.1,30.23,1008.8,13.3,39.5%,0.54,3.48,25.3,0.12,0.0,MATCH ✅,2.5,
Hr 02,Min 09,2026-08-28 13:09 PST,25.18,93.2,30.23,1008.8,13.3,39.5%,0.54,3.48,25.3,0.12,0.0,MATCH ✅,2.5,
Hr 02,Min 10,2026-08-28 13:10 PST,25.18,93.2,30.24,1008.8,13.3,39.5%,0.54,3.48,25.3,0.12,0.0,MATCH ✅,2.5,
Hr 02,Min 11,2026-08-28 13:11 PST,25.18,93.2,30.24,1008.7,13.3,39.4%,0.53,3.48,25.3,0.12,0.0,MATCH ✅,2.5,
Hr 02,Min 12,2026-08-28 13:12 PST,25.18,93.2,30.24,1008.7,13.3,39.4%,0.53,3.48,25.3,0.12,0.0,MATCH ✅,2.5,
Hr 02,Min 13,2026-08-28 13:13 PST,25.18,93.2,30.24,1008.7,13.3,39.3%,0.52,3.48,25.3,0.12,0.0,MATCH ✅,2.5,
Hr 02,Min 14,2026-08-28 13:14 PST,25.18,93.2,30.24,1008.7,13.3,39.3%,0.52,3.48,25.3,0.12,0.0,MATCH ✅,2.5,
Hr 02,Min 15,2026-08-28 13:15 PST,25.18,93.2,30.24,1008.7,13.3,39.3%,0.51,3.48,25.3,0.12,0.0,MATCH ✅,2.5,15-MIN CHECKPOINT (Min 15)
Hr 02,Min 16,2026-08-28 13:16 PST,25.18,93.3,30.24,1008.7,13.4,39.2%,0.51,3.48,25.3,0.12,0.0,MATCH ✅,2.5,
Hr 02,Min 17,2026-08-28 13:17 PST,25.19,93.3,30.25,1008.6,13.4,39.2%,0.5,3.48,25.3,0.11,0.0,MATCH ✅,2.5,
Hr 02,Min 18,2026-08-28 13:18 PST,25.19,93.3,30.25,1008.6,13.4,39.2%,0.5,3.48,25.3,0.11,0.0,MATCH ✅,2.5,
Hr 02,Min 19,2026-08-28 13:19 PST,25.19,93.3,30.26,1008.6,13.4,39.1%,0.49,3.48,25.3,0.11,0.0,MATCH ✅,2.5,
Hr 02,Min 20,2026-08-28 13:20 PST,25.19,93.3,30.26,1008.6,13.4,39.1%,0.49,3.48,25.3,0.11,0.0,MATCH ✅,2.5,
Hr 02,Min 21,2026-08-28 13:21 PST,25.19,93.3,30.26,1008.6,13.4,39.0%,0.48,3.48,25.3,0.11,0.0,MATCH ✅,2.5,
Hr 02,Min 22,2026-08-28 13:22 PST,25.19,93.4,30.26,1008.6,13.4,39.0%,0.48,3.48,25.3,0.11,0.0,MATCH ✅,2.5,
Hr 02,Min 23,2026-08-28 13:23 PST,25.19,93.4,30.26,1008.6,13.4,39.0%,0.48,3.48,25.3,0.11,0.0,MATCH ✅,2.5,
Hr 02,Min 24,2026-08-28 13:24 PST,25.19,93.4,30.26,1008.5,13.4,38.9%,0.47,3.48,25.3,0.11,0.0,MATCH ✅,2.5,
Hr 02,Min 25,2026-08-28 13:25 PST,25.2,93.4,30.27,1008.5,13.4,38.9%,0.47,3.48,25.3,0.1,0.0,MATCH ✅,2.5,
Hr 02,Min 26,2026-08-28 13:26 PST,25.2,93.4,30.27,1008.5,13.5,38.9%,0.46,3.48,25.3,0.1,0.0,MATCH ✅,2.5,
Hr 02,Min 27,2026-08-28 13:27 PST,25.2,93.5,30.27,1008.5,13.5,38.8%,0.46,3.48,25.3,0.1,0.0,MATCH ✅,2.5,
Hr 02,Min 28,2026-08-28 13:28 PST,25.2,93.5,30.28,1008.5,13.5,38.8%,0.45,3.48,25.3,0.1,0.0,MATCH ✅,2.5,
Hr 02,Min 29,2026-08-28 13:29 PST,25.2,93.5,30.28,1008.5,13.5,38.7%,0.45,3.48,25.3,0.1,0.0,MATCH ✅,2.5,
Hr 02,Min 30,2026-08-28 13:30 PST,25.2,93.5,30.28,1008.5,13.5,38.7%,0.45,3.48,25.3,0.1,0.0,MATCH ✅,2.5,15-MIN CHECKPOINT (Min 30)
Hr 02,Min 31,2026-08-28 13:31 PST,25.2,93.5,30.28,1008.4,13.5,38.7%,0.44,3.48,25.3,0.1,0.0,MATCH ✅,2.5,
Hr 02,Min 32,2026-08-28 13:32 PST,25.2,93.5,30.28,1008.4,13.5,38.6%,0.44,3.48,25.3,0.1,0.0,MATCH ✅,2.5,
Hr 02,Min 33,2026-08-28 13:33 PST,25.21,93.5,30.29,1008.4,13.5,38.6%,0.43,3.48,25.3,0.09,0.0,MATCH ✅,2.5,
Hr 02,Min 34,2026-08-28 13:34 PST,25.21,93.6,30.29,1008.4,13.5,38.6%,0.43,3.48,25.3,0.09,0.0,MATCH ✅,2.5,
Hr 02,Min 35,2026-08-28 13:35 PST,25.21,93.6,30.29,1008.4,13.6,38.5%,0.42,3.48,25.3,0.09,0.0,MATCH ✅,2.5,
Hr 02,Min 36,2026-08-28 13:36 PST,25.21,93.6,30.29,1008.4,13.6,38.5%,0.42,3.48,25.3,0.09,0.0,MATCH ✅,2.5,
Hr 02,Min 37,2026-08-28 13:37 PST,25.21,93.6,30.3,1008.3,13.6,38.5%,0.42,3.48,25.3,0.09,0.0,MATCH ✅,2.5,
Hr 02,Min 38,2026-08-28 13:38 PST,25.21,93.6,30.3,1008.3,13.6,38.4%,0.41,3.48,25.3,0.09,0.0,MATCH ✅,2.5,
Hr 02,Min 39,2026-08-28 13:39 PST,25.21,93.7,30.3,1008.3,13.6,38.4%,0.41,3.48,25.3,0.09,0.0,MATCH ✅,2.5,
Hr 02,Min 40,2026-08-28 13:40 PST,25.21,93.7,30.3,1008.3,13.6,38.4%,0.4,3.48,25.3,0.09,0.0,MATCH ✅,2.5,
Hr 02,Min 41,2026-08-28 13:41 PST,25.22,93.7,30.31,1008.3,13.6,38.3%,0.4,3.48,25.3,0.08,0.0,MATCH ✅,2.5,
Hr 02,Min 42,2026-08-28 13:42 PST,25.22,93.7,30.31,1008.3,13.6,38.3%,0.39,3.48,25.3,0.08,0.0,MATCH ✅,2.5,
Hr 02,Min 43,2026-08-28 13:43 PST,25.22,93.7,30.31,1008.3,13.6,38.3%,0.39,3.48,25.3,0.08,0.0,MATCH ✅,2.5,
Hr 02,Min 44,2026-08-28 13:44 PST,25.22,93.7,30.31,1008.2,13.6,38.2%,0.39,3.48,25.3,0.08,0.0,MATCH ✅,2.5,
Hr 02,Min 45,2026-08-28 13:45 PST,25.22,93.8,30.31,1008.2,13.7,38.2%,0.38,3.48,25.3,0.08,0.0,MATCH ✅,2.5,15-MIN CHECKPOINT (Min 45)
Hr 02,Min 46,2026-08-28 13:46 PST,25.22,93.8,30.31,1008.2,13.7,38.2%,0.38,3.48,25.3,0.08,0.0,MATCH ✅,2.5,
Hr 02,Min 47,2026-08-28 13:47 PST,25.22,93.8,30.32,1008.2,13.7,38.1%,0.37,3.48,25.3,0.08,0.0,MATCH ✅,2.5,
Hr 02,Min 48,2026-08-28 13:48 PST,25.22,93.8,30.32,1008.2,13.7,38.1%,0.37,3.48,25.3,0.08,0.0,MATCH ✅,2.5,
Hr 02,Min 49,2026-08-28 13:49 PST,25.23,93.8,30.33,1008.2,13.7,38.1%,0.37,3.48,25.3,0.07,0.0,MATCH ✅,2.5,
Hr 02,Min 50,2026-08-28 13:50 PST,25.23,93.8,30.33,1008.1,13.7,38.0%,0.36,3.48,25.3,0.07,0.0,MATCH ✅,2.5,
Hr 02,Min 51,2026-08-28 13:51 PST,25.23,93.8,30.33,1008.1,13.7,38.0%,0.36,3.48,25.3,0.07,0.0,MATCH ✅,2.5,
Hr 02,Min 52,2026-08-28 13:52 PST,25.23,93.9,30.33,1008.1,13.7,38.0%,0.36,3.48,25.3,0.07,0.0,MATCH ✅,2.5,
Hr 02,Min 53,2026-08-28 13:53 PST,25.23,93.9,30.33,1008.1,13.7,37.9%,0.35,3.48,25.3,0.07,0.0,MATCH ✅,2.5,
Hr 02,Min 54,2026-08-28 13:54 PST,25.23,93.9,30.33,1008.1,13.7,37.9%,0.35,3.48,25.3,0.07,0.0,MATCH ✅,2.5,
Hr 02,Min 55,2026-08-28 13:55 PST,25.23,93.9,30.33,1008.1,13.8,37.9%,0.34,3.48,25.3,0.07,0.0,MATCH ✅,2.5,
Hr 02,Min 56,2026-08-28 13:56 PST,25.23,93.9,30.34,1008.1,13.8,37.8%,0.34,3.48,25.3,0.07,0.0,MATCH ✅,2.5,
Hr 02,Min 57,2026-08-28 13:57 PST,25.24,94.0,30.35,1008.0,13.8,37.8%,0.34,3.48,25.3,0.06,0.0,MATCH ✅,2.5,
Hr 02,Min 58,2026-08-28 13:58 PST,25.24,94.0,30.35,1008.0,13.8,37.8%,0.33,3.48,25.3,0.06,0.0,MATCH ✅,2.5,
Hr 02,Min 59,2026-08-28 13:59 PST,25.24,94.0,30.35,1008.0,13.8,37.7%,0.33,3.48,25.3,0.06,0.0,MATCH ✅,2.5,
Hr 02,Min 60,2026-08-28 14:00 PST,25.24,94.0,30.35,1008.0,13.8,37.7%,0.32,3.48,25.3,0.06,0.0,MATCH ✅,2.5,15-MIN CHECKPOINT (Min 60)
Hr 03,Min 01,2026-08-28 14:01 PST,25.24,94.0,30.35,1008.0,13.8,37.3%,0.27,3.48,25.6,0.36,0.0,MATCH ✅,2.5,
Hr 03,Min 02,2026-08-28 14:02 PST,25.25,94.0,30.36,1008.0,13.8,37.2%,0.27,3.48,25.6,0.35,0.0,MATCH ✅,2.5,
Hr 03,Min 03,2026-08-28 14:03 PST,25.25,94.0,30.36,1008.0,13.8,37.2%,0.26,3.48,25.6,0.35,0.0,MATCH ✅,2.5,
Hr 03,Min 04,2026-08-28 14:04 PST,25.26,94.0,30.37,1008.0,13.8,37.2%,0.26,3.48,25.6,0.34,0.0,MATCH ✅,2.5,
Hr 03,Min 05,2026-08-28 14:05 PST,25.26,94.0,30.37,1008.0,13.8,37.1%,0.26,3.48,25.6,0.34,0.0,MATCH ✅,2.5,
Hr 03,Min 06,2026-08-28 14:06 PST,25.27,94.0,30.38,1008.0,13.8,37.1%,0.25,3.48,25.6,0.33,0.0,MATCH ✅,2.5,
Hr 03,Min 07,2026-08-28 14:07 PST,25.27,94.0,30.38,1008.0,13.8,37.1%,0.25,3.48,25.6,0.33,0.0,MATCH ✅,2.5,
Hr 03,Min 08,2026-08-28 14:08 PST,25.28,94.0,30.39,1008.0,13.8,37.0%,0.24,3.48,25.6,0.32,0.0,MATCH ✅,2.5,
Hr 03,Min 09,2026-08-28 14:09 PST,25.28,94.0,30.39,1008.0,13.8,37.0%,0.24,3.48,25.6,0.32,0.0,MATCH ✅,2.5,
Hr 03,Min 10,2026-08-28 14:10 PST,25.29,94.0,30.4,1008.0,13.8,37.0%,0.24,3.48,25.6,0.31,0.0,MATCH ✅,2.5,
Hr 03,Min 11,2026-08-28 14:11 PST,25.29,94.0,30.4,1008.0,13.7,36.9%,0.23,3.48,25.6,0.31,0.0,MATCH ✅,2.5,
Hr 03,Min 12,2026-08-28 14:12 PST,25.29,94.0,30.4,1008.0,13.7,36.9%,0.23,3.48,25.6,0.31,0.0,MATCH ✅,2.5,
Hr 03,Min 13,2026-08-28 14:13 PST,25.3,94.0,30.41,1008.0,13.7,36.9%,0.22,3.48,25.6,0.3,0.0,MATCH ✅,2.5,
Hr 03,Min 14,2026-08-28 14:14 PST,25.3,94.0,30.41,1008.0,13.7,36.8%,0.22,3.48,25.6,0.3,0.0,MATCH ✅,2.5,
Hr 03,Min 15,2026-08-28 14:15 PST,25.31,94.0,30.42,1008.0,13.7,36.8%,0.22,3.48,25.6,0.29,0.0,MATCH ✅,2.5,15-MIN CHECKPOINT (Min 15)
Hr 03,Min 16,2026-08-28 14:16 PST,25.31,94.0,30.42,1007.9,13.7,36.8%,0.21,3.48,25.6,0.29,0.0,MATCH ✅,2.5,
Hr 03,Min 17,2026-08-28 14:17 PST,25.32,94.0,30.43,1007.9,13.7,36.7%,0.21,3.48,25.6,0.28,0.0,MATCH ✅,2.5,
Hr 03,Min 18,2026-08-28 14:18 PST,25.32,94.0,30.43,1007.9,13.7,36.7%,0.21,3.48,25.6,0.28,0.0,MATCH ✅,2.5,
Hr 03,Min 19,2026-08-28 14:19 PST,25.33,94.0,30.44,1007.9,13.7,36.7%,0.2,3.48,25.6,0.27,0.0,MATCH ✅,2.5,
Hr 03,Min 20,2026-08-28 14:20 PST,25.33,94.0,30.44,1007.9,13.7,36.7%,0.2,3.48,25.6,0.27,0.0,MATCH ✅,2.5,
Hr 03,Min 21,2026-08-28 14:21 PST,25.34,94.0,30.45,1007.9,13.7,36.6%,0.19,3.48,25.6,0.26,0.0,MATCH ✅,2.5,
Hr 03,Min 22,2026-08-28 14:22 PST,25.34,94.0,30.45,1007.9,13.7,36.6%,0.19,3.48,25.6,0.26,0.0,MATCH ✅,2.5,
Hr 03,Min 23,2026-08-28 14:23 PST,25.35,94.0,30.46,1007.9,13.7,36.6%,0.19,3.48,25.6,0.25,0.0,MATCH ✅,2.5,
Hr 03,Min 24,2026-08-28 14:24 PST,25.35,94.0,30.46,1007.9,13.7,36.5%,0.18,3.48,25.6,0.25,0.0,MATCH ✅,2.5,
Hr 03,Min 25,2026-08-28 14:25 PST,25.36,94.0,30.47,1007.9,13.7,36.5%,0.18,3.48,25.6,0.24,0.0,MATCH ✅,2.5,
Hr 03,Min 26,2026-08-28 14:26 PST,25.36,94.0,30.47,1007.9,13.7,36.5%,0.18,3.48,25.6,0.24,0.0,MATCH ✅,2.5,
Hr 03,Min 27,2026-08-28 14:27 PST,25.36,94.0,30.47,1007.9,13.7,36.4%,0.17,3.48,25.6,0.24,0.0,MATCH ✅,2.5,
Hr 03,Min 28,2026-08-28 14:28 PST,25.37,94.0,30.48,1007.9,13.7,36.4%,0.17,3.48,25.6,0.23,0.0,MATCH ✅,2.5,
Hr 03,Min 29,2026-08-28 14:29 PST,25.37,94.0,30.48,1007.9,13.7,36.4%,0.17,3.48,25.6,0.23,0.0,MATCH ✅,2.5,
Hr 03,Min 30,2026-08-28 14:30 PST,25.38,94.0,30.49,1007.9,13.7,36.4%,0.16,3.48,25.6,0.22,0.0,MATCH ✅,2.5,15-MIN CHECKPOINT (Min 30)
Hr 03,Min 31,2026-08-28 14:31 PST,25.38,94.0,30.49,1007.9,13.6,36.3%,0.16,3.48,25.6,0.22,0.0,MATCH ✅,2.5,
Hr 03,Min 32,2026-08-28 14:32 PST,25.39,94.0,30.5,1007.9,13.6,36.3%,0.16,3.48,25.6,0.21,0.0,MATCH ✅,2.5,
Hr 03,Min 33,2026-08-28 14:33 PST,25.39,94.0,30.5,1007.9,13.6,36.3%,0.15,3.48,25.6,0.21,0.0,MATCH ✅,2.5,
Hr 03,Min 34,2026-08-28 14:34 PST,25.4,94.0,30.51,1007.9,13.6,36.3%,0.15,3.48,25.6,0.2,0.0,MATCH ✅,2.5,
Hr 03,Min 35,2026-08-28 14:35 PST,25.4,94.0,30.51,1007.9,13.6,36.2%,0.15,3.48,25.6,0.2,0.0,MATCH ✅,2.5,
Hr 03,Min 36,2026-08-28 14:36 PST,25.41,94.0,30.52,1007.9,13.6,36.2%,0.14,3.48,25.6,0.19,0.0,MATCH ✅,2.5,
Hr 03,Min 37,2026-08-28 14:37 PST,25.41,94.0,30.52,1007.9,13.6,36.2%,0.14,3.48,25.6,0.19,0.0,MATCH ✅,2.5,
Hr 03,Min 38,2026-08-28 14:38 PST,25.42,94.0,30.53,1007.9,13.6,36.1%,0.14,3.48,25.6,0.18,0.0,MATCH ✅,2.5,
Hr 03,Min 39,2026-08-28 14:39 PST,25.42,94.0,30.53,1007.9,13.6,36.1%,0.13,3.48,25.6,0.18,0.0,MATCH ✅,2.5,
Hr 03,Min 40,2026-08-28 14:40 PST,25.43,94.0,30.54,1007.9,13.6,36.1%,0.13,3.48,25.6,0.17,0.0,MATCH ✅,2.5,
Hr 03,Min 41,2026-08-28 14:41 PST,25.43,94.0,30.54,1007.9,13.6,36.1%,0.13,3.48,25.6,0.17,0.0,MATCH ✅,2.5,
Hr 03,Min 42,2026-08-28 14:42 PST,25.44,94.0,30.55,1007.9,13.6,36.0%,0.13,3.48,25.6,0.16,0.0,MATCH ✅,2.5,
Hr 03,Min 43,2026-08-28 14:43 PST,25.44,94.0,30.55,1007.9,13.6,36.0%,0.12,3.48,25.6,0.16,0.0,MATCH ✅,2.5,
Hr 03,Min 44,2026-08-28 14:44 PST,25.45,94.0,30.56,1007.9,13.6,36.0%,0.12,3.48,25.6,0.15,0.0,MATCH ✅,2.5,
Hr 03,Min 45,2026-08-28 14:45 PST,25.45,94.0,30.56,1007.8,13.6,36.0%,0.12,3.48,25.6,0.15,0.0,MATCH ✅,2.5,15-MIN CHECKPOINT (Min 45)
Hr 03,Min 46,2026-08-28 14:46 PST,25.45,94.0,30.56,1007.8,13.6,35.9%,0.11,3.48,25.6,0.15,0.0,MATCH ✅,2.5,
Hr 03,Min 47,2026-08-28 14:47 PST,25.46,94.0,30.57,1007.8,13.6,35.9%,0.11,3.48,25.6,0.14,0.0,MATCH ✅,2.5,
Hr 03,Min 48,2026-08-28 14:48 PST,25.46,94.0,30.57,1007.8,13.6,35.9%,0.11,3.47,25.6,0.14,0.0,MATCH ✅,2.5,
Hr 03,Min 49,2026-08-28 14:49 PST,25.47,94.0,30.58,1007.8,13.6,35.9%,0.11,3.47,25.6,0.13,0.0,MATCH ✅,2.5,
Hr 03,Min 50,2026-08-28 14:50 PST,25.47,94.0,30.58,1007.8,13.6,35.9%,0.1,3.47,25.6,0.13,0.0,MATCH ✅,2.5,
Hr 03,Min 51,2026-08-28 14:51 PST,25.48,94.0,30.59,1007.8,13.5,35.8%,0.1,3.47,25.6,0.12,0.0,MATCH ✅,2.5,
Hr 03,Min 52,2026-08-28 14:52 PST,25.48,94.0,30.59,1007.8,13.5,35.8%,0.1,3.47,25.6,0.12,0.0,MATCH ✅,2.5,
Hr 03,Min 53,2026-08-28 14:53 PST,25.49,94.0,30.6,1007.8,13.5,35.8%,0.09,3.47,25.6,0.11,0.0,MATCH ✅,2.5,
Hr 03,Min 54,2026-08-28 14:54 PST,25.49,94.0,30.6,1007.8,13.5,35.8%,0.09,3.47,25.6,0.11,0.0,MATCH ✅,2.5,
Hr 03,Min 55,2026-08-28 14:55 PST,25.5,94.0,30.61,1007.8,13.5,35.7%,0.09,3.47,25.6,0.1,0.0,MATCH ✅,2.5,
Hr 03,Min 56,2026-08-28 14:56 PST,25.5,94.0,30.61,1007.8,13.5,35.7%,0.09,3.47,25.6,0.1,0.0,MATCH ✅,2.5,
Hr 03,Min 57,2026-08-28 14:57 PST,25.51,94.0,30.62,1007.8,13.5,35.7%,0.08,3.47,25.6,0.09,0.0,MATCH ✅,2.5,
Hr 03,Min 58,2026-08-28 14:58 PST,25.51,94.0,30.62,1007.8,13.5,35.7%,0.08,3.47,25.6,0.09,0.0,MATCH ✅,2.5,
Hr 03,Min 59,2026-08-28 14:59 PST,25.52,94.0,30.63,1007.8,13.5,35.7%,0.08,3.47,25.6,0.08,0.0,MATCH ✅,2.5,
Hr 03,Min 60,2026-08-28 15:00 PST,25.52,94.0,30.63,1007.8,13.5,35.6%,0.08,3.47,25.6,0.08,0.0,MATCH ✅,2.5,15-MIN CHECKPOINT (Min 60)
Hr 04,Min 01,2026-08-28 15:01 PST,25.52,94.0,30.63,1007.8,13.6,35.1%,0.01,3.47,25.2,0.32,0.2,EVALUATING ⏳,2.5,
Hr 04,Min 02,2026-08-28 15:02 PST,25.51,93.9,30.62,1007.8,13.7,35.1%,0.01,3.47,25.2,0.31,0.2,EVALUATING ⏳,2.5,
Hr 04,Min 03,2026-08-28 15:03 PST,25.5,93.9,30.6,1007.8,13.8,35.1%,0.01,3.47,25.2,0.3,0.2,EVALUATING ⏳,2.5,
Hr 04,Min 04,2026-08-28 15:04 PST,25.49,93.9,30.59,1007.8,13.9,35.0%,0.0,3.47,25.2,0.29,0.2,EVALUATING ⏳,2.5,
Hr 04,Min 05,2026-08-28 15:05 PST,25.49,93.8,30.59,1007.8,14.0,35.0%,0.0,3.47,25.2,0.29,0.2,EVALUATING ⏳,2.5,
Hr 04,Min 06,2026-08-28 15:06 PST,25.48,93.8,30.58,1007.8,14.1,35.0%,0.0,3.47,25.2,0.28,0.2,EVALUATING ⏳,2.5,
Hr 04,Min 07,2026-08-28 15:07 PST,25.47,93.8,30.56,1007.7,14.2,35.0%,0.0,3.47,25.2,0.27,0.2,EVALUATING ⏳,2.5,
Hr 04,Min 08,2026-08-28 15:08 PST,25.47,93.7,30.56,1007.7,14.3,34.9%,0.0,3.47,25.2,0.27,0.2,EVALUATING ⏳,2.5,
Hr 04,Min 09,2026-08-28 15:09 PST,25.46,93.7,30.55,1007.7,14.4,34.9%,0.0,3.47,25.2,0.26,0.2,EVALUATING ⏳,2.5,
Hr 04,Min 10,2026-08-28 15:10 PST,25.45,93.7,30.54,1007.7,14.4,34.9%,0.0,3.46,25.2,0.25,0.2,EVALUATING ⏳,2.5,
Hr 04,Min 11,2026-08-28 15:11 PST,25.45,93.6,30.54,1007.7,14.5,34.8%,0.0,3.46,25.2,0.25,0.2,EVALUATING ⏳,2.5,
Hr 04,Min 12,2026-08-28 15:12 PST,25.44,93.6,30.52,1007.7,14.6,34.8%,0.0,3.46,25.2,0.24,0.2,EVALUATING ⏳,2.5,
Hr 04,Min 13,2026-08-28 15:13 PST,25.43,93.6,30.51,1007.7,14.7,34.8%,0.0,3.46,25.2,0.23,0.2,EVALUATING ⏳,2.5,
Hr 04,Min 14,2026-08-28 15:14 PST,25.43,93.5,30.51,1007.7,14.8,34.8%,0.0,3.46,25.2,0.23,0.2,EVALUATING ⏳,2.5,
Hr 04,Min 15,2026-08-28 15:15 PST,25.42,93.5,30.5,1007.7,14.9,34.7%,0.0,3.46,25.2,0.22,0.2,EVALUATING ⏳,2.5,15-MIN CHECKPOINT (Min 15)
Hr 04,Min 16,2026-08-28 15:16 PST,25.41,93.5,30.49,1007.7,15.0,34.7%,0.0,3.46,25.2,0.21,0.2,EVALUATING ⏳,2.5,
Hr 04,Min 17,2026-08-28 15:17 PST,25.4,93.4,30.47,1007.7,15.1,34.7%,0.0,3.46,25.2,0.2,0.2,EVALUATING ⏳,2.5,
Hr 04,Min 18,2026-08-28 15:18 PST,25.4,93.4,30.47,1007.6,15.2,34.6%,0.0,3.46,25.2,0.2,0.2,EVALUATING ⏳,2.5,
Hr 04,Min 19,2026-08-28 15:19 PST,25.39,93.4,30.46,1007.6,15.3,34.6%,0.0,3.46,25.2,0.19,0.2,EVALUATING ⏳,2.5,
Hr 04,Min 20,2026-08-28 15:20 PST,25.38,93.3,30.45,1007.6,15.4,34.6%,0.0,3.46,25.2,0.18,0.2,EVALUATING ⏳,2.5,
Hr 04,Min 21,2026-08-28 15:21 PST,25.38,93.3,30.44,1007.6,15.5,34.5%,0.0,3.46,25.2,0.18,0.2,EVALUATING ⏳,2.5,
Hr 04,Min 22,2026-08-28 15:22 PST,25.37,93.3,30.43,1007.6,15.6,34.5%,0.0,3.46,25.2,0.17,0.2,EVALUATING ⏳,2.5,
Hr 04,Min 23,2026-08-28 15:23 PST,25.36,93.2,30.42,1007.6,15.7,34.5%,0.0,3.46,25.2,0.16,0.2,EVALUATING ⏳,2.5,
Hr 04,Min 24,2026-08-28 15:24 PST,25.36,93.2,30.42,1007.6,15.8,34.4%,0.0,3.46,25.2,0.16,0.2,EVALUATING ⏳,2.5,
Hr 04,Min 25,2026-08-28 15:25 PST,25.35,93.2,30.41,1007.6,15.9,34.4%,0.0,3.46,25.2,0.15,0.2,EVALUATING ⏳,2.5,
Hr 04,Min 26,2026-08-28 15:26 PST,25.34,93.1,30.39,1007.6,16.0,34.4%,0.0,3.46,25.2,0.14,0.2,EVALUATING ⏳,2.5,
Hr 04,Min 27,2026-08-28 15:27 PST,25.33,93.1,30.38,1007.6,16.1,34.3%,0.0,3.46,25.2,0.13,0.2,EVALUATING ⏳,2.5,
Hr 04,Min 28,2026-08-28 15:28 PST,25.33,93.1,30.38,1007.6,16.2,34.3%,0.0,3.46,25.2,0.13,0.2,EVALUATING ⏳,2.5,
Hr 04,Min 29,2026-08-28 15:29 PST,25.32,93.0,30.37,1007.6,16.3,34.3%,0.0,3.46,25.2,0.12,0.2,EVALUATING ⏳,2.5,
Hr 04,Min 30,2026-08-28 15:30 PST,25.31,93.0,30.35,1007.5,16.4,34.2%,0.0,3.46,25.2,0.11,0.2,EVALUATING ⏳,2.5,15-MIN CHECKPOINT (Min 30)
Hr 04,Min 31,2026-08-28 15:31 PST,25.31,93.0,30.35,1007.5,16.4,34.2%,0.0,3.46,25.2,0.11,0.2,EVALUATING ⏳,2.5,
Hr 04,Min 32,2026-08-28 15:32 PST,25.3,92.9,30.34,1007.5,16.5,34.2%,0.0,3.46,25.2,0.1,0.2,EVALUATING ⏳,2.5,
Hr 04,Min 33,2026-08-28 15:33 PST,25.29,92.9,30.33,1007.5,16.6,34.1%,0.0,3.46,25.2,0.09,0.2,EVALUATING ⏳,2.5,
Hr 04,Min 34,2026-08-28 15:34 PST,25.29,92.9,30.33,1007.5,16.7,34.1%,0.0,3.46,25.2,0.09,0.2,EVALUATING ⏳,2.5,
Hr 04,Min 35,2026-08-28 15:35 PST,25.28,92.8,30.31,1007.5,16.8,34.1%,0.0,3.46,25.2,0.08,0.2,EVALUATING ⏳,2.5,
Hr 04,Min 36,2026-08-28 15:36 PST,25.27,92.8,30.3,1007.5,16.9,34.0%,0.0,3.45,25.2,0.07,0.2,EVALUATING ⏳,2.5,
Hr 04,Min 37,2026-08-28 15:37 PST,25.26,92.8,30.29,1007.5,17.0,34.0%,0.0,3.45,25.2,0.06,0.2,EVALUATING ⏳,2.5,
Hr 04,Min 38,2026-08-28 15:38 PST,25.26,92.7,30.29,1007.5,17.1,34.0%,0.0,3.45,25.2,0.06,0.2,EVALUATING ⏳,2.5,
Hr 04,Min 39,2026-08-28 15:39 PST,25.25,92.7,30.28,1007.5,17.2,33.9%,0.0,3.45,25.2,0.05,0.2,EVALUATING ⏳,2.5,
Hr 04,Min 40,2026-08-28 15:40 PST,25.24,92.7,30.26,1007.5,17.3,33.9%,0.0,3.45,25.2,0.04,0.2,EVALUATING ⏳,2.5,
Hr 04,Min 41,2026-08-28 15:41 PST,25.24,92.6,30.26,1007.5,17.4,33.8%,0.0,3.45,25.2,0.04,0.2,EVALUATING ⏳,2.5,
Hr 04,Min 42,2026-08-28 15:42 PST,25.23,92.6,30.25,1007.4,17.5,33.8%,0.0,3.45,25.2,0.03,0.2,EVALUATING ⏳,2.5,
Hr 04,Min 43,2026-08-28 15:43 PST,25.22,92.6,30.24,1007.4,17.6,33.8%,0.0,3.45,25.2,0.02,0.2,EVALUATING ⏳,2.5,
Hr 04,Min 44,2026-08-28 15:44 PST,25.22,92.5,30.23,1007.4,17.7,33.7%,0.0,3.45,25.2,0.02,0.2,EVALUATING ⏳,2.5,
Hr 04,Min 45,2026-08-28 15:45 PST,25.21,92.5,30.22,1007.4,17.8,33.7%,0.0,3.45,25.2,0.01,0.2,EVALUATING ⏳,2.5,15-MIN CHECKPOINT (Min 45)
Hr 04,Min 46,2026-08-28 15:46 PST,25.2,92.5,30.21,1007.4,17.9,33.7%,0.0,3.45,25.2,0.0,0.2,EVALUATING ⏳,2.5,
Hr 04,Min 47,2026-08-28 15:47 PST,25.19,92.4,30.2,1007.4,18.0,33.6%,0.0,3.45,25.2,0.01,0.2,EVALUATING ⏳,2.5,
Hr 04,Min 48,2026-08-28 15:48 PST,25.19,92.4,30.2,1007.4,18.1,33.6%,0.0,3.45,25.2,0.01,0.2,EVALUATING ⏳,2.5,
Hr 04,Min 49,2026-08-28 15:49 PST,25.18,92.4,30.18,1007.4,18.2,33.5%,0.0,3.45,25.2,0.02,0.2,EVALUATING ⏳,2.5,
Hr 04,Min 50,2026-08-28 15:50 PST,25.17,92.3,30.17,1007.4,18.2,33.5%,0.0,3.45,25.2,0.03,0.2,EVALUATING ⏳,2.5,
Hr 04,Min 51,2026-08-28 15:51 PST,25.17,92.3,30.17,1007.4,18.3,33.5%,0.0,3.45,25.2,0.03,0.2,EVALUATING ⏳,2.5,
Hr 04,Min 52,2026-08-28 15:52 PST,25.16,92.3,30.16,1007.4,18.4,33.4%,0.0,3.45,25.2,0.04,0.2,EVALUATING ⏳,2.5,
Hr 04,Min 53,2026-08-28 15:53 PST,25.15,92.2,30.15,1007.4,18.5,33.4%,0.0,3.45,25.2,0.05,0.2,EVALUATING ⏳,2.5,
Hr 04,Min 54,2026-08-28 15:54 PST,25.15,92.2,30.14,1007.3,18.6,33.3%,0.0,3.45,25.2,0.05,0.2,EVALUATING ⏳,2.5,
Hr 04,Min 55,2026-08-28 15:55 PST,25.14,92.2,30.13,1007.3,18.7,33.3%,0.0,3.45,25.2,0.06,0.2,EVALUATING ⏳,2.5,
Hr 04,Min 56,2026-08-28 15:56 PST,25.13,92.1,30.12,1007.3,18.8,33.3%,0.0,3.45,25.2,0.07,0.2,EVALUATING ⏳,2.5,
Hr 04,Min 57,2026-08-28 15:57 PST,25.12,92.1,30.11,1007.3,18.9,33.2%,0.0,3.44,25.2,0.08,0.2,EVALUATING ⏳,2.5,
Hr 04,Min 58,2026-08-28 15:58 PST,25.12,92.1,30.1,1007.3,19.0,33.2%,0.0,3.44,25.2,0.08,0.2,EVALUATING ⏳,2.5,
Hr 04,Min 59,2026-08-28 15:59 PST,25.11,92.0,30.09,1007.3,19.1,33.1%,0.0,3.44,25.2,0.09,0.2,EVALUATING ⏳,2.5,
Hr 04,Min 60,2026-08-28 16:00 PST,25.1,92.0,30.08,1007.3,19.2,33.1%,0.0,3.44,25.2,0.1,0.2,EVALUATING ⏳,2.5,15-MIN CHECKPOINT (Min 60)
Hr 05,Min 01,2026-08-28 16:01 PST,25.1,92.0,30.08,1007.3,19.2,33.1%,0.0,3.44,25.0,0.1,0.3,EVALUATING ⏳,2.5,
Hr 05,Min 02,2026-08-28 16:02 PST,25.1,92.0,30.08,1007.3,19.2,33.0%,0.0,3.44,25.0,0.1,0.3,EVALUATING ⏳,2.5,
Hr 05,Min 03,2026-08-28 16:03 PST,25.09,92.0,30.07,1007.3,19.3,33.0%,0.0,3.44,25.0,0.09,0.3,EVALUATING ⏳,2.5,
Hr 05,Min 04,2026-08-28 16:04 PST,25.09,92.1,30.07,1007.3,19.3,32.9%,0.0,3.44,25.0,0.09,0.3,EVALUATING ⏳,2.5,
Hr 05,Min 05,2026-08-28 16:05 PST,25.08,92.1,30.07,1007.3,19.3,32.9%,0.0,3.44,25.0,0.08,0.3,EVALUATING ⏳,2.5,
Hr 05,Min 06,2026-08-28 16:06 PST,25.08,92.1,30.07,1007.3,19.3,32.9%,0.0,3.44,25.0,0.08,0.3,EVALUATING ⏳,2.5,
Hr 05,Min 07,2026-08-28 16:07 PST,25.08,92.1,30.07,1007.3,19.4,32.8%,0.0,3.44,25.0,0.08,0.3,EVALUATING ⏳,2.5,
Hr 05,Min 08,2026-08-28 16:08 PST,25.07,92.1,30.06,1007.3,19.4,32.8%,0.0,3.44,25.0,0.07,0.3,EVALUATING ⏳,2.5,
Hr 05,Min 09,2026-08-28 16:09 PST,25.07,92.2,30.06,1007.3,19.4,32.7%,0.0,3.44,25.0,0.07,0.3,EVALUATING ⏳,2.5,
Hr 05,Min 10,2026-08-28 16:10 PST,25.07,92.2,30.06,1007.3,19.4,32.7%,0.0,3.44,25.0,0.07,0.3,EVALUATING ⏳,2.5,
Hr 05,Min 11,2026-08-28 16:11 PST,25.06,92.2,30.05,1007.3,19.4,32.6%,0.0,3.44,25.0,0.06,0.3,EVALUATING ⏳,2.5,
Hr 05,Min 12,2026-08-28 16:12 PST,25.06,92.2,30.05,1007.3,19.5,32.6%,0.0,3.44,25.0,0.06,0.3,EVALUATING ⏳,2.5,
Hr 05,Min 13,2026-08-28 16:13 PST,25.06,92.2,30.05,1007.3,19.5,32.6%,0.0,3.44,25.0,0.06,0.3,EVALUATING ⏳,2.5,
Hr 05,Min 14,2026-08-28 16:14 PST,25.05,92.2,30.05,1007.3,19.5,32.5%,0.0,3.44,25.0,0.05,0.3,EVALUATING ⏳,2.5,
Hr 05,Min 15,2026-08-28 16:15 PST,25.05,92.2,30.05,1007.2,19.5,32.5%,0.0,3.44,25.0,0.05,0.3,EVALUATING ⏳,2.5,15-MIN CHECKPOINT (Min 15)
Hr 05,Min 16,2026-08-28 16:16 PST,25.04,92.3,30.04,1007.2,19.5,32.4%,0.0,3.44,25.0,0.04,0.3,EVALUATING ⏳,2.5,
Hr 05,Min 17,2026-08-28 16:17 PST,25.04,92.3,30.04,1007.2,19.6,32.4%,0.0,3.44,25.0,0.04,0.3,EVALUATING ⏳,2.5,
Hr 05,Min 18,2026-08-28 16:18 PST,25.04,92.3,30.04,1007.2,19.6,32.4%,0.0,3.44,25.0,0.04,0.3,EVALUATING ⏳,2.5,
Hr 05,Min 19,2026-08-28 16:19 PST,25.03,92.3,30.03,1007.2,19.6,32.3%,0.0,3.44,25.0,0.03,0.3,EVALUATING ⏳,2.5,
Hr 05,Min 20,2026-08-28 16:20 PST,25.03,92.3,30.03,1007.2,19.6,32.3%,0.0,3.44,25.0,0.03,0.3,EVALUATING ⏳,2.5,
Hr 05,Min 21,2026-08-28 16:21 PST,25.03,92.3,30.03,1007.2,19.7,32.2%,0.0,3.44,25.0,0.03,0.3,EVALUATING ⏳,2.5,
Hr 05,Min 22,2026-08-28 16:22 PST,25.02,92.4,30.02,1007.2,19.7,32.2%,0.0,3.44,25.0,0.02,0.3,EVALUATING ⏳,2.5,
Hr 05,Min 23,2026-08-28 16:23 PST,25.02,92.4,30.02,1007.2,19.7,32.1%,0.0,3.44,25.0,0.02,0.3,EVALUATING ⏳,2.5,
Hr 05,Min 24,2026-08-28 16:24 PST,25.01,92.4,30.02,1007.2,19.7,32.1%,0.0,3.43,25.0,0.01,0.3,EVALUATING ⏳,2.5,
Hr 05,Min 25,2026-08-28 16:25 PST,25.01,92.4,30.02,1007.2,19.7,32.1%,0.0,3.43,25.0,0.01,0.3,EVALUATING ⏳,2.5,
Hr 05,Min 26,2026-08-28 16:26 PST,25.01,92.4,30.02,1007.2,19.8,32.0%,0.0,3.43,25.0,0.01,0.3,EVALUATING ⏳,2.5,
Hr 05,Min 27,2026-08-28 16:27 PST,25.0,92.5,30.01,1007.2,19.8,32.0%,0.0,3.43,25.0,0.0,0.3,EVALUATING ⏳,2.5,
Hr 05,Min 28,2026-08-28 16:28 PST,25.0,92.5,30.01,1007.2,19.8,31.9%,0.0,3.43,25.0,0.0,0.3,EVALUATING ⏳,2.5,
Hr 05,Min 29,2026-08-28 16:29 PST,25.0,92.5,30.01,1007.2,19.8,31.9%,0.0,3.43,25.0,0.0,0.3,EVALUATING ⏳,2.5,
Hr 05,Min 30,2026-08-28 16:30 PST,24.99,92.5,30.0,1007.2,19.9,31.8%,0.0,3.43,25.0,0.01,0.3,EVALUATING ⏳,2.5,15-MIN CHECKPOINT (Min 30)
Hr 05,Min 31,2026-08-28 16:31 PST,24.99,92.5,30.0,1007.2,19.9,31.8%,0.0,3.43,25.0,0.01,0.3,EVALUATING ⏳,2.5,
Hr 05,Min 32,2026-08-28 16:32 PST,24.99,92.5,30.0,1007.2,19.9,31.8%,0.0,3.43,25.0,0.01,0.3,EVALUATING ⏳,2.5,
Hr 05,Min 33,2026-08-28 16:33 PST,24.98,92.5,30.0,1007.2,19.9,31.7%,0.0,3.43,25.0,0.02,0.3,EVALUATING ⏳,2.5,
Hr 05,Min 34,2026-08-28 16:34 PST,24.98,92.6,30.0,1007.2,19.9,31.7%,0.0,3.43,25.0,0.02,0.3,EVALUATING ⏳,2.5,
Hr 05,Min 35,2026-08-28 16:35 PST,24.97,92.6,29.99,1007.2,20.0,31.6%,0.0,3.43,25.0,0.03,0.3,EVALUATING ⏳,2.5,
Hr 05,Min 36,2026-08-28 16:36 PST,24.97,92.6,29.99,1007.2,20.0,31.6%,0.0,3.43,25.0,0.03,0.3,EVALUATING ⏳,2.5,
Hr 05,Min 37,2026-08-28 16:37 PST,24.97,92.6,29.99,1007.2,20.0,31.6%,0.0,3.43,25.0,0.03,0.3,EVALUATING ⏳,2.5,
Hr 05,Min 38,2026-08-28 16:38 PST,24.96,92.6,29.98,1007.2,20.0,31.5%,0.0,3.43,25.0,0.04,0.3,EVALUATING ⏳,2.5,
Hr 05,Min 39,2026-08-28 16:39 PST,24.96,92.7,29.98,1007.2,20.0,31.5%,0.0,3.43,25.0,0.04,0.3,EVALUATING ⏳,2.5,
Hr 05,Min 40,2026-08-28 16:40 PST,24.96,92.7,29.98,1007.2,20.1,31.4%,0.0,3.43,25.0,0.04,0.3,EVALUATING ⏳,2.5,
Hr 05,Min 41,2026-08-28 16:41 PST,24.95,92.7,29.97,1007.2,20.1,31.4%,0.0,3.43,25.0,0.05,0.3,EVALUATING ⏳,2.5,
Hr 05,Min 42,2026-08-28 16:42 PST,24.95,92.7,29.98,1007.2,20.1,31.4%,0.0,3.43,25.0,0.05,0.3,EVALUATING ⏳,2.5,
Hr 05,Min 43,2026-08-28 16:43 PST,24.95,92.7,29.98,1007.2,20.1,31.3%,0.0,3.43,25.0,0.05,0.3,EVALUATING ⏳,2.5,
Hr 05,Min 44,2026-08-28 16:44 PST,24.94,92.7,29.97,1007.2,20.2,31.3%,0.0,3.43,25.0,0.06,0.3,EVALUATING ⏳,2.5,
Hr 05,Min 45,2026-08-28 16:45 PST,24.94,92.8,29.97,1007.1,20.2,31.2%,0.0,3.43,25.0,0.06,0.3,EVALUATING ⏳,2.5,15-MIN CHECKPOINT (Min 45)
Hr 05,Min 46,2026-08-28 16:46 PST,24.93,92.8,29.96,1007.1,20.2,31.2%,0.0,3.43,25.0,0.07,0.3,EVALUATING ⏳,2.5,
Hr 05,Min 47,2026-08-28 16:47 PST,24.93,92.8,29.96,1007.1,20.2,31.1%,0.0,3.42,25.0,0.07,0.3,EVALUATING ⏳,2.5,
Hr 05,Min 48,2026-08-28 16:48 PST,24.93,92.8,29.96,1007.1,20.2,31.1%,0.0,3.42,25.0,0.07,0.3,EVALUATING ⏳,2.5,
Hr 05,Min 49,2026-08-28 16:49 PST,24.92,92.8,29.95,1007.1,20.3,31.1%,0.0,3.42,25.0,0.08,0.3,EVALUATING ⏳,2.5,
Hr 05,Min 50,2026-08-28 16:50 PST,24.92,92.8,29.95,1007.1,20.3,31.0%,0.0,3.42,25.0,0.08,0.3,EVALUATING ⏳,2.5,
Hr 05,Min 51,2026-08-28 16:51 PST,24.92,92.8,29.96,1007.1,20.3,31.0%,0.0,3.42,25.0,0.08,0.3,EVALUATING ⏳,2.5,
Hr 05,Min 52,2026-08-28 16:52 PST,24.91,92.9,29.95,1007.1,20.3,30.9%,0.0,3.42,25.0,0.09,0.3,EVALUATING ⏳,2.5,
Hr 05,Min 53,2026-08-28 16:53 PST,24.91,92.9,29.95,1007.1,20.3,30.9%,0.0,3.42,25.0,0.09,0.3,EVALUATING ⏳,2.5,
Hr 05,Min 54,2026-08-28 16:54 PST,24.91,92.9,29.95,1007.1,20.4,30.9%,0.0,3.42,25.0,0.09,0.3,EVALUATING ⏳,2.5,
Hr 05,Min 55,2026-08-28 16:55 PST,24.9,92.9,29.94,1007.1,20.4,30.8%,0.0,3.42,25.0,0.1,0.3,EVALUATING ⏳,2.5,
Hr 05,Min 56,2026-08-28 16:56 PST,24.9,92.9,29.94,1007.1,20.4,30.8%,0.0,3.42,25.0,0.1,0.3,EVALUATING ⏳,2.5,
Hr 05,Min 57,2026-08-28 16:57 PST,24.89,93.0,29.93,1007.1,20.4,30.7%,0.0,3.42,25.0,0.11,0.3,EVALUATING ⏳,2.5,
Hr 05,Min 58,2026-08-28 16:58 PST,24.89,93.0,29.93,1007.1,20.5,30.7%,0.0,3.42,25.0,0.11,0.3,EVALUATING ⏳,2.5,
Hr 05,Min 59,2026-08-28 16:59 PST,24.89,93.0,29.93,1007.1,20.5,30.7%,0.0,3.42,25.0,0.11,0.3,EVALUATING ⏳,2.5,
Hr 05,Min 60,2026-08-28 17:00 PST,24.88,93.0,29.92,1007.1,20.5,30.6%,0.0,3.42,25.0,0.12,0.3,EVALUATING ⏳,2.5,15-MIN CHECKPOINT (Min 60)
Hr 06,Min 01,2026-08-28 17:01 PST,24.88,93.0,29.92,1007.1,20.5,30.9%,0.0,3.42,24.7,0.18,0.3,EVALUATING ⏳,2.5,
Hr 06,Min 02,2026-08-28 17:02 PST,24.87,93.0,29.91,1007.1,20.4,30.8%,0.0,3.42,24.7,0.17,0.3,EVALUATING ⏳,2.5,
Hr 06,Min 03,2026-08-28 17:03 PST,24.87,93.0,29.91,1007.1,20.4,30.8%,0.0,3.42,24.7,0.17,0.3,EVALUATING ⏳,2.5,
Hr 06,Min 04,2026-08-28 17:04 PST,24.86,93.0,29.91,1007.1,20.3,30.7%,0.0,3.42,24.7,0.16,0.3,EVALUATING ⏳,2.5,
Hr 06,Min 05,2026-08-28 17:05 PST,24.86,93.0,29.91,1007.1,20.3,30.7%,0.0,3.42,24.7,0.16,0.3,EVALUATING ⏳,2.5,
Hr 06,Min 06,2026-08-28 17:06 PST,24.85,93.0,29.9,1007.1,20.3,30.7%,0.0,3.42,24.7,0.15,0.3,EVALUATING ⏳,2.5,
Hr 06,Min 07,2026-08-28 17:07 PST,24.85,93.0,29.9,1007.1,20.2,30.6%,0.0,3.42,24.7,0.15,0.3,EVALUATING ⏳,2.5,
Hr 06,Min 08,2026-08-28 17:08 PST,24.84,93.0,29.88,1007.1,20.2,30.6%,0.0,3.42,24.7,0.14,0.3,EVALUATING ⏳,2.5,
Hr 06,Min 09,2026-08-28 17:09 PST,24.84,93.0,29.88,1007.1,20.2,30.6%,0.0,3.42,24.7,0.14,0.3,EVALUATING ⏳,2.5,
Hr 06,Min 10,2026-08-28 17:10 PST,24.83,93.0,29.88,1007.1,20.1,30.5%,0.0,3.42,24.7,0.13,0.3,EVALUATING ⏳,2.5,
Hr 06,Min 11,2026-08-28 17:11 PST,24.83,93.0,29.88,1007.1,20.1,30.5%,0.0,3.42,24.7,0.13,0.3,EVALUATING ⏳,2.5,
Hr 06,Min 12,2026-08-28 17:12 PST,24.82,93.0,29.87,1007.1,20.0,30.4%,0.0,3.42,24.7,0.12,0.3,EVALUATING ⏳,2.5,
Hr 06,Min 13,2026-08-28 17:13 PST,24.81,93.0,29.85,1007.1,20.0,30.4%,0.0,3.42,24.7,0.11,0.3,EVALUATING ⏳,2.5,
Hr 06,Min 14,2026-08-28 17:14 PST,24.81,93.0,29.85,1007.1,20.0,30.4%,0.0,3.42,24.7,0.11,0.3,EVALUATING ⏳,2.5,
Hr 06,Min 15,2026-08-28 17:15 PST,24.8,93.0,29.84,1007.1,19.9,30.3%,0.0,3.42,24.7,0.1,0.3,EVALUATING ⏳,2.5,15-MIN CHECKPOINT (Min 15)
Hr 06,Min 16,2026-08-28 17:16 PST,24.8,93.0,29.84,1007.1,19.9,30.3%,0.0,3.42,24.7,0.1,0.3,EVALUATING ⏳,2.5,
Hr 06,Min 17,2026-08-28 17:17 PST,24.79,93.0,29.84,1007.1,19.8,30.3%,0.0,3.41,24.7,0.09,0.3,EVALUATING ⏳,2.5,
Hr 06,Min 18,2026-08-28 17:18 PST,24.79,93.0,29.84,1007.1,19.8,30.2%,0.0,3.41,24.7,0.09,0.3,EVALUATING ⏳,2.5,
Hr 06,Min 19,2026-08-28 17:19 PST,24.78,93.0,29.83,1007.1,19.8,30.2%,0.0,3.41,24.7,0.08,0.3,EVALUATING ⏳,2.5,
Hr 06,Min 20,2026-08-28 17:20 PST,24.78,93.0,29.83,1007.1,19.7,30.1%,0.0,3.41,24.7,0.08,0.3,EVALUATING ⏳,2.5,
Hr 06,Min 21,2026-08-28 17:21 PST,24.77,93.0,29.81,1007.1,19.7,30.1%,0.0,3.41,24.7,0.07,0.3,EVALUATING ⏳,2.5,
Hr 06,Min 22,2026-08-28 17:22 PST,24.77,93.0,29.81,1007.1,19.7,30.1%,0.0,3.41,24.7,0.07,0.3,EVALUATING ⏳,2.5,
Hr 06,Min 23,2026-08-28 17:23 PST,24.76,93.0,29.8,1007.1,19.6,30.0%,0.0,3.41,24.7,0.06,0.3,EVALUATING ⏳,2.5,
Hr 06,Min 24,2026-08-28 17:24 PST,24.76,93.0,29.8,1007.1,19.6,30.0%,0.0,3.41,24.7,0.06,0.3,EVALUATING ⏳,2.5,
Hr 06,Min 25,2026-08-28 17:25 PST,24.75,93.0,29.8,1007.1,19.5,30.0%,0.0,3.41,24.7,0.05,0.3,EVALUATING ⏳,2.5,
Hr 06,Min 26,2026-08-28 17:26 PST,24.75,93.0,29.8,1007.1,19.5,29.9%,0.0,3.41,24.7,0.05,0.3,EVALUATING ⏳,2.5,
Hr 06,Min 27,2026-08-28 17:27 PST,24.74,93.0,29.78,1007.1,19.5,29.9%,0.0,3.41,24.7,0.04,0.3,EVALUATING ⏳,2.5,
Hr 06,Min 28,2026-08-28 17:28 PST,24.74,93.0,29.78,1007.1,19.4,29.9%,0.0,3.41,24.7,0.04,0.3,EVALUATING ⏳,2.5,
Hr 06,Min 29,2026-08-28 17:29 PST,24.73,93.0,29.77,1007.1,19.4,29.8%,0.0,3.41,24.7,0.03,0.3,EVALUATING ⏳,2.5,
Hr 06,Min 30,2026-08-28 17:30 PST,24.73,93.0,29.77,1007.0,19.4,29.8%,0.0,3.41,24.7,0.03,0.3,EVALUATING ⏳,2.5,15-MIN CHECKPOINT (Min 30)
Hr 06,Min 31,2026-08-28 17:31 PST,24.72,93.0,29.77,1007.0,19.3,29.8%,0.0,3.41,24.7,0.02,0.3,EVALUATING ⏳,2.5,
Hr 06,Min 32,2026-08-28 17:32 PST,24.71,93.0,29.76,1007.0,19.3,29.7%,0.0,3.41,24.7,0.01,0.3,EVALUATING ⏳,2.5,
Hr 06,Min 33,2026-08-28 17:33 PST,24.71,93.0,29.76,1007.0,19.2,29.7%,0.0,3.41,24.7,0.01,0.3,EVALUATING ⏳,2.5,
Hr 06,Min 34,2026-08-28 17:34 PST,24.7,93.0,29.74,1007.0,19.2,29.7%,0.0,3.41,24.7,0.0,0.3,EVALUATING ⏳,2.5,
Hr 06,Min 35,2026-08-28 17:35 PST,24.7,93.0,29.74,1007.0,19.2,29.6%,0.0,3.41,24.7,0.0,0.3,EVALUATING ⏳,2.5,
Hr 06,Min 36,2026-08-28 17:36 PST,24.69,93.0,29.73,1007.0,19.1,29.6%,0.0,3.41,24.7,0.01,0.3,EVALUATING ⏳,2.5,
Hr 06,Min 37,2026-08-28 17:37 PST,24.69,93.0,29.73,1007.0,19.1,29.6%,0.0,3.41,24.7,0.01,0.3,EVALUATING ⏳,2.5,
Hr 06,Min 38,2026-08-28 17:38 PST,24.68,93.0,29.73,1007.0,19.0,29.5%,0.0,3.41,24.7,0.02,0.3,EVALUATING ⏳,2.5,
Hr 06,Min 39,2026-08-28 17:39 PST,24.68,93.0,29.73,1007.0,19.0,29.5%,0.0,3.41,24.7,0.02,0.3,EVALUATING ⏳,2.5,
Hr 06,Min 40,2026-08-28 17:40 PST,24.67,93.0,29.72,1007.0,19.0,29.5%,0.0,3.41,24.7,0.03,0.3,EVALUATING ⏳,2.5,
Hr 06,Min 41,2026-08-28 17:41 PST,24.67,93.0,29.72,1007.0,18.9,29.4%,0.0,3.41,24.7,0.03,0.3,EVALUATING ⏳,2.5,
Hr 06,Min 42,2026-08-28 17:42 PST,24.66,93.0,29.7,1007.0,18.9,29.4%,0.0,3.4,24.7,0.04,0.3,EVALUATING ⏳,2.5,
Hr 06,Min 43,2026-08-28 17:43 PST,24.66,93.0,29.7,1007.0,18.9,29.4%,0.0,3.4,24.7,0.04,0.3,EVALUATING ⏳,2.5,
Hr 06,Min 44,2026-08-28 17:44 PST,24.65,93.0,29.7,1007.0,18.8,29.3%,0.0,3.4,24.7,0.05,0.3,EVALUATING ⏳,2.5,
Hr 06,Min 45,2026-08-28 17:45 PST,24.65,93.0,29.7,1007.0,18.8,29.3%,0.0,3.4,24.7,0.05,0.3,EVALUATING ⏳,2.5,15-MIN CHECKPOINT (Min 45)
Hr 06,Min 46,2026-08-28 17:46 PST,24.64,93.0,29.69,1007.0,18.7,29.3%,0.0,3.4,24.7,0.06,0.3,EVALUATING ⏳,2.5,
Hr 06,Min 47,2026-08-28 17:47 PST,24.64,93.0,29.69,1007.0,18.7,29.2%,0.0,3.4,24.7,0.06,0.3,EVALUATING ⏳,2.5,
Hr 06,Min 48,2026-08-28 17:48 PST,24.63,93.0,29.67,1007.0,18.7,29.2%,0.0,3.4,24.7,0.07,0.3,EVALUATING ⏳,2.5,
Hr 06,Min 49,2026-08-28 17:49 PST,24.63,93.0,29.67,1007.0,18.6,29.2%,0.0,3.4,24.7,0.07,0.3,EVALUATING ⏳,2.5,
Hr 06,Min 50,2026-08-28 17:50 PST,24.62,93.0,29.66,1007.0,18.6,29.1%,0.0,3.4,24.7,0.08,0.3,EVALUATING ⏳,2.5,
Hr 06,Min 51,2026-08-28 17:51 PST,24.62,93.0,29.66,1007.0,18.5,29.1%,0.0,3.4,24.7,0.08,0.3,EVALUATING ⏳,2.5,
Hr 06,Min 52,2026-08-28 17:52 PST,24.61,93.0,29.66,1007.0,18.5,29.1%,0.0,3.4,24.7,0.09,0.3,EVALUATING ⏳,2.5,
Hr 06,Min 53,2026-08-28 17:53 PST,24.6,93.0,29.65,1007.0,18.5,29.0%,0.0,3.4,24.7,0.1,0.3,EVALUATING ⏳,2.5,
Hr 06,Min 54,2026-08-28 17:54 PST,24.6,93.0,29.65,1007.0,18.4,29.0%,0.0,3.4,24.7,0.1,0.3,EVALUATING ⏳,2.5,
Hr 06,Min 55,2026-08-28 17:55 PST,24.59,93.0,29.63,1007.0,18.4,29.0%,0.0,3.4,24.7,0.11,0.3,EVALUATING ⏳,2.5,
Hr 06,Min 56,2026-08-28 17:56 PST,24.59,93.0,29.63,1007.0,18.4,29.0%,0.0,3.4,24.7,0.11,0.3,EVALUATING ⏳,2.5,
Hr 06,Min 57,2026-08-28 17:57 PST,24.58,93.0,29.62,1007.0,18.3,28.9%,0.0,3.4,24.7,0.12,0.3,EVALUATING ⏳,2.5,
Hr 06,Min 58,2026-08-28 17:58 PST,24.58,93.0,29.62,1007.0,18.3,28.9%,0.0,3.4,24.7,0.12,0.3,EVALUATING ⏳,2.5,
Hr 06,Min 59,2026-08-28 17:59 PST,24.57,93.0,29.62,1007.0,18.2,28.9%,0.0,3.4,24.7,0.13,0.3,EVALUATING ⏳,2.5,
Hr 06,Min 60,2026-08-28 18:00 PST,24.57,93.0,29.62,1007.0,18.2,28.8%,0.0,3.4,24.7,0.13,0.3,EVALUATING ⏳,2.5,15-MIN CHECKPOINT (Min 60)
Hr 07,Min 01,2026-08-28 18:01 PST,24.57,93.0,29.62,1007.0,18.1,29.3%,0.0,3.4,24.8,0.23,0.8,EVALUATING ⏳,2.5,
Hr 07,Min 02,2026-08-28 18:02 PST,24.57,93.0,29.62,1007.0,18.1,29.2%,0.0,3.4,24.8,0.23,0.8,EVALUATING ⏳,2.5,
Hr 07,Min 03,2026-08-28 18:03 PST,24.57,93.0,29.62,1007.0,18.0,29.2%,0.0,3.4,24.8,0.23,0.8,EVALUATING ⏳,2.5,
Hr 07,Min 04,2026-08-28 18:04 PST,24.57,93.1,29.62,1007.0,18.0,29.2%,0.0,3.4,24.8,0.23,0.8,EVALUATING ⏳,2.5,
Hr 07,Min 05,2026-08-28 18:05 PST,24.58,93.1,29.63,1007.0,17.9,29.2%,0.0,3.4,24.8,0.22,0.8,EVALUATING ⏳,2.5,
Hr 07,Min 06,2026-08-28 18:06 PST,24.58,93.1,29.63,1007.0,17.9,29.1%,0.0,3.4,24.8,0.22,0.8,EVALUATING ⏳,2.5,
Hr 07,Min 07,2026-08-28 18:07 PST,24.58,93.1,29.63,1007.0,17.8,29.1%,0.0,3.4,24.8,0.22,0.8,EVALUATING ⏳,2.5,
Hr 07,Min 08,2026-08-28 18:08 PST,24.58,93.1,29.63,1007.0,17.7,29.1%,0.0,3.4,24.8,0.22,0.8,EVALUATING ⏳,2.5,
Hr 07,Min 09,2026-08-28 18:09 PST,24.58,93.2,29.63,1007.0,17.7,29.1%,0.0,3.4,24.8,0.22,0.8,EVALUATING ⏳,2.5,
Hr 07,Min 10,2026-08-28 18:10 PST,24.58,93.2,29.64,1007.0,17.6,29.0%,0.0,3.4,24.8,0.22,0.8,EVALUATING ⏳,2.5,
Hr 07,Min 11,2026-08-28 18:11 PST,24.58,93.2,29.64,1007.0,17.6,29.0%,0.0,3.4,24.8,0.22,0.8,EVALUATING ⏳,2.5,
Hr 07,Min 12,2026-08-28 18:12 PST,24.59,93.2,29.65,1007.0,17.5,29.0%,0.0,3.4,24.8,0.21,0.8,EVALUATING ⏳,2.5,
Hr 07,Min 13,2026-08-28 18:13 PST,24.59,93.2,29.65,1007.0,17.5,29.0%,0.0,3.4,24.8,0.21,0.8,EVALUATING ⏳,2.5,
Hr 07,Min 14,2026-08-28 18:14 PST,24.59,93.2,29.65,1007.0,17.4,29.0%,0.0,3.4,24.8,0.21,0.8,EVALUATING ⏳,2.5,
Hr 07,Min 15,2026-08-28 18:15 PST,24.59,93.2,29.65,1007.0,17.4,28.9%,0.0,3.4,24.8,0.21,0.8,EVALUATING ⏳,2.5,15-MIN CHECKPOINT (Min 15)
Hr 07,Min 16,2026-08-28 18:16 PST,24.59,93.3,29.65,1007.1,17.3,28.9%,0.0,3.4,24.8,0.21,0.8,EVALUATING ⏳,2.5,
Hr 07,Min 17,2026-08-28 18:17 PST,24.59,93.3,29.65,1007.1,17.2,28.9%,0.0,3.4,24.8,0.21,0.8,EVALUATING ⏳,2.5,
Hr 07,Min 18,2026-08-28 18:18 PST,24.59,93.3,29.65,1007.1,17.2,28.9%,0.0,3.39,24.8,0.21,0.8,EVALUATING ⏳,2.5,
Hr 07,Min 19,2026-08-28 18:19 PST,24.6,93.3,29.67,1007.1,17.1,28.9%,0.0,3.39,24.8,0.2,0.8,EVALUATING ⏳,2.5,
Hr 07,Min 20,2026-08-28 18:20 PST,24.6,93.3,29.67,1007.1,17.1,28.8%,0.0,3.39,24.8,0.2,0.8,EVALUATING ⏳,2.5,
Hr 07,Min 21,2026-08-28 18:21 PST,24.6,93.3,29.67,1007.1,17.0,28.8%,0.0,3.39,24.8,0.2,0.8,EVALUATING ⏳,2.5,
Hr 07,Min 22,2026-08-28 18:22 PST,24.6,93.4,29.67,1007.1,17.0,28.8%,0.0,3.39,24.8,0.2,0.8,EVALUATING ⏳,2.5,
Hr 07,Min 23,2026-08-28 18:23 PST,24.6,93.4,29.67,1007.1,16.9,28.8%,0.0,3.39,24.8,0.2,0.8,EVALUATING ⏳,2.5,
Hr 07,Min 24,2026-08-28 18:24 PST,24.6,93.4,29.67,1007.1,16.8,28.8%,0.0,3.39,24.8,0.2,0.8,EVALUATING ⏳,2.5,
Hr 07,Min 25,2026-08-28 18:25 PST,24.6,93.4,29.67,1007.1,16.8,28.7%,0.0,3.39,24.8,0.2,0.8,EVALUATING ⏳,2.5,
Hr 07,Min 26,2026-08-28 18:26 PST,24.61,93.4,29.68,1007.1,16.7,28.7%,0.0,3.39,24.8,0.19,0.8,EVALUATING ⏳,2.5,
Hr 07,Min 27,2026-08-28 18:27 PST,24.61,93.5,29.68,1007.1,16.7,28.7%,0.0,3.39,24.8,0.19,0.8,EVALUATING ⏳,2.5,
Hr 07,Min 28,2026-08-28 18:28 PST,24.61,93.5,29.69,1007.1,16.6,28.7%,0.0,3.39,24.8,0.19,0.8,EVALUATING ⏳,2.5,
Hr 07,Min 29,2026-08-28 18:29 PST,24.61,93.5,29.69,1007.1,16.6,28.7%,0.0,3.39,24.8,0.19,0.8,EVALUATING ⏳,2.5,
Hr 07,Min 30,2026-08-28 18:30 PST,24.61,93.5,29.69,1007.1,16.5,28.7%,0.0,3.39,24.8,0.19,0.8,EVALUATING ⏳,2.5,15-MIN CHECKPOINT (Min 30)
Hr 07,Min 31,2026-08-28 18:31 PST,24.61,93.5,29.69,1007.1,16.4,28.6%,0.0,3.39,24.8,0.19,0.8,EVALUATING ⏳,2.5,
Hr 07,Min 32,2026-08-28 18:32 PST,24.62,93.5,29.7,1007.1,16.4,28.6%,0.0,3.39,24.8,0.18,0.8,EVALUATING ⏳,2.5,
Hr 07,Min 33,2026-08-28 18:33 PST,24.62,93.5,29.7,1007.1,16.3,28.6%,0.0,3.39,24.8,0.18,0.8,EVALUATING ⏳,2.5,
Hr 07,Min 34,2026-08-28 18:34 PST,24.62,93.6,29.7,1007.1,16.3,28.6%,0.0,3.39,24.8,0.18,0.8,EVALUATING ⏳,2.5,
Hr 07,Min 35,2026-08-28 18:35 PST,24.62,93.6,29.7,1007.1,16.2,28.6%,0.0,3.39,24.8,0.18,0.8,EVALUATING ⏳,2.5,
Hr 07,Min 36,2026-08-28 18:36 PST,24.62,93.6,29.7,1007.1,16.2,28.6%,0.0,3.39,24.8,0.18,0.8,EVALUATING ⏳,2.5,
Hr 07,Min 37,2026-08-28 18:37 PST,24.62,93.6,29.71,1007.1,16.1,28.6%,0.0,3.39,24.8,0.18,0.8,EVALUATING ⏳,2.5,
Hr 07,Min 38,2026-08-28 18:38 PST,24.62,93.6,29.71,1007.1,16.0,28.5%,0.0,3.39,24.8,0.18,0.8,EVALUATING ⏳,2.5,
Hr 07,Min 39,2026-08-28 18:39 PST,24.63,93.7,29.72,1007.1,16.0,28.5%,0.0,3.39,24.8,0.17,0.8,EVALUATING ⏳,2.5,
Hr 07,Min 40,2026-08-28 18:40 PST,24.63,93.7,29.72,1007.1,15.9,28.5%,0.0,3.39,24.8,0.17,0.8,EVALUATING ⏳,2.5,
Hr 07,Min 41,2026-08-28 18:41 PST,24.63,93.7,29.72,1007.1,15.9,28.5%,0.0,3.39,24.8,0.17,0.8,EVALUATING ⏳,2.5,
Hr 07,Min 42,2026-08-28 18:42 PST,24.63,93.7,29.72,1007.1,15.8,28.5%,0.0,3.39,24.8,0.17,0.8,EVALUATING ⏳,2.5,
Hr 07,Min 43,2026-08-28 18:43 PST,24.63,93.7,29.72,1007.1,15.8,28.5%,0.0,3.39,24.8,0.17,0.8,EVALUATING ⏳,2.5,
Hr 07,Min 44,2026-08-28 18:44 PST,24.63,93.7,29.72,1007.1,15.7,28.5%,0.0,3.39,24.8,0.17,0.8,EVALUATING ⏳,2.5,
Hr 07,Min 45,2026-08-28 18:45 PST,24.64,93.8,29.73,1007.2,15.7,28.5%,0.0,3.39,24.8,0.16,0.8,EVALUATING ⏳,2.5,15-MIN CHECKPOINT (Min 45)
Hr 07,Min 46,2026-08-28 18:46 PST,24.64,93.8,29.73,1007.2,15.6,28.4%,0.0,3.39,24.8,0.16,0.8,EVALUATING ⏳,2.5,
Hr 07,Min 47,2026-08-28 18:47 PST,24.64,93.8,29.74,1007.2,15.5,28.4%,0.0,3.39,24.8,0.16,0.8,EVALUATING ⏳,2.5,
Hr 07,Min 48,2026-08-28 18:48 PST,24.64,93.8,29.74,1007.2,15.5,28.4%,0.0,3.39,24.8,0.16,0.8,EVALUATING ⏳,2.5,
Hr 07,Min 49,2026-08-28 18:49 PST,24.64,93.8,29.74,1007.2,15.4,28.4%,0.0,3.39,24.8,0.16,0.8,EVALUATING ⏳,2.5,
Hr 07,Min 50,2026-08-28 18:50 PST,24.64,93.8,29.74,1007.2,15.4,28.4%,0.0,3.39,24.8,0.16,0.8,EVALUATING ⏳,2.5,
Hr 07,Min 51,2026-08-28 18:51 PST,24.65,93.8,29.75,1007.2,15.3,28.4%,0.0,3.39,24.8,0.15,0.8,EVALUATING ⏳,2.5,
Hr 07,Min 52,2026-08-28 18:52 PST,24.65,93.9,29.75,1007.2,15.3,28.4%,0.0,3.38,24.8,0.15,0.8,EVALUATING ⏳,2.5,
Hr 07,Min 53,2026-08-28 18:53 PST,24.65,93.9,29.75,1007.2,15.2,28.4%,0.0,3.38,24.8,0.15,0.8,EVALUATING ⏳,2.5,
Hr 07,Min 54,2026-08-28 18:54 PST,24.65,93.9,29.75,1007.2,15.1,28.4%,0.0,3.38,24.8,0.15,0.8,EVALUATING ⏳,2.5,
Hr 07,Min 55,2026-08-28 18:55 PST,24.65,93.9,29.75,1007.2,15.1,28.4%,0.0,3.38,24.8,0.15,0.8,EVALUATING ⏳,2.5,
Hr 07,Min 56,2026-08-28 18:56 PST,24.65,93.9,29.76,1007.2,15.0,28.4%,0.0,3.38,24.8,0.15,0.8,EVALUATING ⏳,2.5,
Hr 07,Min 57,2026-08-28 18:57 PST,24.66,94.0,29.77,1007.2,15.0,28.3%,0.0,3.38,24.8,0.14,0.8,EVALUATING ⏳,2.5,
Hr 07,Min 58,2026-08-28 18:58 PST,24.66,94.0,29.77,1007.2,14.9,28.3%,0.0,3.38,24.8,0.14,0.8,EVALUATING ⏳,2.5,
Hr 07,Min 59,2026-08-28 18:59 PST,24.66,94.0,29.77,1007.2,14.9,28.3%,0.0,3.38,24.8,0.14,0.8,EVALUATING ⏳,2.5,
Hr 07,Min 60,2026-08-28 19:00 PST,24.66,94.0,29.77,1007.2,14.8,28.3%,0.0,3.38,24.8,0.14,0.8,EVALUATING ⏳,2.5,15-MIN CHECKPOINT (Min 60)
Hr 08,Min 01,2026-08-28 19:01 PST,24.67,94.0,29.78,1007.2,14.8,28.9%,0.0,3.38,25.3,0.63,0.8,EVALUATING ⏳,2.5,
Hr 08,Min 02,2026-08-28 19:02 PST,24.68,94.0,29.79,1007.2,14.8,28.9%,0.0,3.38,25.3,0.62,0.8,EVALUATING ⏳,2.5,
Hr 08,Min 03,2026-08-28 19:03 PST,24.69,94.0,29.8,1007.2,14.7,28.9%,0.0,3.38,25.3,0.61,0.8,EVALUATING ⏳,2.5,
Hr 08,Min 04,2026-08-28 19:04 PST,24.69,94.1,29.8,1007.2,14.7,28.9%,0.0,3.38,25.3,0.61,0.8,EVALUATING ⏳,2.5,
Hr 08,Min 05,2026-08-28 19:05 PST,24.7,94.1,29.82,1007.2,14.7,28.9%,0.0,3.38,25.3,0.6,0.8,EVALUATING ⏳,2.5,
Hr 08,Min 06,2026-08-28 19:06 PST,24.71,94.1,29.83,1007.2,14.7,28.9%,0.0,3.38,25.3,0.59,0.8,EVALUATING ⏳,2.5,
Hr 08,Min 07,2026-08-28 19:07 PST,24.72,94.1,29.84,1007.2,14.6,28.9%,0.0,3.38,25.3,0.58,0.8,EVALUATING ⏳,2.5,
Hr 08,Min 08,2026-08-28 19:08 PST,24.73,94.1,29.85,1007.2,14.6,28.9%,0.0,3.38,25.3,0.57,0.8,EVALUATING ⏳,2.5,
Hr 08,Min 09,2026-08-28 19:09 PST,24.74,94.2,29.86,1007.2,14.6,28.9%,0.0,3.38,25.3,0.56,0.8,EVALUATING ⏳,2.5,
Hr 08,Min 10,2026-08-28 19:10 PST,24.74,94.2,29.86,1007.2,14.6,28.9%,0.0,3.38,25.3,0.56,0.8,EVALUATING ⏳,2.5,
Hr 08,Min 11,2026-08-28 19:11 PST,24.75,94.2,29.87,1007.2,14.5,28.9%,0.0,3.38,25.3,0.55,0.8,EVALUATING ⏳,2.5,
Hr 08,Min 12,2026-08-28 19:12 PST,24.76,94.2,29.88,1007.2,14.5,28.9%,0.0,3.38,25.3,0.54,0.8,EVALUATING ⏳,2.5,
Hr 08,Min 13,2026-08-28 19:13 PST,24.77,94.2,29.89,1007.2,14.5,28.9%,0.0,3.38,25.3,0.53,0.8,EVALUATING ⏳,2.5,
Hr 08,Min 14,2026-08-28 19:14 PST,24.78,94.2,29.91,1007.2,14.5,28.9%,0.0,3.38,25.3,0.52,0.8,EVALUATING ⏳,2.5,
Hr 08,Min 15,2026-08-28 19:15 PST,24.79,94.2,29.92,1007.2,14.4,28.9%,0.0,3.38,25.3,0.51,0.8,EVALUATING ⏳,2.5,15-MIN CHECKPOINT (Min 15)
Hr 08,Min 16,2026-08-28 19:16 PST,24.79,94.3,29.92,1007.2,14.4,28.9%,0.0,3.38,25.3,0.51,0.8,EVALUATING ⏳,2.5,
Hr 08,Min 17,2026-08-28 19:17 PST,24.8,94.3,29.93,1007.2,14.4,28.9%,0.0,3.38,25.3,0.5,0.8,EVALUATING ⏳,2.5,
Hr 08,Min 18,2026-08-28 19:18 PST,24.81,94.3,29.94,1007.2,14.4,28.9%,0.0,3.38,25.3,0.49,0.8,EVALUATING ⏳,2.5,
Hr 08,Min 19,2026-08-28 19:19 PST,24.82,94.3,29.95,1007.2,14.3,28.9%,0.0,3.38,25.3,0.48,0.8,EVALUATING ⏳,2.5,
Hr 08,Min 20,2026-08-28 19:20 PST,24.83,94.3,29.96,1007.2,14.3,28.9%,0.0,3.38,25.3,0.47,0.8,EVALUATING ⏳,2.5,
Hr 08,Min 21,2026-08-28 19:21 PST,24.84,94.3,29.97,1007.2,14.3,28.9%,0.0,3.38,25.3,0.46,0.8,EVALUATING ⏳,2.5,
Hr 08,Min 22,2026-08-28 19:22 PST,24.84,94.4,29.97,1007.2,14.2,28.9%,0.0,3.38,25.3,0.46,0.8,EVALUATING ⏳,2.5,
Hr 08,Min 23,2026-08-28 19:23 PST,24.85,94.4,29.98,1007.2,14.2,28.9%,0.0,3.38,25.3,0.45,0.8,EVALUATING ⏳,2.5,
Hr 08,Min 24,2026-08-28 19:24 PST,24.86,94.4,30.0,1007.2,14.2,28.9%,0.0,3.38,25.3,0.44,0.8,EVALUATING ⏳,2.5,
Hr 08,Min 25,2026-08-28 19:25 PST,24.87,94.4,30.01,1007.2,14.2,28.9%,0.0,3.38,25.3,0.43,0.8,EVALUATING ⏳,2.5,
Hr 08,Min 26,2026-08-28 19:26 PST,24.88,94.4,30.02,1007.2,14.2,28.9%,0.0,3.38,25.3,0.42,0.8,EVALUATING ⏳,2.5,
Hr 08,Min 27,2026-08-28 19:27 PST,24.89,94.5,30.03,1007.2,14.1,28.9%,0.0,3.38,25.3,0.41,0.8,EVALUATING ⏳,2.5,
Hr 08,Min 28,2026-08-28 19:28 PST,24.89,94.5,30.03,1007.2,14.1,28.9%,0.0,3.38,25.3,0.41,0.8,EVALUATING ⏳,2.5,
Hr 08,Min 29,2026-08-28 19:29 PST,24.9,94.5,30.04,1007.2,14.1,28.9%,0.0,3.38,25.3,0.4,0.8,EVALUATING ⏳,2.5,
Hr 08,Min 30,2026-08-28 19:30 PST,24.91,94.5,30.05,1007.2,14.1,28.9%,0.0,3.38,25.3,0.39,0.8,EVALUATING ⏳,2.5,15-MIN CHECKPOINT (Min 30)
Hr 08,Min 31,2026-08-28 19:31 PST,24.92,94.5,30.06,1007.2,14.0,28.9%,0.0,3.38,25.3,0.38,0.8,EVALUATING ⏳,2.5,
Hr 08,Min 32,2026-08-28 19:32 PST,24.93,94.5,30.07,1007.2,14.0,28.9%,0.0,3.38,25.3,0.37,0.8,EVALUATING ⏳,2.5,
Hr 08,Min 33,2026-08-28 19:33 PST,24.94,94.5,30.09,1007.2,14.0,29.0%,0.0,3.38,25.3,0.36,0.8,EVALUATING ⏳,2.5,
Hr 08,Min 34,2026-08-28 19:34 PST,24.94,94.6,30.09,1007.2,14.0,29.0%,0.0,3.38,25.3,0.36,0.8,EVALUATING ⏳,2.5,
Hr 08,Min 35,2026-08-28 19:35 PST,24.95,94.6,30.1,1007.2,13.9,29.0%,0.0,3.38,25.3,0.35,0.8,EVALUATING ⏳,2.5,
Hr 08,Min 36,2026-08-28 19:36 PST,24.96,94.6,30.11,1007.2,13.9,29.0%,0.0,3.38,25.3,0.34,0.8,EVALUATING ⏳,2.5,
Hr 08,Min 37,2026-08-28 19:37 PST,24.97,94.6,30.12,1007.2,13.9,29.0%,0.0,3.38,25.3,0.33,0.8,EVALUATING ⏳,2.5,
Hr 08,Min 38,2026-08-28 19:38 PST,24.98,94.6,30.13,1007.2,13.9,29.0%,0.0,3.38,25.3,0.32,0.8,EVALUATING ⏳,2.5,
Hr 08,Min 39,2026-08-28 19:39 PST,24.99,94.7,30.14,1007.2,13.8,29.0%,0.0,3.38,25.3,0.31,0.8,EVALUATING ⏳,2.5,
Hr 08,Min 40,2026-08-28 19:40 PST,25.0,94.7,30.15,1007.2,13.8,29.0%,0.0,3.38,25.3,0.3,0.8,EVALUATING ⏳,2.5,
Hr 08,Min 41,2026-08-28 19:41 PST,25.0,94.7,30.15,1007.2,13.8,29.0%,0.0,3.38,25.3,0.3,0.8,EVALUATING ⏳,2.5,
Hr 08,Min 42,2026-08-28 19:42 PST,25.01,94.7,30.17,1007.2,13.8,29.0%,0.0,3.38,25.3,0.29,0.8,EVALUATING ⏳,2.5,
Hr 08,Min 43,2026-08-28 19:43 PST,25.02,94.7,30.18,1007.2,13.7,29.0%,0.0,3.38,25.3,0.28,0.8,EVALUATING ⏳,2.5,
Hr 08,Min 44,2026-08-28 19:44 PST,25.03,94.7,30.19,1007.2,13.7,29.0%,0.0,3.38,25.3,0.27,0.8,EVALUATING ⏳,2.5,
Hr 08,Min 45,2026-08-28 19:45 PST,25.04,94.8,30.2,1007.2,13.7,29.1%,0.0,3.38,25.3,0.26,0.8,EVALUATING ⏳,2.5,15-MIN CHECKPOINT (Min 45)
Hr 08,Min 46,2026-08-28 19:46 PST,25.05,94.8,30.21,1007.2,13.7,29.1%,0.0,3.38,25.3,0.25,0.8,EVALUATING ⏳,2.5,
Hr 08,Min 47,2026-08-28 19:47 PST,25.05,94.8,30.21,1007.2,13.6,29.1%,0.0,3.38,25.3,0.25,0.8,EVALUATING ⏳,2.5,
Hr 08,Min 48,2026-08-28 19:48 PST,25.06,94.8,30.22,1007.2,13.6,29.1%,0.0,3.38,25.3,0.24,0.8,EVALUATING ⏳,2.5,
Hr 08,Min 49,2026-08-28 19:49 PST,25.07,94.8,30.23,1007.2,13.6,29.1%,0.0,3.38,25.3,0.23,0.8,EVALUATING ⏳,2.5,
Hr 08,Min 50,2026-08-28 19:50 PST,25.08,94.8,30.24,1007.2,13.6,29.1%,0.0,3.38,25.3,0.22,0.8,EVALUATING ⏳,2.5,
Hr 08,Min 51,2026-08-28 19:51 PST,25.09,94.8,30.26,1007.2,13.5,29.1%,0.0,3.38,25.3,0.21,0.8,EVALUATING ⏳,2.5,
Hr 08,Min 52,2026-08-28 19:52 PST,25.1,94.9,30.27,1007.2,13.5,29.1%,0.0,3.38,25.3,0.2,0.8,EVALUATING ⏳,2.5,
Hr 08,Min 53,2026-08-28 19:53 PST,25.1,94.9,30.27,1007.2,13.5,29.1%,0.0,3.37,25.3,0.2,0.8,EVALUATING ⏳,2.5,
Hr 08,Min 54,2026-08-28 19:54 PST,25.11,94.9,30.28,1007.2,13.5,29.2%,0.0,3.37,25.3,0.19,0.8,EVALUATING ⏳,2.5,
Hr 08,Min 55,2026-08-28 19:55 PST,25.12,94.9,30.29,1007.2,13.4,29.2%,0.0,3.37,25.3,0.18,0.8,EVALUATING ⏳,2.5,
Hr 08,Min 56,2026-08-28 19:56 PST,25.13,94.9,30.3,1007.2,13.4,29.2%,0.0,3.37,25.3,0.17,0.8,EVALUATING ⏳,2.5,
Hr 08,Min 57,2026-08-28 19:57 PST,25.14,95.0,30.31,1007.2,13.4,29.2%,0.0,3.37,25.3,0.16,0.8,EVALUATING ⏳,2.5,
Hr 08,Min 58,2026-08-28 19:58 PST,25.15,95.0,30.32,1007.2,13.4,29.2%,0.0,3.37,25.3,0.15,0.8,EVALUATING ⏳,2.5,
Hr 08,Min 59,2026-08-28 19:59 PST,25.16,95.0,30.33,1007.2,13.3,29.2%,0.0,3.37,25.3,0.14,0.8,EVALUATING ⏳,2.5,
Hr 08,Min 60,2026-08-28 20:00 PST,25.16,95.0,30.34,1007.2,13.3,29.2%,0.0,3.37,25.3,0.14,0.8,EVALUATING ⏳,2.5,15-MIN CHECKPOINT (Min 60)
Hr 09,Min 01,2026-08-28 20:01 PST,25.17,95.0,30.35,1007.2,13.3,29.9%,0.0,3.37,25.8,0.63,0.4,EVALUATING ⏳,2.49,
Hr 09,Min 02,2026-08-28 20:02 PST,25.18,95.0,30.36,1007.2,13.3,29.9%,0.0,3.37,25.8,0.62,0.4,EVALUATING ⏳,2.49,
Hr 09,Min 03,2026-08-28 20:03 PST,25.19,95.0,30.37,1007.2,13.3,29.9%,0.0,3.37,25.8,0.61,0.4,EVALUATING ⏳,2.49,
Hr 09,Min 04,2026-08-28 20:04 PST,25.2,95.0,30.38,1007.2,13.3,29.9%,0.0,3.37,25.8,0.6,0.4,EVALUATING ⏳,2.49,
Hr 09,Min 05,2026-08-28 20:05 PST,25.21,95.0,30.39,1007.2,13.4,29.9%,0.0,3.37,25.8,0.59,0.4,EVALUATING ⏳,2.49,
Hr 09,Min 06,2026-08-28 20:06 PST,25.22,95.0,30.39,1007.2,13.4,29.9%,0.0,3.37,25.8,0.58,0.4,EVALUATING ⏳,2.49,
Hr 09,Min 07,2026-08-28 20:07 PST,25.23,95.0,30.41,1007.2,13.4,30.0%,0.0,3.37,25.8,0.57,0.4,EVALUATING ⏳,2.49,
Hr 09,Min 08,2026-08-28 20:08 PST,25.23,95.0,30.41,1007.3,13.4,30.0%,0.0,3.37,25.8,0.57,0.4,EVALUATING ⏳,2.49,
Hr 09,Min 09,2026-08-28 20:09 PST,25.24,95.0,30.41,1007.3,13.4,30.0%,0.0,3.37,25.8,0.56,0.4,EVALUATING ⏳,2.49,
Hr 09,Min 10,2026-08-28 20:10 PST,25.25,95.0,30.43,1007.3,13.4,30.0%,0.0,3.37,25.8,0.55,0.4,EVALUATING ⏳,2.49,
Hr 09,Min 11,2026-08-28 20:11 PST,25.26,95.0,30.44,1007.3,13.4,30.0%,0.0,3.37,25.8,0.54,0.4,EVALUATING ⏳,2.49,
Hr 09,Min 12,2026-08-28 20:12 PST,25.27,95.0,30.45,1007.3,13.4,30.0%,0.0,3.37,25.8,0.53,0.4,EVALUATING ⏳,2.49,
Hr 09,Min 13,2026-08-28 20:13 PST,25.28,95.0,30.46,1007.3,13.5,30.1%,0.0,3.37,25.8,0.52,0.4,EVALUATING ⏳,2.49,
Hr 09,Min 14,2026-08-28 20:14 PST,25.28,95.0,30.46,1007.3,13.5,30.1%,0.0,3.37,25.8,0.52,0.4,EVALUATING ⏳,2.49,
Hr 09,Min 15,2026-08-28 20:15 PST,25.29,95.0,30.46,1007.3,13.5,30.1%,0.0,3.37,25.8,0.51,0.4,EVALUATING ⏳,2.49,15-MIN CHECKPOINT (Min 15)
Hr 09,Min 16,2026-08-28 20:16 PST,25.3,95.0,30.48,1007.3,13.5,30.1%,0.0,3.37,25.8,0.5,0.4,EVALUATING ⏳,2.49,
Hr 09,Min 17,2026-08-28 20:17 PST,25.31,95.0,30.48,1007.3,13.5,30.1%,0.0,3.37,25.8,0.49,0.4,EVALUATING ⏳,2.49,
Hr 09,Min 18,2026-08-28 20:18 PST,25.32,95.0,30.5,1007.3,13.5,30.2%,0.0,3.37,25.8,0.48,0.4,EVALUATING ⏳,2.49,
Hr 09,Min 19,2026-08-28 20:19 PST,25.33,95.0,30.5,1007.3,13.5,30.2%,0.0,3.37,25.8,0.47,0.4,EVALUATING ⏳,2.49,
Hr 09,Min 20,2026-08-28 20:20 PST,25.34,95.0,30.52,1007.3,13.5,30.2%,0.0,3.37,25.8,0.46,0.4,EVALUATING ⏳,2.49,
Hr 09,Min 21,2026-08-28 20:21 PST,25.34,95.0,30.52,1007.3,13.5,30.2%,0.0,3.37,25.8,0.46,0.4,EVALUATING ⏳,2.49,
Hr 09,Min 22,2026-08-28 20:22 PST,25.35,95.0,30.53,1007.3,13.6,30.2%,0.0,3.37,25.8,0.45,0.4,EVALUATING ⏳,2.49,
Hr 09,Min 23,2026-08-28 20:23 PST,25.36,95.0,30.54,1007.4,13.6,30.3%,0.0,3.37,25.8,0.44,0.4,EVALUATING ⏳,2.49,
Hr 09,Min 24,2026-08-28 20:24 PST,25.37,95.0,30.55,1007.4,13.6,30.3%,0.0,3.37,25.8,0.43,0.4,EVALUATING ⏳,2.49,
Hr 09,Min 25,2026-08-28 20:25 PST,25.38,95.0,30.55,1007.4,13.6,30.3%,0.0,3.37,25.8,0.42,0.4,EVALUATING ⏳,2.49,
Hr 09,Min 26,2026-08-28 20:26 PST,25.39,95.0,30.57,1007.4,13.6,30.3%,0.0,3.37,25.8,0.41,0.4,EVALUATING ⏳,2.49,
Hr 09,Min 27,2026-08-28 20:27 PST,25.39,95.0,30.57,1007.4,13.6,30.3%,0.0,3.37,25.8,0.41,0.4,EVALUATING ⏳,2.49,
Hr 09,Min 28,2026-08-28 20:28 PST,25.4,95.0,30.57,1007.4,13.6,30.3%,0.0,3.37,25.8,0.4,0.4,EVALUATING ⏳,2.49,
Hr 09,Min 29,2026-08-28 20:29 PST,25.41,95.0,30.59,1007.4,13.6,30.4%,0.0,3.37,25.8,0.39,0.4,EVALUATING ⏳,2.49,
Hr 09,Min 30,2026-08-28 20:30 PST,25.42,95.0,30.6,1007.4,13.7,30.4%,0.0,3.37,25.8,0.38,0.4,EVALUATING ⏳,2.49,15-MIN CHECKPOINT (Min 30)
Hr 09,Min 31,2026-08-28 20:31 PST,25.43,95.0,30.61,1007.4,13.7,30.4%,0.0,3.37,25.8,0.37,0.4,EVALUATING ⏳,2.49,
Hr 09,Min 32,2026-08-28 20:32 PST,25.44,95.0,30.62,1007.4,13.7,30.4%,0.0,3.37,25.8,0.36,0.4,EVALUATING ⏳,2.49,
Hr 09,Min 33,2026-08-28 20:33 PST,25.45,95.0,30.62,1007.4,13.7,30.4%,0.0,3.37,25.8,0.35,0.4,EVALUATING ⏳,2.49,
Hr 09,Min 34,2026-08-28 20:34 PST,25.45,95.0,30.62,1007.4,13.7,30.5%,0.0,3.37,25.8,0.35,0.4,EVALUATING ⏳,2.49,
Hr 09,Min 35,2026-08-28 20:35 PST,25.46,95.0,30.64,1007.4,13.7,30.5%,0.0,3.37,25.8,0.34,0.4,EVALUATING ⏳,2.49,
Hr 09,Min 36,2026-08-28 20:36 PST,25.47,95.0,30.64,1007.4,13.7,30.5%,0.0,3.37,25.8,0.33,0.4,EVALUATING ⏳,2.49,
Hr 09,Min 37,2026-08-28 20:37 PST,25.48,95.0,30.66,1007.4,13.7,30.5%,0.0,3.37,25.8,0.32,0.4,EVALUATING ⏳,2.49,
Hr 09,Min 38,2026-08-28 20:38 PST,25.49,95.0,30.66,1007.5,13.7,30.5%,0.0,3.37,25.8,0.31,0.4,EVALUATING ⏳,2.49,
Hr 09,Min 39,2026-08-28 20:39 PST,25.5,95.0,30.68,1007.5,13.8,30.6%,0.0,3.37,25.8,0.3,0.4,EVALUATING ⏳,2.49,
Hr 09,Min 40,2026-08-28 20:40 PST,25.51,95.0,30.69,1007.5,13.8,30.6%,0.0,3.37,25.8,0.29,0.4,EVALUATING ⏳,2.49,
Hr 09,Min 41,2026-08-28 20:41 PST,25.51,95.0,30.69,1007.5,13.8,30.6%,0.0,3.37,25.8,0.29,0.4,EVALUATING ⏳,2.49,
Hr 09,Min 42,2026-08-28 20:42 PST,25.52,95.0,30.7,1007.5,13.8,30.6%,0.0,3.37,25.8,0.28,0.4,EVALUATING ⏳,2.49,
Hr 09,Min 43,2026-08-28 20:43 PST,25.53,95.0,30.71,1007.5,13.8,30.6%,0.0,3.37,25.8,0.27,0.4,EVALUATING ⏳,2.49,
Hr 09,Min 44,2026-08-28 20:44 PST,25.54,95.0,30.71,1007.5,13.8,30.7%,0.0,3.37,25.8,0.26,0.4,EVALUATING ⏳,2.49,
Hr 09,Min 45,2026-08-28 20:45 PST,25.55,95.0,30.73,1007.5,13.8,30.7%,0.0,3.37,25.8,0.25,0.4,EVALUATING ⏳,2.49,15-MIN CHECKPOINT (Min 45)
Hr 09,Min 46,2026-08-28 20:46 PST,25.56,95.0,30.73,1007.5,13.8,30.7%,0.0,3.37,25.8,0.24,0.4,EVALUATING ⏳,2.49,
Hr 09,Min 47,2026-08-28 20:47 PST,25.56,95.0,30.73,1007.5,13.8,30.7%,0.0,3.37,25.8,0.24,0.4,EVALUATING ⏳,2.49,
Hr 09,Min 48,2026-08-28 20:48 PST,25.57,95.0,30.75,1007.5,13.9,30.8%,0.0,3.37,25.8,0.23,0.4,EVALUATING ⏳,2.49,
Hr 09,Min 49,2026-08-28 20:49 PST,25.58,95.0,30.75,1007.5,13.9,30.8%,0.0,3.37,25.8,0.22,0.4,EVALUATING ⏳,2.49,
Hr 09,Min 50,2026-08-28 20:50 PST,25.59,95.0,30.77,1007.5,13.9,30.8%,0.0,3.37,25.8,0.21,0.4,EVALUATING ⏳,2.49,
Hr 09,Min 51,2026-08-28 20:51 PST,25.6,95.0,30.78,1007.5,13.9,30.8%,0.0,3.37,25.8,0.2,0.4,EVALUATING ⏳,2.49,
Hr 09,Min 52,2026-08-28 20:52 PST,25.61,95.0,30.79,1007.5,13.9,30.8%,0.0,3.37,25.8,0.19,0.4,EVALUATING ⏳,2.49,
Hr 09,Min 53,2026-08-28 20:53 PST,25.62,95.0,30.8,1007.6,13.9,30.9%,0.0,3.37,25.8,0.18,0.4,EVALUATING ⏳,2.49,
Hr 09,Min 54,2026-08-28 20:54 PST,25.62,95.0,30.8,1007.6,13.9,30.9%,0.0,3.37,25.8,0.18,0.4,EVALUATING ⏳,2.49,
Hr 09,Min 55,2026-08-28 20:55 PST,25.63,95.0,30.8,1007.6,13.9,30.9%,0.0,3.37,25.8,0.17,0.4,EVALUATING ⏳,2.49,
Hr 09,Min 56,2026-08-28 20:56 PST,25.64,95.0,30.82,1007.6,14.0,30.9%,0.0,3.37,25.8,0.16,0.4,EVALUATING ⏳,2.49,
Hr 09,Min 57,2026-08-28 20:57 PST,25.65,95.0,30.82,1007.6,14.0,30.9%,0.0,3.37,25.8,0.15,0.4,EVALUATING ⏳,2.49,
Hr 09,Min 58,2026-08-28 20:58 PST,25.66,95.0,30.84,1007.6,14.0,31.0%,0.0,3.37,25.8,0.14,0.4,EVALUATING ⏳,2.49,
Hr 09,Min 59,2026-08-28 20:59 PST,25.67,95.0,30.85,1007.6,14.0,31.0%,0.0,3.37,25.8,0.13,0.4,EVALUATING ⏳,2.49,
Hr 09,Min 60,2026-08-28 21:00 PST,25.67,95.0,30.85,1007.6,14.0,31.0%,0.0,3.37,25.8,0.13,0.4,EVALUATING ⏳,2.49,15-MIN CHECKPOINT (Min 60)
Hr 10,Min 01,2026-08-28 21:01 PST,25.69,94.9,30.86,1007.6,14.1,31.6%,0.0,3.37,26.8,1.11,0.5,EVALUATING ⏳,2.49,
Hr 10,Min 02,2026-08-28 21:02 PST,25.71,94.9,30.88,1007.6,14.1,31.7%,0.0,3.37,26.8,1.09,0.5,EVALUATING ⏳,2.49,
Hr 10,Min 03,2026-08-28 21:03 PST,25.73,94.8,30.89,1007.6,14.2,31.7%,0.0,3.37,26.8,1.07,0.5,EVALUATING ⏳,2.49,
Hr 10,Min 04,2026-08-28 21:04 PST,25.74,94.7,30.9,1007.6,14.3,31.7%,0.0,3.37,26.8,1.06,0.5,EVALUATING ⏳,2.49,
Hr 10,Min 05,2026-08-28 21:05 PST,25.76,94.7,30.91,1007.6,14.4,31.7%,0.0,3.37,26.8,1.04,0.5,EVALUATING ⏳,2.49,
Hr 10,Min 06,2026-08-28 21:06 PST,25.78,94.6,30.93,1007.6,14.4,31.8%,0.0,3.37,26.8,1.02,0.5,EVALUATING ⏳,2.49,
Hr 10,Min 07,2026-08-28 21:07 PST,25.8,94.5,30.94,1007.7,14.5,31.8%,0.0,3.37,26.8,1.0,0.5,EVALUATING ⏳,2.49,
Hr 10,Min 08,2026-08-28 21:08 PST,25.81,94.5,30.95,1007.7,14.6,31.8%,0.0,3.37,26.8,0.99,0.5,EVALUATING ⏳,2.49,
Hr 10,Min 09,2026-08-28 21:09 PST,25.83,94.4,30.97,1007.7,14.6,31.8%,0.0,3.37,26.8,0.97,0.5,EVALUATING ⏳,2.49,
Hr 10,Min 10,2026-08-28 21:10 PST,25.85,94.3,30.98,1007.7,14.7,31.8%,0.0,3.37,26.8,0.95,0.5,EVALUATING ⏳,2.49,
Hr 10,Min 11,2026-08-28 21:11 PST,25.86,94.3,30.99,1007.7,14.8,31.9%,0.0,3.37,26.8,0.94,0.5,EVALUATING ⏳,2.49,
Hr 10,Min 12,2026-08-28 21:12 PST,25.88,94.2,31.0,1007.7,14.9,31.9%,0.0,3.37,26.8,0.92,0.5,EVALUATING ⏳,2.49,
Hr 10,Min 13,2026-08-28 21:13 PST,25.9,94.1,31.02,1007.7,14.9,31.9%,0.0,3.37,26.8,0.9,0.5,EVALUATING ⏳,2.49,
Hr 10,Min 14,2026-08-28 21:14 PST,25.91,94.1,31.02,1007.7,15.0,31.9%,0.0,3.37,26.8,0.89,0.5,EVALUATING ⏳,2.49,
Hr 10,Min 15,2026-08-28 21:15 PST,25.93,94.0,31.04,1007.7,15.1,32.0%,0.0,3.37,26.8,0.87,0.5,EVALUATING ⏳,2.49,15-MIN CHECKPOINT (Min 15)
Hr 10,Min 16,2026-08-28 21:16 PST,25.95,93.9,31.06,1007.7,15.1,32.0%,0.0,3.37,26.8,0.85,0.5,EVALUATING ⏳,2.49,
Hr 10,Min 17,2026-08-28 21:17 PST,25.96,93.9,31.06,1007.7,15.2,32.0%,0.0,3.37,26.8,0.84,0.5,EVALUATING ⏳,2.49,
Hr 10,Min 18,2026-08-28 21:18 PST,25.98,93.8,31.08,1007.8,15.3,32.0%,0.0,3.37,26.8,0.82,0.5,EVALUATING ⏳,2.49,
Hr 10,Min 19,2026-08-28 21:19 PST,26.0,93.7,31.09,1007.8,15.4,32.0%,0.0,3.37,26.8,0.8,0.5,EVALUATING ⏳,2.49,
Hr 10,Min 20,2026-08-28 21:20 PST,26.01,93.7,31.1,1007.8,15.4,32.1%,0.0,3.37,26.8,0.79,0.5,EVALUATING ⏳,2.49,
Hr 10,Min 21,2026-08-28 21:21 PST,26.03,93.6,31.11,1007.8,15.5,32.1%,0.0,3.37,26.8,0.77,0.5,EVALUATING ⏳,2.49,
Hr 10,Min 22,2026-08-28 21:22 PST,26.05,93.5,31.13,1007.8,15.6,32.1%,0.0,3.37,26.8,0.75,0.5,EVALUATING ⏳,2.49,
Hr 10,Min 23,2026-08-28 21:23 PST,26.06,93.5,31.14,1007.8,15.6,32.1%,0.0,3.37,26.8,0.74,0.5,EVALUATING ⏳,2.49,
Hr 10,Min 24,2026-08-28 21:24 PST,26.08,93.4,31.15,1007.8,15.7,32.1%,0.0,3.37,26.8,0.72,0.5,EVALUATING ⏳,2.49,
Hr 10,Min 25,2026-08-28 21:25 PST,26.1,93.3,31.17,1007.8,15.8,32.2%,0.0,3.37,26.8,0.7,0.5,EVALUATING ⏳,2.49,
Hr 10,Min 26,2026-08-28 21:26 PST,26.11,93.3,31.17,1007.8,15.9,32.2%,0.0,3.37,26.8,0.69,0.5,EVALUATING ⏳,2.49,
Hr 10,Min 27,2026-08-28 21:27 PST,26.13,93.2,31.19,1007.8,15.9,32.2%,0.0,3.37,26.8,0.67,0.5,EVALUATING ⏳,2.49,
Hr 10,Min 28,2026-08-28 21:28 PST,26.15,93.1,31.2,1007.8,16.0,32.2%,0.0,3.37,26.8,0.65,0.5,EVALUATING ⏳,2.49,
Hr 10,Min 29,2026-08-28 21:29 PST,26.16,93.1,31.21,1007.8,16.1,32.2%,0.0,3.37,26.8,0.64,0.5,EVALUATING ⏳,2.49,
Hr 10,Min 30,2026-08-28 21:30 PST,26.18,93.0,31.23,1007.9,16.1,32.3%,0.0,3.37,26.8,0.62,0.5,EVALUATING ⏳,2.49,15-MIN CHECKPOINT (Min 30)
Hr 10,Min 31,2026-08-28 21:31 PST,26.2,92.9,31.24,1007.9,16.2,32.3%,0.0,3.37,26.8,0.6,0.5,EVALUATING ⏳,2.49,
Hr 10,Min 32,2026-08-28 21:32 PST,26.21,92.9,31.25,1007.9,16.3,32.3%,0.0,3.37,26.8,0.59,0.5,EVALUATING ⏳,2.49,
Hr 10,Min 33,2026-08-28 21:33 PST,26.23,92.8,31.26,1007.9,16.4,32.3%,0.0,3.37,26.8,0.57,0.5,EVALUATING ⏳,2.49,
Hr 10,Min 34,2026-08-28 21:34 PST,26.25,92.7,31.28,1007.9,16.4,32.3%,0.0,3.37,26.8,0.55,0.5,EVALUATING ⏳,2.49,
Hr 10,Min 35,2026-08-28 21:35 PST,26.27,92.7,31.29,1007.9,16.5,32.3%,0.0,3.37,26.8,0.53,0.5,EVALUATING ⏳,2.49,
Hr 10,Min 36,2026-08-28 21:36 PST,26.28,92.6,31.3,1007.9,16.6,32.4%,0.0,3.37,26.8,0.52,0.5,EVALUATING ⏳,2.49,
Hr 10,Min 37,2026-08-28 21:37 PST,26.3,92.5,31.31,1007.9,16.7,32.4%,0.0,3.37,26.8,0.5,0.5,EVALUATING ⏳,2.49,
Hr 10,Min 38,2026-08-28 21:38 PST,26.32,92.5,31.33,1007.9,16.7,32.4%,0.0,3.37,26.8,0.48,0.5,EVALUATING ⏳,2.49,
Hr 10,Min 39,2026-08-28 21:39 PST,26.33,92.4,31.34,1007.9,16.8,32.4%,0.0,3.37,26.8,0.47,0.5,EVALUATING ⏳,2.49,
Hr 10,Min 40,2026-08-28 21:40 PST,26.35,92.3,31.35,1007.9,16.9,32.4%,0.0,3.37,26.8,0.45,0.5,EVALUATING ⏳,2.49,
Hr 10,Min 41,2026-08-28 21:41 PST,26.37,92.3,31.37,1007.9,16.9,32.4%,0.0,3.37,26.8,0.43,0.5,EVALUATING ⏳,2.49,
Hr 10,Min 42,2026-08-28 21:42 PST,26.38,92.2,31.37,1008.0,17.0,32.5%,0.0,3.37,26.8,0.42,0.5,EVALUATING ⏳,2.49,
Hr 10,Min 43,2026-08-28 21:43 PST,26.4,92.1,31.39,1008.0,17.1,32.5%,0.0,3.37,26.8,0.4,0.5,EVALUATING ⏳,2.49,
Hr 10,Min 44,2026-08-28 21:44 PST,26.42,92.1,31.4,1008.0,17.2,32.5%,0.0,3.37,26.8,0.38,0.5,EVALUATING ⏳,2.49,
Hr 10,Min 45,2026-08-28 21:45 PST,26.43,92.0,31.41,1008.0,17.2,32.5%,0.0,3.37,26.8,0.37,0.5,EVALUATING ⏳,2.49,15-MIN CHECKPOINT (Min 45)
Hr 10,Min 46,2026-08-28 21:46 PST,26.45,91.9,31.43,1008.0,17.3,32.5%,0.0,3.37,26.8,0.35,0.5,EVALUATING ⏳,2.49,
Hr 10,Min 47,2026-08-28 21:47 PST,26.47,91.9,31.44,1008.0,17.4,32.5%,0.0,3.37,26.8,0.33,0.5,EVALUATING ⏳,2.49,
Hr 10,Min 48,2026-08-28 21:48 PST,26.48,91.8,31.45,1008.0,17.4,32.6%,0.0,3.37,26.8,0.32,0.5,EVALUATING ⏳,2.49,
Hr 10,Min 49,2026-08-28 21:49 PST,26.5,91.7,31.46,1008.0,17.5,32.6%,0.0,3.37,26.8,0.3,0.5,EVALUATING ⏳,2.49,
Hr 10,Min 50,2026-08-28 21:50 PST,26.52,91.7,31.48,1008.0,17.6,32.6%,0.0,3.37,26.8,0.28,0.5,EVALUATING ⏳,2.49,
Hr 10,Min 51,2026-08-28 21:51 PST,26.53,91.6,31.48,1008.0,17.7,32.6%,0.0,3.37,26.8,0.27,0.5,EVALUATING ⏳,2.49,
Hr 10,Min 52,2026-08-28 21:52 PST,26.55,91.5,31.5,1008.0,17.7,32.6%,0.0,3.37,26.8,0.25,0.5,EVALUATING ⏳,2.49,
Hr 10,Min 53,2026-08-28 21:53 PST,26.57,91.5,31.52,1008.0,17.8,32.6%,0.0,3.37,26.8,0.23,0.5,EVALUATING ⏳,2.49,
Hr 10,Min 54,2026-08-28 21:54 PST,26.58,91.4,31.52,1008.1,17.9,32.6%,0.0,3.37,26.8,0.22,0.5,EVALUATING ⏳,2.49,
Hr 10,Min 55,2026-08-28 21:55 PST,26.6,91.3,31.54,1008.1,17.9,32.7%,0.0,3.37,26.8,0.2,0.5,EVALUATING ⏳,2.49,
Hr 10,Min 56,2026-08-28 21:56 PST,26.62,91.3,31.55,1008.1,18.0,32.7%,0.0,3.37,26.8,0.18,0.5,EVALUATING ⏳,2.49,
Hr 10,Min 57,2026-08-28 21:57 PST,26.63,91.2,31.56,1008.1,18.1,32.7%,0.0,3.37,26.8,0.17,0.5,EVALUATING ⏳,2.49,
Hr 10,Min 58,2026-08-28 21:58 PST,26.65,91.1,31.57,1008.1,18.2,32.7%,0.0,3.37,26.8,0.15,0.5,EVALUATING ⏳,2.49,
Hr 10,Min 59,2026-08-28 21:59 PST,26.67,91.1,31.59,1008.1,18.2,32.7%,0.0,3.37,26.8,0.13,0.5,EVALUATING ⏳,2.49,
Hr 10,Min 60,2026-08-28 22:00 PST,26.68,91.0,31.59,1008.1,18.3,32.7%,0.0,3.37,26.8,0.12,0.5,EVALUATING ⏳,2.49,15-MIN CHECKPOINT (Min 60)
Hr 11,Min 01,2026-08-28 22:01 PST,26.68,91.0,31.59,1008.1,18.3,33.4%,0.0,3.37,26.1,0.58,1.0,EVALUATING ⏳,2.49,
Hr 11,Min 02,2026-08-28 22:02 PST,26.66,91.0,31.58,1008.1,18.3,33.4%,0.0,3.37,26.1,0.56,1.0,EVALUATING ⏳,2.49,
Hr 11,Min 03,2026-08-28 22:03 PST,26.65,91.0,31.56,1008.1,18.3,33.4%,0.0,3.37,26.1,0.55,1.0,EVALUATING ⏳,2.49,
Hr 11,Min 04,2026-08-28 22:04 PST,26.64,91.0,31.55,1008.1,18.3,33.4%,0.0,3.37,26.1,0.54,1.0,EVALUATING ⏳,2.49,
Hr 11,Min 05,2026-08-28 22:05 PST,26.63,91.0,31.55,1008.1,18.3,33.4%,0.0,3.37,26.1,0.53,1.0,EVALUATING ⏳,2.49,
Hr 11,Min 06,2026-08-28 22:06 PST,26.62,91.0,31.54,1008.1,18.3,33.4%,0.0,3.37,26.1,0.52,1.0,EVALUATING ⏳,2.49,
Hr 11,Min 07,2026-08-28 22:07 PST,26.61,91.0,31.52,1008.1,18.3,33.5%,0.0,3.37,26.1,0.51,1.0,EVALUATING ⏳,2.49,
Hr 11,Min 08,2026-08-28 22:08 PST,26.59,91.0,31.51,1008.1,18.3,33.5%,0.0,3.37,26.1,0.49,1.0,EVALUATING ⏳,2.49,
Hr 11,Min 09,2026-08-28 22:09 PST,26.58,91.0,31.49,1008.1,18.3,33.5%,0.0,3.37,26.1,0.48,1.0,EVALUATING ⏳,2.49,
Hr 11,Min 10,2026-08-28 22:10 PST,26.57,91.0,31.48,1008.1,18.3,33.5%,0.0,3.37,26.1,0.47,1.0,EVALUATING ⏳,2.49,
Hr 11,Min 11,2026-08-28 22:11 PST,26.56,91.0,31.48,1008.1,18.3,33.5%,0.0,3.37,26.1,0.46,1.0,EVALUATING ⏳,2.49,
Hr 11,Min 12,2026-08-28 22:12 PST,26.55,91.0,31.47,1008.1,18.3,33.5%,0.0,3.37,26.1,0.45,1.0,EVALUATING ⏳,2.49,
Hr 11,Min 13,2026-08-28 22:13 PST,26.54,91.0,31.45,1008.1,18.3,33.5%,0.0,3.37,26.1,0.44,1.0,EVALUATING ⏳,2.49,
Hr 11,Min 14,2026-08-28 22:14 PST,26.52,91.0,31.44,1008.1,18.3,33.5%,0.0,3.36,26.1,0.42,1.0,EVALUATING ⏳,2.49,
Hr 11,Min 15,2026-08-28 22:15 PST,26.51,91.0,31.43,1008.1,18.4,33.6%,0.0,3.36,26.1,0.41,1.0,EVALUATING ⏳,2.49,15-MIN CHECKPOINT (Min 15)
Hr 11,Min 16,2026-08-28 22:16 PST,26.5,91.0,31.41,1008.2,18.4,33.6%,0.0,3.36,26.1,0.4,1.0,EVALUATING ⏳,2.49,
Hr 11,Min 17,2026-08-28 22:17 PST,26.49,91.0,31.41,1008.2,18.4,33.6%,0.0,3.36,26.1,0.39,1.0,EVALUATING ⏳,2.49,
Hr 11,Min 18,2026-08-28 22:18 PST,26.48,91.0,31.4,1008.2,18.4,33.6%,0.0,3.36,26.1,0.38,1.0,EVALUATING ⏳,2.49,
Hr 11,Min 19,2026-08-28 22:19 PST,26.47,91.0,31.38,1008.2,18.4,33.6%,0.0,3.36,26.1,0.37,1.0,EVALUATING ⏳,2.49,
Hr 11,Min 20,2026-08-28 22:20 PST,26.45,91.0,31.37,1008.2,18.4,33.6%,0.0,3.36,26.1,0.35,1.0,EVALUATING ⏳,2.49,
Hr 11,Min 21,2026-08-28 22:21 PST,26.44,91.0,31.36,1008.2,18.4,33.6%,0.0,3.36,26.1,0.34,1.0,EVALUATING ⏳,2.49,
Hr 11,Min 22,2026-08-28 22:22 PST,26.43,91.0,31.34,1008.2,18.4,33.6%,0.0,3.36,26.1,0.33,1.0,EVALUATING ⏳,2.49,
Hr 11,Min 23,2026-08-28 22:23 PST,26.42,91.0,31.34,1008.2,18.4,33.6%,0.0,3.36,26.1,0.32,1.0,EVALUATING ⏳,2.49,
Hr 11,Min 24,2026-08-28 22:24 PST,26.41,91.0,31.33,1008.2,18.4,33.7%,0.0,3.36,26.1,0.31,1.0,EVALUATING ⏳,2.49,
Hr 11,Min 25,2026-08-28 22:25 PST,26.4,91.0,31.31,1008.2,18.4,33.7%,0.0,3.36,26.1,0.3,1.0,EVALUATING ⏳,2.49,
Hr 11,Min 26,2026-08-28 22:26 PST,26.39,91.0,31.3,1008.2,18.4,33.7%,0.0,3.36,26.1,0.29,1.0,EVALUATING ⏳,2.49,
Hr 11,Min 27,2026-08-28 22:27 PST,26.37,91.0,31.29,1008.2,18.4,33.7%,0.0,3.36,26.1,0.27,1.0,EVALUATING ⏳,2.49,
Hr 11,Min 28,2026-08-28 22:28 PST,26.36,91.0,31.27,1008.2,18.4,33.7%,0.0,3.36,26.1,0.26,1.0,EVALUATING ⏳,2.49,
Hr 11,Min 29,2026-08-28 22:29 PST,26.35,91.0,31.27,1008.2,18.4,33.7%,0.0,3.36,26.1,0.25,1.0,EVALUATING ⏳,2.49,
Hr 11,Min 30,2026-08-28 22:30 PST,26.34,91.0,31.26,1008.2,18.4,33.7%,0.0,3.36,26.1,0.24,1.0,EVALUATING ⏳,2.49,15-MIN CHECKPOINT (Min 30)
Hr 11,Min 31,2026-08-28 22:31 PST,26.33,91.0,31.24,1008.2,18.4,33.7%,0.0,3.36,26.1,0.23,1.0,EVALUATING ⏳,2.49,
Hr 11,Min 32,2026-08-28 22:32 PST,26.32,91.0,31.23,1008.2,18.4,33.7%,0.0,3.36,26.1,0.22,1.0,EVALUATING ⏳,2.49,
Hr 11,Min 33,2026-08-28 22:33 PST,26.3,91.0,31.22,1008.2,18.4,33.7%,0.0,3.36,26.1,0.2,1.0,EVALUATING ⏳,2.49,
Hr 11,Min 34,2026-08-28 22:34 PST,26.29,91.0,31.2,1008.2,18.4,33.7%,0.0,3.36,26.1,0.19,1.0,EVALUATING ⏳,2.49,
Hr 11,Min 35,2026-08-28 22:35 PST,26.28,91.0,31.2,1008.2,18.4,33.7%,0.0,3.36,26.1,0.18,1.0,EVALUATING ⏳,2.49,
Hr 11,Min 36,2026-08-28 22:36 PST,26.27,91.0,31.19,1008.2,18.4,33.8%,0.0,3.36,26.1,0.17,1.0,EVALUATING ⏳,2.49,
Hr 11,Min 37,2026-08-28 22:37 PST,26.26,91.0,31.18,1008.2,18.4,33.8%,0.0,3.36,26.1,0.16,1.0,EVALUATING ⏳,2.49,
Hr 11,Min 38,2026-08-28 22:38 PST,26.25,91.0,31.16,1008.2,18.4,33.8%,0.0,3.36,26.1,0.15,1.0,EVALUATING ⏳,2.49,
Hr 11,Min 39,2026-08-28 22:39 PST,26.23,91.0,31.15,1008.2,18.4,33.8%,0.0,3.36,26.1,0.13,1.0,EVALUATING ⏳,2.49,
Hr 11,Min 40,2026-08-28 22:40 PST,26.22,91.0,31.13,1008.2,18.4,33.8%,0.0,3.36,26.1,0.12,1.0,EVALUATING ⏳,2.49,
Hr 11,Min 41,2026-08-28 22:41 PST,26.21,91.0,31.12,1008.2,18.4,33.8%,0.0,3.36,26.1,0.11,1.0,EVALUATING ⏳,2.49,
Hr 11,Min 42,2026-08-28 22:42 PST,26.2,91.0,31.12,1008.2,18.4,33.8%,0.0,3.36,26.1,0.1,1.0,EVALUATING ⏳,2.49,
Hr 11,Min 43,2026-08-28 22:43 PST,26.19,91.0,31.11,1008.2,18.4,33.8%,0.0,3.36,26.1,0.09,1.0,EVALUATING ⏳,2.49,
Hr 11,Min 44,2026-08-28 22:44 PST,26.18,91.0,31.09,1008.2,18.4,33.8%,0.0,3.36,26.1,0.08,1.0,EVALUATING ⏳,2.49,
Hr 11,Min 45,2026-08-28 22:45 PST,26.16,91.0,31.08,1008.2,18.4,33.8%,0.0,3.36,26.1,0.06,1.0,EVALUATING ⏳,2.49,15-MIN CHECKPOINT (Min 45)
Hr 11,Min 46,2026-08-28 22:46 PST,26.15,91.0,31.06,1008.3,18.5,33.8%,0.0,3.36,26.1,0.05,1.0,EVALUATING ⏳,2.49,
Hr 11,Min 47,2026-08-28 22:47 PST,26.14,91.0,31.05,1008.3,18.5,33.8%,0.0,3.36,26.1,0.04,1.0,EVALUATING ⏳,2.49,
Hr 11,Min 48,2026-08-28 22:48 PST,26.13,91.0,31.05,1008.3,18.5,33.8%,0.0,3.36,26.1,0.03,1.0,EVALUATING ⏳,2.49,
Hr 11,Min 49,2026-08-28 22:49 PST,26.12,91.0,31.04,1008.3,18.5,33.8%,0.0,3.36,26.1,0.02,1.0,EVALUATING ⏳,2.49,
Hr 11,Min 50,2026-08-28 22:50 PST,26.1,91.0,31.02,1008.3,18.5,33.8%,0.0,3.36,26.1,0.0,1.0,EVALUATING ⏳,2.49,
Hr 11,Min 51,2026-08-28 22:51 PST,26.09,91.0,31.01,1008.3,18.5,33.9%,0.0,3.36,26.1,0.01,1.0,EVALUATING ⏳,2.49,
Hr 11,Min 52,2026-08-28 22:52 PST,26.08,91.0,30.99,1008.3,18.5,33.9%,0.0,3.36,26.1,0.02,1.0,EVALUATING ⏳,2.49,
Hr 11,Min 53,2026-08-28 22:53 PST,26.07,91.0,30.98,1008.3,18.5,33.9%,0.0,3.36,26.1,0.03,1.0,EVALUATING ⏳,2.49,
Hr 11,Min 54,2026-08-28 22:54 PST,26.06,91.0,30.97,1008.3,18.5,33.9%,0.0,3.36,26.1,0.04,1.0,EVALUATING ⏳,2.49,
Hr 11,Min 55,2026-08-28 22:55 PST,26.05,91.0,30.96,1008.3,18.5,33.9%,0.0,3.36,26.1,0.05,1.0,EVALUATING ⏳,2.49,
Hr 11,Min 56,2026-08-28 22:56 PST,26.03,91.0,30.95,1008.3,18.5,33.9%,0.0,3.36,26.1,0.07,1.0,EVALUATING ⏳,2.49,
Hr 11,Min 57,2026-08-28 22:57 PST,26.02,91.0,30.93,1008.3,18.5,33.9%,0.0,3.36,26.1,0.08,1.0,EVALUATING ⏳,2.49,
Hr 11,Min 58,2026-08-28 22:58 PST,26.01,91.0,30.93,1008.3,18.5,33.9%,0.0,3.36,26.1,0.09,1.0,EVALUATING ⏳,2.49,
Hr 11,Min 59,2026-08-28 22:59 PST,26.0,91.0,30.91,1008.3,18.5,33.9%,0.0,3.36,26.1,0.1,1.0,EVALUATING ⏳,2.49,
Hr 11,Min 60,2026-08-28 23:00 PST,25.99,91.0,30.9,1008.3,18.5,33.9%,0.0,3.36,26.1,0.11,1.0,EVALUATING ⏳,2.49,15-MIN CHECKPOINT (Min 60)
Hr 12,Min 01,2026-08-28 23:01 PST,26.01,91.0,30.92,1008.3,18.5,34.6%,0.0,3.36,27.1,1.09,0.7,EVALUATING ⏳,2.49,
Hr 12,Min 02,2026-08-28 23:02 PST,26.02,90.9,30.93,1008.3,18.6,34.6%,0.0,3.36,27.1,1.08,0.7,EVALUATING ⏳,2.49,
Hr 12,Min 03,2026-08-28 23:03 PST,26.04,90.8,30.95,1008.3,18.6,34.6%,0.0,3.36,27.1,1.06,0.7,EVALUATING ⏳,2.49,
Hr 12,Min 04,2026-08-28 23:04 PST,26.06,90.8,30.96,1008.3,18.6,34.6%,0.0,3.36,27.1,1.04,0.7,EVALUATING ⏳,2.49,
Hr 12,Min 05,2026-08-28 23:05 PST,26.07,90.8,30.97,1008.3,18.6,34.6%,0.0,3.36,27.1,1.03,0.7,EVALUATING ⏳,2.49,
Hr 12,Min 06,2026-08-28 23:06 PST,26.09,90.7,30.99,1008.2,18.7,34.6%,0.0,3.36,27.1,1.01,0.7,EVALUATING ⏳,2.49,
Hr 12,Min 07,2026-08-28 23:07 PST,26.11,90.7,31.0,1008.2,18.7,34.6%,0.0,3.36,27.1,0.99,0.7,EVALUATING ⏳,2.49,
Hr 12,Min 08,2026-08-28 23:08 PST,26.12,90.6,31.01,1008.2,18.7,34.6%,0.0,3.36,27.1,0.98,0.7,EVALUATING ⏳,2.49,
Hr 12,Min 09,2026-08-28 23:09 PST,26.14,90.5,31.03,1008.2,18.8,34.6%,0.0,3.36,27.1,0.96,0.7,EVALUATING ⏳,2.49,
Hr 12,Min 10,2026-08-28 23:10 PST,26.16,90.5,31.04,1008.2,18.8,34.6%,0.0,3.36,27.1,0.94,0.7,EVALUATING ⏳,2.49,
Hr 12,Min 11,2026-08-28 23:11 PST,26.17,90.5,31.05,1008.2,18.8,34.6%,0.0,3.36,27.1,0.93,0.7,EVALUATING ⏳,2.49,
Hr 12,Min 12,2026-08-28 23:12 PST,26.19,90.4,31.07,1008.2,18.8,34.6%,0.0,3.36,27.1,0.91,0.7,EVALUATING ⏳,2.49,
Hr 12,Min 13,2026-08-28 23:13 PST,26.21,90.3,31.08,1008.2,18.9,34.6%,0.0,3.36,27.1,0.89,0.7,EVALUATING ⏳,2.49,
Hr 12,Min 14,2026-08-28 23:14 PST,26.22,90.3,31.09,1008.2,18.9,34.6%,0.0,3.36,27.1,0.88,0.7,EVALUATING ⏳,2.49,
Hr 12,Min 15,2026-08-28 23:15 PST,26.24,90.2,31.11,1008.2,18.9,34.6%,0.0,3.36,27.1,0.86,0.7,EVALUATING ⏳,2.49,15-MIN CHECKPOINT (Min 15)
Hr 12,Min 16,2026-08-28 23:16 PST,26.26,90.2,31.12,1008.2,19.0,34.7%,0.0,3.36,27.1,0.84,0.7,EVALUATING ⏳,2.49,
Hr 12,Min 17,2026-08-28 23:17 PST,26.27,90.2,31.13,1008.2,19.0,34.7%,0.0,3.36,27.1,0.83,0.7,EVALUATING ⏳,2.49,
Hr 12,Min 18,2026-08-28 23:18 PST,26.29,90.1,31.15,1008.1,19.0,34.7%,0.0,3.36,27.1,0.81,0.7,EVALUATING ⏳,2.49,
Hr 12,Min 19,2026-08-28 23:19 PST,26.31,90.0,31.16,1008.1,19.0,34.7%,0.0,3.36,27.1,0.79,0.7,EVALUATING ⏳,2.49,
Hr 12,Min 20,2026-08-28 23:20 PST,26.32,90.0,31.17,1008.1,19.1,34.7%,0.0,3.36,27.1,0.78,0.7,EVALUATING ⏳,2.49,
Hr 12,Min 21,2026-08-28 23:21 PST,26.34,90.0,31.19,1008.1,19.1,34.7%,0.0,3.36,27.1,0.76,0.7,EVALUATING ⏳,2.49,
Hr 12,Min 22,2026-08-28 23:22 PST,26.36,89.9,31.2,1008.1,19.1,34.7%,0.0,3.36,27.1,0.74,0.7,EVALUATING ⏳,2.49,
Hr 12,Min 23,2026-08-28 23:23 PST,26.37,89.8,31.21,1008.1,19.2,34.7%,0.0,3.36,27.1,0.73,0.7,EVALUATING ⏳,2.49,
Hr 12,Min 24,2026-08-28 23:24 PST,26.39,89.8,31.23,1008.1,19.2,34.7%,0.0,3.36,27.1,0.71,0.7,EVALUATING ⏳,2.49,
Hr 12,Min 25,2026-08-28 23:25 PST,26.41,89.8,31.24,1008.1,19.2,34.7%,0.0,3.36,27.1,0.69,0.7,EVALUATING ⏳,2.49,
Hr 12,Min 26,2026-08-28 23:26 PST,26.42,89.7,31.25,1008.1,19.2,34.7%,0.0,3.36,27.1,0.68,0.7,EVALUATING ⏳,2.49,
Hr 12,Min 27,2026-08-28 23:27 PST,26.44,89.7,31.27,1008.1,19.3,34.7%,0.0,3.36,27.1,0.66,0.7,EVALUATING ⏳,2.49,
Hr 12,Min 28,2026-08-28 23:28 PST,26.46,89.6,31.28,1008.1,19.3,34.7%,0.0,3.36,27.1,0.64,0.7,EVALUATING ⏳,2.49,
Hr 12,Min 29,2026-08-28 23:29 PST,26.47,89.5,31.29,1008.1,19.3,34.7%,0.0,3.36,27.1,0.63,0.7,EVALUATING ⏳,2.49,
Hr 12,Min 30,2026-08-28 23:30 PST,26.49,89.5,31.31,1008.0,19.4,34.7%,0.0,3.36,27.1,0.61,0.7,EVALUATING ⏳,2.49,15-MIN CHECKPOINT (Min 30)
Hr 12,Min 31,2026-08-28 23:31 PST,26.51,89.5,31.32,1008.0,19.4,34.7%,0.0,3.36,27.1,0.59,0.7,EVALUATING ⏳,2.49,
Hr 12,Min 32,2026-08-28 23:32 PST,26.52,89.4,31.33,1008.0,19.4,34.7%,0.0,3.36,27.1,0.58,0.7,EVALUATING ⏳,2.49,
Hr 12,Min 33,2026-08-28 23:33 PST,26.54,89.3,31.35,1008.0,19.4,34.7%,0.0,3.36,27.1,0.56,0.7,EVALUATING ⏳,2.49,
Hr 12,Min 34,2026-08-28 23:34 PST,26.56,89.3,31.36,1008.0,19.5,34.8%,0.0,3.36,27.1,0.54,0.7,EVALUATING ⏳,2.49,
Hr 12,Min 35,2026-08-28 23:35 PST,26.57,89.2,31.37,1008.0,19.5,34.8%,0.0,3.36,27.1,0.53,0.7,EVALUATING ⏳,2.49,
Hr 12,Min 36,2026-08-28 23:36 PST,26.59,89.2,31.39,1008.0,19.5,34.8%,0.0,3.36,27.1,0.51,0.7,EVALUATING ⏳,2.49,
Hr 12,Min 37,2026-08-28 23:37 PST,26.61,89.2,31.4,1008.0,19.5,34.8%,0.0,3.36,27.1,0.49,0.7,EVALUATING ⏳,2.49,
Hr 12,Min 38,2026-08-28 23:38 PST,26.62,89.1,31.41,1008.0,19.6,34.8%,0.0,3.36,27.1,0.48,0.7,EVALUATING ⏳,2.49,
Hr 12,Min 39,2026-08-28 23:39 PST,26.64,89.0,31.43,1008.0,19.6,34.8%,0.0,3.36,27.1,0.46,0.7,EVALUATING ⏳,2.49,
Hr 12,Min 40,2026-08-28 23:40 PST,26.66,89.0,31.45,1008.0,19.6,34.8%,0.0,3.36,27.1,0.44,0.7,EVALUATING ⏳,2.49,
Hr 12,Min 41,2026-08-28 23:41 PST,26.67,89.0,31.45,1008.0,19.7,34.8%,0.0,3.36,27.1,0.43,0.7,EVALUATING ⏳,2.49,
Hr 12,Min 42,2026-08-28 23:42 PST,26.69,88.9,31.47,1007.9,19.7,34.8%,0.0,3.36,27.1,0.41,0.7,EVALUATING ⏳,2.49,
Hr 12,Min 43,2026-08-28 23:43 PST,26.71,88.8,31.49,1007.9,19.7,34.8%,0.0,3.36,27.1,0.39,0.7,EVALUATING ⏳,2.49,
Hr 12,Min 44,2026-08-28 23:44 PST,26.72,88.8,31.49,1007.9,19.7,34.8%,0.0,3.36,27.1,0.38,0.7,EVALUATING ⏳,2.49,
Hr 12,Min 45,2026-08-28 23:45 PST,26.74,88.8,31.51,1007.9,19.8,34.8%,0.0,3.36,27.1,0.36,0.7,EVALUATING ⏳,2.49,15-MIN CHECKPOINT (Min 45)
Hr 12,Min 46,2026-08-28 23:46 PST,26.76,88.7,31.53,1007.9,19.8,34.8%,0.0,3.36,27.1,0.34,0.7,EVALUATING ⏳,2.49,
Hr 12,Min 47,2026-08-28 23:47 PST,26.77,88.7,31.53,1007.9,19.8,34.8%,0.0,3.36,27.1,0.33,0.7,EVALUATING ⏳,2.49,
Hr 12,Min 48,2026-08-28 23:48 PST,26.79,88.6,31.55,1007.9,19.9,34.8%,0.0,3.36,27.1,0.31,0.7,EVALUATING ⏳,2.49,
Hr 12,Min 49,2026-08-28 23:49 PST,26.81,88.5,31.57,1007.9,19.9,34.8%,0.0,3.36,27.1,0.29,0.7,EVALUATING ⏳,2.49,
Hr 12,Min 50,2026-08-28 23:50 PST,26.82,88.5,31.57,1007.9,19.9,34.8%,0.0,3.36,27.1,0.28,0.7,EVALUATING ⏳,2.49,
Hr 12,Min 51,2026-08-28 23:51 PST,26.84,88.5,31.59,1007.9,19.9,34.8%,0.0,3.36,27.1,0.26,0.7,EVALUATING ⏳,2.49,
Hr 12,Min 52,2026-08-28 23:52 PST,26.86,88.4,31.61,1007.9,20.0,34.8%,0.0,3.36,27.1,0.24,0.7,EVALUATING ⏳,2.49,
Hr 12,Min 53,2026-08-28 23:53 PST,26.87,88.3,31.61,1007.9,20.0,34.8%,0.0,3.36,27.1,0.23,0.7,EVALUATING ⏳,2.49,
Hr 12,Min 54,2026-08-28 23:54 PST,26.89,88.3,31.63,1007.8,20.0,34.8%,0.0,3.36,27.1,0.21,0.7,EVALUATING ⏳,2.49,
Hr 12,Min 55,2026-08-28 23:55 PST,26.91,88.2,31.65,1007.8,20.1,34.8%,0.0,3.36,27.1,0.19,0.7,EVALUATING ⏳,2.49,
Hr 12,Min 56,2026-08-28 23:56 PST,26.92,88.2,31.65,1007.8,20.1,34.9%,0.0,3.36,27.1,0.18,0.7,EVALUATING ⏳,2.49,
Hr 12,Min 57,2026-08-28 23:57 PST,26.94,88.2,31.67,1007.8,20.1,34.9%,0.0,3.36,27.1,0.16,0.7,EVALUATING ⏳,2.49,
Hr 12,Min 58,2026-08-28 23:58 PST,26.96,88.1,31.69,1007.8,20.1,34.9%,0.0,3.36,27.1,0.14,0.7,EVALUATING ⏳,2.49,
Hr 12,Min 59,2026-08-28 23:59 PST,26.97,88.0,31.69,1007.8,20.2,34.9%,0.0,3.36,27.1,0.13,0.7,EVALUATING ⏳,2.49,
Hr 12,Min 60,2026-08-29 00:00 PST,26.99,88.0,31.71,1007.8,20.2,34.9%,0.0,3.36,27.1,0.11,0.7,EVALUATING ⏳,2.49,15-MIN CHECKPOINT (Min 60)
Hr 13,Min 01,2026-08-29 00:01 PST,27.01,87.9,31.73,1007.8,20.2,35.5%,0.06,3.36,28.1,1.09,0.6,EVALUATING ⏳,2.48,
Hr 13,Min 02,2026-08-29 00:02 PST,27.02,87.9,31.73,1007.8,20.2,35.5%,0.06,3.36,28.1,1.08,0.6,EVALUATING ⏳,2.48,
Hr 13,Min 03,2026-08-29 00:03 PST,27.04,87.8,31.75,1007.8,20.2,35.5%,0.07,3.36,28.1,1.06,0.6,EVALUATING ⏳,2.48,
Hr 13,Min 04,2026-08-29 00:04 PST,27.06,87.7,31.76,1007.8,20.2,35.5%,0.07,3.36,28.1,1.04,0.6,EVALUATING ⏳,2.48,
Hr 13,Min 05,2026-08-29 00:05 PST,27.07,87.7,31.77,1007.8,20.2,35.6%,0.07,3.36,28.1,1.03,0.6,EVALUATING ⏳,2.48,
Hr 13,Min 06,2026-08-29 00:06 PST,27.09,87.6,31.78,1007.8,20.2,35.6%,0.07,3.36,28.1,1.01,0.6,EVALUATING ⏳,2.48,
Hr 13,Min 07,2026-08-29 00:07 PST,27.11,87.5,31.8,1007.8,20.3,35.6%,0.07,3.36,28.1,0.99,0.6,EVALUATING ⏳,2.48,
Hr 13,Min 08,2026-08-29 00:08 PST,27.12,87.5,31.81,1007.7,20.3,35.6%,0.07,3.36,28.1,0.98,0.6,EVALUATING ⏳,2.48,
Hr 13,Min 09,2026-08-29 00:09 PST,27.14,87.4,31.82,1007.7,20.3,35.6%,0.07,3.36,28.1,0.96,0.6,EVALUATING ⏳,2.48,
Hr 13,Min 10,2026-08-29 00:10 PST,27.16,87.3,31.84,1007.7,20.3,35.6%,0.07,3.36,28.1,0.94,0.6,EVALUATING ⏳,2.48,
Hr 13,Min 11,2026-08-29 00:11 PST,27.17,87.3,31.84,1007.7,20.3,35.6%,0.07,3.36,28.1,0.93,0.6,EVALUATING ⏳,2.48,
Hr 13,Min 12,2026-08-29 00:12 PST,27.19,87.2,31.86,1007.7,20.3,35.6%,0.07,3.36,28.1,0.91,0.6,EVALUATING ⏳,2.48,
Hr 13,Min 13,2026-08-29 00:13 PST,27.21,87.1,31.87,1007.7,20.3,35.6%,0.07,3.36,28.1,0.89,0.6,EVALUATING ⏳,2.48,
Hr 13,Min 14,2026-08-29 00:14 PST,27.22,87.1,31.88,1007.7,20.3,35.6%,0.07,3.36,28.1,0.88,0.6,EVALUATING ⏳,2.48,
Hr 13,Min 15,2026-08-29 00:15 PST,27.24,87.0,31.89,1007.7,20.3,35.6%,0.07,3.36,28.1,0.86,0.6,EVALUATING ⏳,2.48,15-MIN CHECKPOINT (Min 15)
Hr 13,Min 16,2026-08-29 00:16 PST,27.26,86.9,31.91,1007.7,20.3,35.6%,0.07,3.36,28.1,0.84,0.6,EVALUATING ⏳,2.48,
Hr 13,Min 17,2026-08-29 00:17 PST,27.27,86.9,31.92,1007.7,20.3,35.6%,0.07,3.36,28.1,0.83,0.6,EVALUATING ⏳,2.48,
Hr 13,Min 18,2026-08-29 00:18 PST,27.29,86.8,31.93,1007.7,20.3,35.6%,0.07,3.36,28.1,0.81,0.6,EVALUATING ⏳,2.48,
Hr 13,Min 19,2026-08-29 00:19 PST,27.31,86.7,31.95,1007.7,20.4,35.6%,0.07,3.36,28.1,0.79,0.6,EVALUATING ⏳,2.48,
Hr 13,Min 20,2026-08-29 00:20 PST,27.32,86.7,31.95,1007.7,20.4,35.6%,0.07,3.36,28.1,0.78,0.6,EVALUATING ⏳,2.48,
Hr 13,Min 21,2026-08-29 00:21 PST,27.34,86.6,31.97,1007.7,20.4,35.6%,0.08,3.36,28.1,0.76,0.6,EVALUATING ⏳,2.48,
Hr 13,Min 22,2026-08-29 00:22 PST,27.36,86.5,31.98,1007.7,20.4,35.6%,0.08,3.36,28.1,0.74,0.6,EVALUATING ⏳,2.48,
Hr 13,Min 23,2026-08-29 00:23 PST,27.37,86.5,31.99,1007.6,20.4,35.6%,0.08,3.36,28.1,0.73,0.6,EVALUATING ⏳,2.48,
Hr 13,Min 24,2026-08-29 00:24 PST,27.39,86.4,32.01,1007.6,20.4,35.6%,0.08,3.36,28.1,0.71,0.6,EVALUATING ⏳,2.48,
Hr 13,Min 25,2026-08-29 00:25 PST,27.41,86.3,32.02,1007.6,20.4,35.6%,0.08,3.36,28.1,0.69,0.6,EVALUATING ⏳,2.48,
Hr 13,Min 26,2026-08-29 00:26 PST,27.43,86.3,32.04,1007.6,20.4,35.6%,0.08,3.36,28.1,0.67,0.6,EVALUATING ⏳,2.48,
Hr 13,Min 27,2026-08-29 00:27 PST,27.44,86.2,32.04,1007.6,20.4,35.6%,0.08,3.36,28.1,0.66,0.6,EVALUATING ⏳,2.48,
Hr 13,Min 28,2026-08-29 00:28 PST,27.46,86.1,32.06,1007.6,20.4,35.7%,0.08,3.36,28.1,0.64,0.6,EVALUATING ⏳,2.48,
Hr 13,Min 29,2026-08-29 00:29 PST,27.48,86.1,32.07,1007.6,20.4,35.7%,0.08,3.36,28.1,0.62,0.6,EVALUATING ⏳,2.48,
Hr 13,Min 30,2026-08-29 00:30 PST,27.49,86.0,32.08,1007.6,20.4,35.7%,0.08,3.36,28.1,0.61,0.6,EVALUATING ⏳,2.48,15-MIN CHECKPOINT (Min 30)
Hr 13,Min 31,2026-08-29 00:31 PST,27.51,85.9,32.1,1007.6,20.5,35.7%,0.08,3.36,28.1,0.59,0.6,EVALUATING ⏳,2.48,
Hr 13,Min 32,2026-08-29 00:32 PST,27.53,85.9,32.11,1007.6,20.5,35.7%,0.08,3.36,28.1,0.57,0.6,EVALUATING ⏳,2.48,
Hr 13,Min 33,2026-08-29 00:33 PST,27.54,85.8,32.12,1007.6,20.5,35.7%,0.08,3.36,28.1,0.56,0.6,EVALUATING ⏳,2.48,
Hr 13,Min 34,2026-08-29 00:34 PST,27.56,85.7,32.13,1007.6,20.5,35.7%,0.08,3.36,28.1,0.54,0.6,EVALUATING ⏳,2.48,
Hr 13,Min 35,2026-08-29 00:35 PST,27.58,85.7,32.15,1007.6,20.5,35.7%,0.08,3.36,28.1,0.52,0.6,EVALUATING ⏳,2.48,
Hr 13,Min 36,2026-08-29 00:36 PST,27.59,85.6,32.15,1007.6,20.5,35.7%,0.08,3.36,28.1,0.51,0.6,EVALUATING ⏳,2.48,
Hr 13,Min 37,2026-08-29 00:37 PST,27.61,85.5,32.17,1007.6,20.5,35.7%,0.08,3.36,28.1,0.49,0.6,EVALUATING ⏳,2.48,
Hr 13,Min 38,2026-08-29 00:38 PST,27.63,85.5,32.19,1007.5,20.5,35.7%,0.08,3.36,28.1,0.47,0.6,EVALUATING ⏳,2.48,
Hr 13,Min 39,2026-08-29 00:39 PST,27.64,85.4,32.19,1007.5,20.5,35.7%,0.08,3.36,28.1,0.46,0.6,EVALUATING ⏳,2.48,
Hr 13,Min 40,2026-08-29 00:40 PST,27.66,85.3,32.21,1007.5,20.5,35.7%,0.08,3.36,28.1,0.44,0.6,EVALUATING ⏳,2.48,
Hr 13,Min 41,2026-08-29 00:41 PST,27.68,85.3,32.22,1007.5,20.5,35.7%,0.08,3.36,28.1,0.42,0.6,EVALUATING ⏳,2.48,
Hr 13,Min 42,2026-08-29 00:42 PST,27.69,85.2,32.23,1007.5,20.6,35.7%,0.08,3.36,28.1,0.41,0.6,EVALUATING ⏳,2.48,
Hr 13,Min 43,2026-08-29 00:43 PST,27.71,85.1,32.24,1007.5,20.6,35.7%,0.08,3.36,28.1,0.39,0.6,EVALUATING ⏳,2.48,
Hr 13,Min 44,2026-08-29 00:44 PST,27.73,85.1,32.26,1007.5,20.6,35.7%,0.08,3.36,28.1,0.37,0.6,EVALUATING ⏳,2.48,
Hr 13,Min 45,2026-08-29 00:45 PST,27.74,85.0,32.27,1007.5,20.6,35.7%,0.08,3.36,28.1,0.36,0.6,EVALUATING ⏳,2.48,15-MIN CHECKPOINT (Min 45)
Hr 13,Min 46,2026-08-29 00:46 PST,27.76,84.9,32.28,1007.5,20.6,35.7%,0.08,3.36,28.1,0.34,0.6,EVALUATING ⏳,2.48,
Hr 13,Min 47,2026-08-29 00:47 PST,27.78,84.9,32.3,1007.5,20.6,35.7%,0.08,3.36,28.1,0.32,0.6,EVALUATING ⏳,2.48,
Hr 13,Min 48,2026-08-29 00:48 PST,27.79,84.8,32.3,1007.5,20.6,35.7%,0.08,3.36,28.1,0.31,0.6,EVALUATING ⏳,2.48,
Hr 13,Min 49,2026-08-29 00:49 PST,27.81,84.7,32.32,1007.5,20.6,35.7%,0.08,3.36,28.1,0.29,0.6,EVALUATING ⏳,2.48,
Hr 13,Min 50,2026-08-29 00:50 PST,27.83,84.7,32.33,1007.5,20.6,35.7%,0.08,3.36,28.1,0.27,0.6,EVALUATING ⏳,2.48,
Hr 13,Min 51,2026-08-29 00:51 PST,27.84,84.6,32.34,1007.5,20.6,35.7%,0.08,3.36,28.1,0.26,0.6,EVALUATING ⏳,2.48,
Hr 13,Min 52,2026-08-29 00:52 PST,27.86,84.5,32.35,1007.5,20.6,35.7%,0.08,3.36,28.1,0.24,0.6,EVALUATING ⏳,2.48,
Hr 13,Min 53,2026-08-29 00:53 PST,27.88,84.5,32.37,1007.4,20.6,35.7%,0.08,3.36,28.1,0.22,0.6,EVALUATING ⏳,2.48,
Hr 13,Min 54,2026-08-29 00:54 PST,27.89,84.4,32.38,1007.4,20.6,35.7%,0.08,3.36,28.1,0.21,0.6,EVALUATING ⏳,2.48,
Hr 13,Min 55,2026-08-29 00:55 PST,27.91,84.3,32.39,1007.4,20.7,35.7%,0.08,3.36,28.1,0.19,0.6,EVALUATING ⏳,2.48,
Hr 13,Min 56,2026-08-29 00:56 PST,27.93,84.3,32.41,1007.4,20.7,35.7%,0.08,3.36,28.1,0.17,0.6,EVALUATING ⏳,2.48,
Hr 13,Min 57,2026-08-29 00:57 PST,27.94,84.2,32.41,1007.4,20.7,35.7%,0.08,3.36,28.1,0.16,0.6,EVALUATING ⏳,2.48,
Hr 13,Min 58,2026-08-29 00:58 PST,27.96,84.1,32.43,1007.4,20.7,35.7%,0.08,3.36,28.1,0.14,0.6,EVALUATING ⏳,2.48,
Hr 13,Min 59,2026-08-29 00:59 PST,27.98,84.1,32.44,1007.4,20.7,35.7%,0.08,3.36,28.1,0.12,0.6,EVALUATING ⏳,2.48,
Hr 13,Min 60,2026-08-29 01:00 PST,27.99,84.0,32.45,1007.4,20.7,35.7%,0.08,3.36,28.1,0.11,0.6,EVALUATING ⏳,2.48,15-MIN CHECKPOINT (Min 60)
Hr 14,Min 01,2026-08-29 01:01 PST,27.99,83.9,32.45,1007.4,20.7,36.4%,0.16,3.36,27.9,0.09,0.4,EVALUATING ⏳,2.48,
Hr 14,Min 02,2026-08-29 01:02 PST,27.99,83.9,32.44,1007.4,20.8,36.4%,0.16,3.36,27.9,0.09,0.4,EVALUATING ⏳,2.48,
Hr 14,Min 03,2026-08-29 01:03 PST,27.99,83.8,32.44,1007.4,20.8,36.4%,0.16,3.36,27.9,0.09,0.4,EVALUATING ⏳,2.48,
Hr 14,Min 04,2026-08-29 01:04 PST,27.98,83.7,32.42,1007.4,20.9,36.4%,0.16,3.36,27.9,0.08,0.4,EVALUATING ⏳,2.48,
Hr 14,Min 05,2026-08-29 01:05 PST,27.98,83.7,32.42,1007.4,20.9,36.4%,0.16,3.36,27.9,0.08,0.4,EVALUATING ⏳,2.48,
Hr 14,Min 06,2026-08-29 01:06 PST,27.98,83.6,32.41,1007.3,20.9,36.4%,0.16,3.36,27.9,0.08,0.4,EVALUATING ⏳,2.48,
Hr 14,Min 07,2026-08-29 01:07 PST,27.97,83.5,32.4,1007.3,21.0,36.4%,0.16,3.36,27.9,0.07,0.4,EVALUATING ⏳,2.48,
Hr 14,Min 08,2026-08-29 01:08 PST,27.97,83.5,32.4,1007.3,21.0,36.4%,0.16,3.36,27.9,0.07,0.4,EVALUATING ⏳,2.48,
Hr 14,Min 09,2026-08-29 01:09 PST,27.97,83.4,32.39,1007.3,21.1,36.4%,0.16,3.36,27.9,0.07,0.4,EVALUATING ⏳,2.48,
Hr 14,Min 10,2026-08-29 01:10 PST,27.96,83.3,32.38,1007.3,21.1,36.4%,0.16,3.36,27.9,0.06,0.4,EVALUATING ⏳,2.48,
Hr 14,Min 11,2026-08-29 01:11 PST,27.96,83.3,32.37,1007.3,21.1,36.4%,0.16,3.36,27.9,0.06,0.4,EVALUATING ⏳,2.48,
Hr 14,Min 12,2026-08-29 01:12 PST,27.96,83.2,32.37,1007.3,21.2,36.4%,0.16,3.36,27.9,0.06,0.4,EVALUATING ⏳,2.48,
Hr 14,Min 13,2026-08-29 01:13 PST,27.95,83.1,32.35,1007.3,21.2,36.4%,0.16,3.36,27.9,0.05,0.4,EVALUATING ⏳,2.48,
Hr 14,Min 14,2026-08-29 01:14 PST,27.95,83.1,32.35,1007.3,21.3,36.4%,0.16,3.36,27.9,0.05,0.4,EVALUATING ⏳,2.48,
Hr 14,Min 15,2026-08-29 01:15 PST,27.95,83.0,32.34,1007.2,21.3,36.4%,0.16,3.36,27.9,0.05,0.4,EVALUATING ⏳,2.48,15-MIN CHECKPOINT (Min 15)
Hr 14,Min 16,2026-08-29 01:16 PST,27.94,82.9,32.33,1007.2,21.3,36.4%,0.16,3.36,27.9,0.04,0.4,EVALUATING ⏳,2.48,
Hr 14,Min 17,2026-08-29 01:17 PST,27.94,82.9,32.33,1007.2,21.4,36.4%,0.16,3.36,27.9,0.04,0.4,EVALUATING ⏳,2.48,
Hr 14,Min 18,2026-08-29 01:18 PST,27.94,82.8,32.32,1007.2,21.4,36.4%,0.16,3.36,27.9,0.04,0.4,EVALUATING ⏳,2.48,
Hr 14,Min 19,2026-08-29 01:19 PST,27.93,82.7,32.31,1007.2,21.5,36.4%,0.16,3.36,27.9,0.03,0.4,EVALUATING ⏳,2.48,
Hr 14,Min 20,2026-08-29 01:20 PST,27.93,82.7,32.3,1007.2,21.5,36.4%,0.16,3.36,27.9,0.03,0.4,EVALUATING ⏳,2.48,
Hr 14,Min 21,2026-08-29 01:21 PST,27.93,82.6,32.3,1007.2,21.5,36.4%,0.16,3.36,27.9,0.03,0.4,EVALUATING ⏳,2.48,
Hr 14,Min 22,2026-08-29 01:22 PST,27.92,82.5,32.28,1007.2,21.6,36.4%,0.16,3.36,27.9,0.02,0.4,EVALUATING ⏳,2.48,
Hr 14,Min 23,2026-08-29 01:23 PST,27.92,82.5,32.28,1007.2,21.6,36.4%,0.16,3.36,27.9,0.02,0.4,EVALUATING ⏳,2.48,
Hr 14,Min 24,2026-08-29 01:24 PST,27.92,82.4,32.28,1007.2,21.7,36.4%,0.16,3.36,27.9,0.02,0.4,EVALUATING ⏳,2.48,
Hr 14,Min 25,2026-08-29 01:25 PST,27.91,82.3,32.26,1007.1,21.7,36.4%,0.16,3.36,27.9,0.01,0.4,EVALUATING ⏳,2.48,
Hr 14,Min 26,2026-08-29 01:26 PST,27.91,82.3,32.26,1007.1,21.7,36.4%,0.16,3.36,27.9,0.01,0.4,EVALUATING ⏳,2.48,
Hr 14,Min 27,2026-08-29 01:27 PST,27.91,82.2,32.25,1007.1,21.8,36.4%,0.16,3.36,27.9,0.01,0.4,EVALUATING ⏳,2.48,
Hr 14,Min 28,2026-08-29 01:28 PST,27.9,82.1,32.24,1007.1,21.8,36.4%,0.16,3.36,27.9,0.0,0.4,EVALUATING ⏳,2.48,
Hr 14,Min 29,2026-08-29 01:29 PST,27.9,82.1,32.23,1007.1,21.9,36.4%,0.16,3.36,27.9,0.0,0.4,EVALUATING ⏳,2.48,
Hr 14,Min 30,2026-08-29 01:30 PST,27.9,82.0,32.23,1007.1,21.9,36.4%,0.16,3.36,27.9,0.0,0.4,EVALUATING ⏳,2.48,15-MIN CHECKPOINT (Min 30)
Hr 14,Min 31,2026-08-29 01:31 PST,27.89,81.9,32.22,1007.1,21.9,36.4%,0.16,3.36,27.9,0.01,0.4,EVALUATING ⏳,2.48,
Hr 14,Min 32,2026-08-29 01:32 PST,27.89,81.9,32.21,1007.1,22.0,36.4%,0.16,3.36,27.9,0.01,0.4,EVALUATING ⏳,2.48,
Hr 14,Min 33,2026-08-29 01:33 PST,27.89,81.8,32.21,1007.1,22.0,36.4%,0.16,3.36,27.9,0.01,0.4,EVALUATING ⏳,2.48,
Hr 14,Min 34,2026-08-29 01:34 PST,27.88,81.7,32.19,1007.1,22.1,36.4%,0.16,3.36,27.9,0.02,0.4,EVALUATING ⏳,2.48,
Hr 14,Min 35,2026-08-29 01:35 PST,27.88,81.7,32.19,1007.0,22.1,36.4%,0.16,3.36,27.9,0.02,0.4,EVALUATING ⏳,2.48,
Hr 14,Min 36,2026-08-29 01:36 PST,27.88,81.6,32.18,1007.0,22.1,36.4%,0.16,3.36,27.9,0.02,0.4,EVALUATING ⏳,2.48,
Hr 14,Min 37,2026-08-29 01:37 PST,27.87,81.5,32.17,1007.0,22.2,36.4%,0.16,3.36,27.9,0.03,0.4,EVALUATING ⏳,2.48,
Hr 14,Min 38,2026-08-29 01:38 PST,27.87,81.5,32.17,1007.0,22.2,36.4%,0.16,3.36,27.9,0.03,0.4,EVALUATING ⏳,2.48,
Hr 14,Min 39,2026-08-29 01:39 PST,27.87,81.4,32.16,1007.0,22.3,36.4%,0.16,3.36,27.9,0.03,0.4,EVALUATING ⏳,2.48,
Hr 14,Min 40,2026-08-29 01:40 PST,27.86,81.3,32.15,1007.0,22.3,36.4%,0.16,3.36,27.9,0.04,0.4,EVALUATING ⏳,2.48,
Hr 14,Min 41,2026-08-29 01:41 PST,27.86,81.3,32.14,1007.0,22.3,36.3%,0.16,3.36,27.9,0.04,0.4,EVALUATING ⏳,2.48,
Hr 14,Min 42,2026-08-29 01:42 PST,27.86,81.2,32.14,1007.0,22.4,36.3%,0.16,3.36,27.9,0.04,0.4,EVALUATING ⏳,2.48,
Hr 14,Min 43,2026-08-29 01:43 PST,27.85,81.1,32.12,1007.0,22.4,36.3%,0.16,3.36,27.9,0.05,0.4,EVALUATING ⏳,2.48,
Hr 14,Min 44,2026-08-29 01:44 PST,27.85,81.1,32.12,1007.0,22.5,36.3%,0.16,3.36,27.9,0.05,0.4,EVALUATING ⏳,2.48,
Hr 14,Min 45,2026-08-29 01:45 PST,27.85,81.0,32.12,1006.9,22.5,36.3%,0.16,3.36,27.9,0.05,0.4,EVALUATING ⏳,2.48,15-MIN CHECKPOINT (Min 45)
Hr 14,Min 46,2026-08-29 01:46 PST,27.84,80.9,32.1,1006.9,22.5,36.3%,0.16,3.36,27.9,0.06,0.4,EVALUATING ⏳,2.48,
Hr 14,Min 47,2026-08-29 01:47 PST,27.84,80.9,32.1,1006.9,22.6,36.3%,0.16,3.36,27.9,0.06,0.4,EVALUATING ⏳,2.48,
Hr 14,Min 48,2026-08-29 01:48 PST,27.84,80.8,32.09,1006.9,22.6,36.3%,0.16,3.36,27.9,0.06,0.4,EVALUATING ⏳,2.48,
Hr 14,Min 49,2026-08-29 01:49 PST,27.83,80.7,32.08,1006.9,22.7,36.3%,0.16,3.36,27.9,0.07,0.4,EVALUATING ⏳,2.48,
Hr 14,Min 50,2026-08-29 01:50 PST,27.83,80.7,32.07,1006.9,22.7,36.3%,0.16,3.36,27.9,0.07,0.4,EVALUATING ⏳,2.48,
Hr 14,Min 51,2026-08-29 01:51 PST,27.83,80.6,32.07,1006.9,22.7,36.3%,0.16,3.36,27.9,0.07,0.4,EVALUATING ⏳,2.48,
Hr 14,Min 52,2026-08-29 01:52 PST,27.82,80.5,32.05,1006.9,22.8,36.3%,0.16,3.36,27.9,0.08,0.4,EVALUATING ⏳,2.48,
Hr 14,Min 53,2026-08-29 01:53 PST,27.82,80.5,32.05,1006.9,22.8,36.3%,0.16,3.36,27.9,0.08,0.4,EVALUATING ⏳,2.48,
Hr 14,Min 54,2026-08-29 01:54 PST,27.82,80.4,32.05,1006.9,22.9,36.3%,0.16,3.36,27.9,0.08,0.4,EVALUATING ⏳,2.48,
Hr 14,Min 55,2026-08-29 01:55 PST,27.81,80.3,32.03,1006.8,22.9,36.3%,0.16,3.36,27.9,0.09,0.4,EVALUATING ⏳,2.48,
Hr 14,Min 56,2026-08-29 01:56 PST,27.81,80.3,32.03,1006.8,22.9,36.3%,0.16,3.36,27.9,0.09,0.4,EVALUATING ⏳,2.48,
Hr 14,Min 57,2026-08-29 01:57 PST,27.81,80.2,32.02,1006.8,23.0,36.3%,0.16,3.36,27.9,0.09,0.4,EVALUATING ⏳,2.48,
Hr 14,Min 58,2026-08-29 01:58 PST,27.8,80.1,32.01,1006.8,23.0,36.3%,0.16,3.36,27.9,0.1,0.4,EVALUATING ⏳,2.48,
Hr 14,Min 59,2026-08-29 01:59 PST,27.8,80.1,32.0,1006.8,23.1,36.3%,0.16,3.36,27.9,0.1,0.4,EVALUATING ⏳,2.48,
Hr 14,Min 60,2026-08-29 02:00 PST,27.8,80.0,32.0,1006.8,23.1,36.3%,0.16,3.36,27.9,0.1,0.4,EVALUATING ⏳,2.48,15-MIN CHECKPOINT (Min 60)
Hr 15,Min 01,2026-08-29 02:01 PST,27.8,80.0,32.0,1006.8,23.1,36.9%,0.23,3.36,28.0,0.2,0.4,EVALUATING ⏳,2.48,
Hr 15,Min 02,2026-08-29 02:02 PST,27.8,80.0,32.0,1006.8,23.1,36.9%,0.23,3.36,28.0,0.2,0.4,EVALUATING ⏳,2.48,
Hr 15,Min 03,2026-08-29 02:03 PST,27.8,80.0,32.0,1006.8,23.1,36.9%,0.23,3.36,28.0,0.2,0.4,EVALUATING ⏳,2.48,
Hr 15,Min 04,2026-08-29 02:04 PST,27.8,80.0,32.0,1006.8,23.1,36.9%,0.23,3.36,28.0,0.2,0.4,EVALUATING ⏳,2.48,
Hr 15,Min 05,2026-08-29 02:05 PST,27.81,80.0,32.01,1006.8,23.1,36.9%,0.23,3.36,28.0,0.19,0.4,EVALUATING ⏳,2.48,
Hr 15,Min 06,2026-08-29 02:06 PST,27.81,80.0,32.01,1006.8,23.1,36.9%,0.23,3.36,28.0,0.19,0.4,EVALUATING ⏳,2.48,
Hr 15,Min 07,2026-08-29 02:07 PST,27.81,80.0,32.01,1006.8,23.1,36.9%,0.23,3.36,28.0,0.19,0.4,EVALUATING ⏳,2.48,
Hr 15,Min 08,2026-08-29 02:08 PST,27.81,80.0,32.01,1006.7,23.1,36.9%,0.23,3.36,28.0,0.19,0.4,EVALUATING ⏳,2.48,
Hr 15,Min 09,2026-08-29 02:09 PST,27.81,80.0,32.01,1006.7,23.1,36.9%,0.23,3.37,28.0,0.19,0.4,EVALUATING ⏳,2.48,
Hr 15,Min 10,2026-08-29 02:10 PST,27.81,80.0,32.01,1006.7,23.1,36.9%,0.23,3.37,28.0,0.19,0.4,EVALUATING ⏳,2.48,
Hr 15,Min 11,2026-08-29 02:11 PST,27.82,80.0,32.02,1006.7,23.1,36.9%,0.23,3.37,28.0,0.18,0.4,EVALUATING ⏳,2.48,
Hr 15,Min 12,2026-08-29 02:12 PST,27.82,80.0,32.02,1006.7,23.1,36.9%,0.23,3.37,28.0,0.18,0.4,EVALUATING ⏳,2.48,
Hr 15,Min 13,2026-08-29 02:13 PST,27.82,80.0,32.02,1006.7,23.1,36.9%,0.23,3.37,28.0,0.18,0.4,EVALUATING ⏳,2.48,
Hr 15,Min 14,2026-08-29 02:14 PST,27.82,80.0,32.02,1006.7,23.1,36.9%,0.23,3.37,28.0,0.18,0.4,EVALUATING ⏳,2.48,
Hr 15,Min 15,2026-08-29 02:15 PST,27.82,80.0,32.02,1006.7,23.1,36.9%,0.23,3.37,28.0,0.18,0.4,EVALUATING ⏳,2.48,15-MIN CHECKPOINT (Min 15)
Hr 15,Min 16,2026-08-29 02:16 PST,27.82,80.0,32.02,1006.7,23.1,36.9%,0.23,3.37,28.0,0.18,0.4,EVALUATING ⏳,2.48,
Hr 15,Min 17,2026-08-29 02:17 PST,27.83,80.0,32.03,1006.7,23.1,36.9%,0.23,3.37,28.0,0.17,0.4,EVALUATING ⏳,2.48,
Hr 15,Min 18,2026-08-29 02:18 PST,27.83,80.0,32.03,1006.7,23.1,36.9%,0.23,3.37,28.0,0.17,0.4,EVALUATING ⏳,2.48,
Hr 15,Min 19,2026-08-29 02:19 PST,27.83,80.0,32.03,1006.7,23.1,36.9%,0.23,3.37,28.0,0.17,0.4,EVALUATING ⏳,2.48,
Hr 15,Min 20,2026-08-29 02:20 PST,27.83,80.0,32.03,1006.7,23.1,36.9%,0.23,3.37,28.0,0.17,0.4,EVALUATING ⏳,2.48,
Hr 15,Min 21,2026-08-29 02:21 PST,27.83,80.0,32.03,1006.7,23.1,36.9%,0.23,3.37,28.0,0.17,0.4,EVALUATING ⏳,2.48,
Hr 15,Min 22,2026-08-29 02:22 PST,27.83,80.0,32.03,1006.7,23.1,36.9%,0.23,3.37,28.0,0.17,0.4,EVALUATING ⏳,2.48,
Hr 15,Min 23,2026-08-29 02:23 PST,27.84,80.0,32.04,1006.6,23.1,36.9%,0.23,3.37,28.0,0.16,0.4,EVALUATING ⏳,2.48,
Hr 15,Min 24,2026-08-29 02:24 PST,27.84,80.0,32.04,1006.6,23.1,36.9%,0.23,3.37,28.0,0.16,0.4,EVALUATING ⏳,2.48,
Hr 15,Min 25,2026-08-29 02:25 PST,27.84,80.0,32.04,1006.6,23.1,36.9%,0.23,3.37,28.0,0.16,0.4,EVALUATING ⏳,2.48,
Hr 15,Min 26,2026-08-29 02:26 PST,27.84,80.0,32.04,1006.6,23.1,36.9%,0.23,3.37,28.0,0.16,0.4,EVALUATING ⏳,2.48,
Hr 15,Min 27,2026-08-29 02:27 PST,27.84,80.0,32.04,1006.6,23.1,36.9%,0.23,3.37,28.0,0.16,0.4,EVALUATING ⏳,2.48,
Hr 15,Min 28,2026-08-29 02:28 PST,27.84,80.0,32.04,1006.6,23.1,36.9%,0.23,3.37,28.0,0.16,0.4,EVALUATING ⏳,2.48,
Hr 15,Min 29,2026-08-29 02:29 PST,27.85,80.0,32.05,1006.6,23.1,36.9%,0.23,3.37,28.0,0.15,0.4,EVALUATING ⏳,2.48,
Hr 15,Min 30,2026-08-29 02:30 PST,27.85,80.0,32.05,1006.6,23.1,36.9%,0.23,3.37,28.0,0.15,0.4,EVALUATING ⏳,2.48,15-MIN CHECKPOINT (Min 30)
Hr 15,Min 31,2026-08-29 02:31 PST,27.85,80.0,32.05,1006.6,23.1,36.9%,0.23,3.37,28.0,0.15,0.4,EVALUATING ⏳,2.48,
Hr 15,Min 32,2026-08-29 02:32 PST,27.85,80.0,32.05,1006.6,23.1,36.9%,0.22,3.37,28.0,0.15,0.4,EVALUATING ⏳,2.48,
Hr 15,Min 33,2026-08-29 02:33 PST,27.85,80.0,32.05,1006.6,23.1,36.9%,0.22,3.37,28.0,0.15,0.4,EVALUATING ⏳,2.48,
Hr 15,Min 34,2026-08-29 02:34 PST,27.85,80.0,32.05,1006.6,23.1,36.9%,0.22,3.37,28.0,0.15,0.4,EVALUATING ⏳,2.48,
Hr 15,Min 35,2026-08-29 02:35 PST,27.86,80.0,32.06,1006.6,23.1,36.9%,0.22,3.37,28.0,0.14,0.4,EVALUATING ⏳,2.48,
Hr 15,Min 36,2026-08-29 02:36 PST,27.86,80.0,32.06,1006.6,23.1,36.9%,0.22,3.37,28.0,0.14,0.4,EVALUATING ⏳,2.48,
Hr 15,Min 37,2026-08-29 02:37 PST,27.86,80.0,32.06,1006.6,23.1,36.9%,0.22,3.37,28.0,0.14,0.4,EVALUATING ⏳,2.48,
Hr 15,Min 38,2026-08-29 02:38 PST,27.86,80.0,32.06,1006.5,23.1,36.9%,0.22,3.37,28.0,0.14,0.4,EVALUATING ⏳,2.48,
Hr 15,Min 39,2026-08-29 02:39 PST,27.86,80.0,32.06,1006.5,23.1,36.8%,0.22,3.37,28.0,0.14,0.4,EVALUATING ⏳,2.48,
Hr 15,Min 40,2026-08-29 02:40 PST,27.86,80.0,32.06,1006.5,23.1,36.8%,0.22,3.37,28.0,0.14,0.4,EVALUATING ⏳,2.48,
Hr 15,Min 41,2026-08-29 02:41 PST,27.86,80.0,32.06,1006.5,23.1,36.8%,0.22,3.37,28.0,0.14,0.4,EVALUATING ⏳,2.48,
Hr 15,Min 42,2026-08-29 02:42 PST,27.87,80.0,32.07,1006.5,23.1,36.8%,0.22,3.37,28.0,0.13,0.4,EVALUATING ⏳,2.48,
Hr 15,Min 43,2026-08-29 02:43 PST,27.87,80.0,32.07,1006.5,23.1,36.8%,0.22,3.37,28.0,0.13,0.4,EVALUATING ⏳,2.48,
Hr 15,Min 44,2026-08-29 02:44 PST,27.87,80.0,32.07,1006.5,23.1,36.8%,0.22,3.37,28.0,0.13,0.4,EVALUATING ⏳,2.48,
Hr 15,Min 45,2026-08-29 02:45 PST,27.87,80.0,32.07,1006.5,23.1,36.8%,0.22,3.37,28.0,0.13,0.4,EVALUATING ⏳,2.48,15-MIN CHECKPOINT (Min 45)
Hr 15,Min 46,2026-08-29 02:46 PST,27.87,80.0,32.07,1006.5,23.1,36.8%,0.22,3.37,28.0,0.13,0.4,EVALUATING ⏳,2.48,
Hr 15,Min 47,2026-08-29 02:47 PST,27.87,80.0,32.07,1006.5,23.1,36.8%,0.22,3.37,28.0,0.13,0.4,EVALUATING ⏳,2.48,
Hr 15,Min 48,2026-08-29 02:48 PST,27.88,80.0,32.08,1006.5,23.1,36.8%,0.22,3.37,28.0,0.12,0.4,EVALUATING ⏳,2.48,
Hr 15,Min 49,2026-08-29 02:49 PST,27.88,80.0,32.08,1006.5,23.1,36.8%,0.22,3.37,28.0,0.12,0.4,EVALUATING ⏳,2.48,
Hr 15,Min 50,2026-08-29 02:50 PST,27.88,80.0,32.08,1006.5,23.1,36.8%,0.22,3.37,28.0,0.12,0.4,EVALUATING ⏳,2.48,
Hr 15,Min 51,2026-08-29 02:51 PST,27.88,80.0,32.08,1006.5,23.1,36.8%,0.22,3.37,28.0,0.12,0.4,EVALUATING ⏳,2.48,
Hr 15,Min 52,2026-08-29 02:52 PST,27.88,80.0,32.08,1006.5,23.1,36.8%,0.22,3.37,28.0,0.12,0.4,EVALUATING ⏳,2.48,
Hr 15,Min 53,2026-08-29 02:53 PST,27.88,80.0,32.08,1006.4,23.1,36.8%,0.22,3.37,28.0,0.12,0.4,EVALUATING ⏳,2.48,
Hr 15,Min 54,2026-08-29 02:54 PST,27.89,80.0,32.09,1006.4,23.1,36.8%,0.22,3.37,28.0,0.11,0.4,EVALUATING ⏳,2.48,
Hr 15,Min 55,2026-08-29 02:55 PST,27.89,80.0,32.09,1006.4,23.1,36.8%,0.21,3.37,28.0,0.11,0.4,EVALUATING ⏳,2.48,
Hr 15,Min 56,2026-08-29 02:56 PST,27.89,80.0,32.09,1006.4,23.1,36.8%,0.21,3.37,28.0,0.11,0.4,EVALUATING ⏳,2.48,
Hr 15,Min 57,2026-08-29 02:57 PST,27.89,80.0,32.09,1006.4,23.1,36.8%,0.21,3.37,28.0,0.11,0.4,EVALUATING ⏳,2.48,
Hr 15,Min 58,2026-08-29 02:58 PST,27.89,80.0,32.09,1006.4,23.1,36.8%,0.21,3.37,28.0,0.11,0.4,EVALUATING ⏳,2.48,
Hr 15,Min 59,2026-08-29 02:59 PST,27.89,80.0,32.09,1006.4,23.1,36.8%,0.21,3.37,28.0,0.11,0.4,EVALUATING ⏳,2.48,
Hr 15,Min 60,2026-08-29 03:00 PST,27.9,80.0,32.1,1006.4,23.1,36.8%,0.21,3.37,28.0,0.1,0.4,EVALUATING ⏳,2.48,15-MIN CHECKPOINT (Min 60)
Hr 16,Min 01,2026-08-29 03:01 PST,27.88,80.2,32.09,1006.4,23.0,37.4%,0.29,3.37,26.7,1.18,0.6,EVALUATING ⏳,2.48,
Hr 16,Min 02,2026-08-29 03:02 PST,27.85,80.3,32.07,1006.4,22.9,37.4%,0.29,3.37,26.7,1.15,0.6,EVALUATING ⏳,2.48,
Hr 16,Min 03,2026-08-29 03:03 PST,27.83,80.5,32.06,1006.4,22.8,37.4%,0.29,3.37,26.7,1.13,0.6,EVALUATING ⏳,2.48,
Hr 16,Min 04,2026-08-29 03:04 PST,27.81,80.6,32.05,1006.4,22.8,37.4%,0.29,3.37,26.7,1.11,0.6,EVALUATING ⏳,2.48,
Hr 16,Min 05,2026-08-29 03:05 PST,27.79,80.8,32.04,1006.4,22.7,37.4%,0.29,3.37,26.7,1.09,0.6,EVALUATING ⏳,2.48,
Hr 16,Min 06,2026-08-29 03:06 PST,27.77,80.9,32.03,1006.4,22.6,37.4%,0.29,3.37,26.7,1.07,0.6,EVALUATING ⏳,2.48,
Hr 16,Min 07,2026-08-29 03:07 PST,27.75,81.0,32.02,1006.4,22.5,37.4%,0.29,3.37,26.7,1.05,0.6,EVALUATING ⏳,2.48,
Hr 16,Min 08,2026-08-29 03:08 PST,27.72,81.2,32.0,1006.4,22.4,37.4%,0.29,3.37,26.7,1.02,0.6,EVALUATING ⏳,2.48,
Hr 16,Min 09,2026-08-29 03:09 PST,27.7,81.3,31.99,1006.4,22.3,37.4%,0.28,3.37,26.7,1.0,0.6,EVALUATING ⏳,2.48,
Hr 16,Min 10,2026-08-29 03:10 PST,27.68,81.5,31.98,1006.4,22.2,37.4%,0.28,3.37,26.7,0.98,0.6,EVALUATING ⏳,2.48,
Hr 16,Min 11,2026-08-29 03:11 PST,27.66,81.7,31.97,1006.3,22.1,37.4%,0.28,3.37,26.7,0.96,0.6,EVALUATING ⏳,2.48,
Hr 16,Min 12,2026-08-29 03:12 PST,27.64,81.8,31.96,1006.3,22.1,37.4%,0.28,3.37,26.7,0.94,0.6,EVALUATING ⏳,2.48,
Hr 16,Min 13,2026-08-29 03:13 PST,27.62,82.0,31.95,1006.3,22.0,37.4%,0.28,3.37,26.7,0.92,0.6,EVALUATING ⏳,2.48,
Hr 16,Min 14,2026-08-29 03:14 PST,27.59,82.1,31.93,1006.3,21.9,37.4%,0.28,3.37,26.7,0.89,0.6,EVALUATING ⏳,2.48,
Hr 16,Min 15,2026-08-29 03:15 PST,27.57,82.2,31.92,1006.3,21.8,37.4%,0.28,3.37,26.7,0.87,0.6,EVALUATING ⏳,2.48,15-MIN CHECKPOINT (Min 15)
Hr 16,Min 16,2026-08-29 03:16 PST,27.55,82.4,31.91,1006.3,21.7,37.4%,0.28,3.37,26.7,0.85,0.6,EVALUATING ⏳,2.48,
Hr 16,Min 17,2026-08-29 03:17 PST,27.53,82.5,31.9,1006.3,21.6,37.4%,0.28,3.37,26.7,0.83,0.6,EVALUATING ⏳,2.48,
Hr 16,Min 18,2026-08-29 03:18 PST,27.51,82.7,31.89,1006.3,21.5,37.4%,0.28,3.37,26.7,0.81,0.6,EVALUATING ⏳,2.48,
Hr 16,Min 19,2026-08-29 03:19 PST,27.49,82.8,31.88,1006.3,21.5,37.3%,0.28,3.37,26.7,0.79,0.6,EVALUATING ⏳,2.48,
Hr 16,Min 20,2026-08-29 03:20 PST,27.46,83.0,31.86,1006.3,21.4,37.3%,0.28,3.38,26.7,0.76,0.6,EVALUATING ⏳,2.48,
Hr 16,Min 21,2026-08-29 03:21 PST,27.44,83.2,31.84,1006.3,21.3,37.3%,0.28,3.38,26.7,0.74,0.6,EVALUATING ⏳,2.48,
Hr 16,Min 22,2026-08-29 03:22 PST,27.42,83.3,31.83,1006.3,21.2,37.3%,0.28,3.38,26.7,0.72,0.6,EVALUATING ⏳,2.48,
Hr 16,Min 23,2026-08-29 03:23 PST,27.4,83.5,31.82,1006.3,21.1,37.3%,0.28,3.38,26.7,0.7,0.6,EVALUATING ⏳,2.48,
Hr 16,Min 24,2026-08-29 03:24 PST,27.38,83.6,31.81,1006.3,21.0,37.3%,0.28,3.38,26.7,0.68,0.6,EVALUATING ⏳,2.48,
Hr 16,Min 25,2026-08-29 03:25 PST,27.35,83.8,31.79,1006.3,20.9,37.3%,0.28,3.38,26.7,0.65,0.6,EVALUATING ⏳,2.48,
Hr 16,Min 26,2026-08-29 03:26 PST,27.33,83.9,31.78,1006.3,20.8,37.3%,0.28,3.38,26.7,0.63,0.6,EVALUATING ⏳,2.48,
Hr 16,Min 27,2026-08-29 03:27 PST,27.31,84.0,31.77,1006.3,20.8,37.3%,0.28,3.38,26.7,0.61,0.6,EVALUATING ⏳,2.48,
Hr 16,Min 28,2026-08-29 03:28 PST,27.29,84.2,31.76,1006.3,20.7,37.3%,0.28,3.38,26.7,0.59,0.6,EVALUATING ⏳,2.48,
Hr 16,Min 29,2026-08-29 03:29 PST,27.27,84.3,31.75,1006.3,20.6,37.3%,0.28,3.38,26.7,0.57,0.6,EVALUATING ⏳,2.48,
Hr 16,Min 30,2026-08-29 03:30 PST,27.25,84.5,31.74,1006.2,20.5,37.3%,0.28,3.38,26.7,0.55,0.6,EVALUATING ⏳,2.48,15-MIN CHECKPOINT (Min 30)
Hr 16,Min 31,2026-08-29 03:31 PST,27.22,84.7,31.72,1006.2,20.4,37.3%,0.28,3.38,26.7,0.52,0.6,EVALUATING ⏳,2.48,
Hr 16,Min 32,2026-08-29 03:32 PST,27.2,84.8,31.71,1006.2,20.3,37.3%,0.28,3.38,26.7,0.5,0.6,EVALUATING ⏳,2.48,
Hr 16,Min 33,2026-08-29 03:33 PST,27.18,85.0,31.7,1006.2,20.2,37.3%,0.28,3.38,26.7,0.48,0.6,EVALUATING ⏳,2.48,
Hr 16,Min 34,2026-08-29 03:34 PST,27.16,85.1,31.69,1006.2,20.2,37.3%,0.28,3.38,26.7,0.46,0.6,EVALUATING ⏳,2.48,
Hr 16,Min 35,2026-08-29 03:35 PST,27.14,85.2,31.68,1006.2,20.1,37.3%,0.28,3.38,26.7,0.44,0.6,EVALUATING ⏳,2.48,
Hr 16,Min 36,2026-08-29 03:36 PST,27.12,85.4,31.67,1006.2,20.0,37.3%,0.28,3.38,26.7,0.42,0.6,EVALUATING ⏳,2.48,
Hr 16,Min 37,2026-08-29 03:37 PST,27.09,85.5,31.65,1006.2,19.9,37.3%,0.28,3.38,26.7,0.39,0.6,EVALUATING ⏳,2.48,
Hr 16,Min 38,2026-08-29 03:38 PST,27.07,85.7,31.64,1006.2,19.8,37.3%,0.28,3.38,26.7,0.37,0.6,EVALUATING ⏳,2.48,
Hr 16,Min 39,2026-08-29 03:39 PST,27.05,85.8,31.63,1006.2,19.7,37.3%,0.28,3.38,26.7,0.35,0.6,EVALUATING ⏳,2.48,
Hr 16,Min 40,2026-08-29 03:40 PST,27.03,86.0,31.62,1006.2,19.6,37.3%,0.28,3.38,26.7,0.33,0.6,EVALUATING ⏳,2.48,
Hr 16,Min 41,2026-08-29 03:41 PST,27.01,86.2,31.61,1006.2,19.5,37.3%,0.28,3.38,26.7,0.31,0.6,EVALUATING ⏳,2.48,
Hr 16,Min 42,2026-08-29 03:42 PST,26.99,86.3,31.6,1006.2,19.5,37.3%,0.28,3.38,26.7,0.29,0.6,EVALUATING ⏳,2.48,
Hr 16,Min 43,2026-08-29 03:43 PST,26.96,86.5,31.58,1006.2,19.4,37.3%,0.28,3.38,26.7,0.26,0.6,EVALUATING ⏳,2.48,
Hr 16,Min 44,2026-08-29 03:44 PST,26.94,86.6,31.57,1006.2,19.3,37.3%,0.28,3.38,26.7,0.24,0.6,EVALUATING ⏳,2.48,
Hr 16,Min 45,2026-08-29 03:45 PST,26.92,86.8,31.56,1006.2,19.2,37.3%,0.28,3.38,26.7,0.22,0.6,EVALUATING ⏳,2.48,15-MIN CHECKPOINT (Min 45)
Hr 16,Min 46,2026-08-29 03:46 PST,26.9,86.9,31.55,1006.2,19.1,37.3%,0.28,3.38,26.7,0.2,0.6,EVALUATING ⏳,2.48,
Hr 16,Min 47,2026-08-29 03:47 PST,26.88,87.0,31.54,1006.2,19.0,37.3%,0.28,3.38,26.7,0.18,0.6,EVALUATING ⏳,2.48,
Hr 16,Min 48,2026-08-29 03:48 PST,26.85,87.2,31.52,1006.2,18.9,37.3%,0.28,3.38,26.7,0.15,0.6,EVALUATING ⏳,2.48,
Hr 16,Min 49,2026-08-29 03:49 PST,26.83,87.3,31.51,1006.2,18.9,37.3%,0.28,3.38,26.7,0.13,0.6,EVALUATING ⏳,2.48,
Hr 16,Min 50,2026-08-29 03:50 PST,26.81,87.5,31.5,1006.1,18.8,37.3%,0.28,3.38,26.7,0.11,0.6,EVALUATING ⏳,2.48,
Hr 16,Min 51,2026-08-29 03:51 PST,26.79,87.7,31.49,1006.1,18.7,37.3%,0.28,3.38,26.7,0.09,0.6,EVALUATING ⏳,2.48,
Hr 16,Min 52,2026-08-29 03:52 PST,26.77,87.8,31.48,1006.1,18.6,37.3%,0.28,3.38,26.7,0.07,0.6,EVALUATING ⏳,2.48,
Hr 16,Min 53,2026-08-29 03:53 PST,26.75,88.0,31.47,1006.1,18.5,37.3%,0.28,3.38,26.7,0.05,0.6,EVALUATING ⏳,2.48,
Hr 16,Min 54,2026-08-29 03:54 PST,26.72,88.1,31.45,1006.1,18.4,37.3%,0.28,3.38,26.7,0.02,0.6,EVALUATING ⏳,2.48,
Hr 16,Min 55,2026-08-29 03:55 PST,26.7,88.2,31.44,1006.1,18.3,37.3%,0.28,3.38,26.7,0.0,0.6,EVALUATING ⏳,2.48,
Hr 16,Min 56,2026-08-29 03:56 PST,26.68,88.4,31.43,1006.1,18.2,37.3%,0.28,3.38,26.7,0.02,0.6,EVALUATING ⏳,2.48,
Hr 16,Min 57,2026-08-29 03:57 PST,26.66,88.5,31.42,1006.1,18.2,37.3%,0.28,3.38,26.7,0.04,0.6,EVALUATING ⏳,2.48,
Hr 16,Min 58,2026-08-29 03:58 PST,26.64,88.7,31.41,1006.1,18.1,37.3%,0.28,3.38,26.7,0.06,0.6,EVALUATING ⏳,2.48,
Hr 16,Min 59,2026-08-29 03:59 PST,26.62,88.8,31.4,1006.1,18.0,37.3%,0.28,3.38,26.7,0.08,0.6,EVALUATING ⏳,2.48,
Hr 16,Min 60,2026-08-29 04:00 PST,26.59,89.0,31.38,1006.1,17.9,37.3%,0.28,3.38,26.7,0.11,0.6,EVALUATING ⏳,2.48,15-MIN CHECKPOINT (Min 60)
Hr 17,Min 01,2026-08-29 04:01 PST,26.59,89.0,31.38,1006.1,17.9,37.9%,0.35,3.38,26.2,0.39,0.7,EVALUATING ⏳,2.48,
Hr 17,Min 02,2026-08-29 04:02 PST,26.58,89.1,31.37,1006.1,17.8,38.0%,0.35,3.38,26.2,0.38,0.7,EVALUATING ⏳,2.48,
Hr 17,Min 03,2026-08-29 04:03 PST,26.57,89.1,31.36,1006.1,17.8,38.0%,0.36,3.38,26.2,0.37,0.7,EVALUATING ⏳,2.48,
Hr 17,Min 04,2026-08-29 04:04 PST,26.56,89.1,31.35,1006.1,17.7,38.0%,0.36,3.38,26.2,0.36,0.7,EVALUATING ⏳,2.48,
Hr 17,Min 05,2026-08-29 04:05 PST,26.55,89.2,31.35,1006.1,17.7,38.0%,0.36,3.38,26.2,0.35,0.7,EVALUATING ⏳,2.48,
Hr 17,Min 06,2026-08-29 04:06 PST,26.54,89.2,31.34,1006.1,17.7,38.0%,0.36,3.38,26.2,0.34,0.7,EVALUATING ⏳,2.48,
Hr 17,Min 07,2026-08-29 04:07 PST,26.54,89.2,31.34,1006.1,17.6,38.0%,0.36,3.38,26.2,0.34,0.7,EVALUATING ⏳,2.48,
Hr 17,Min 08,2026-08-29 04:08 PST,26.53,89.3,31.33,1006.1,17.6,38.0%,0.36,3.38,26.2,0.33,0.7,EVALUATING ⏳,2.48,
Hr 17,Min 09,2026-08-29 04:09 PST,26.52,89.3,31.32,1006.1,17.5,38.0%,0.36,3.38,26.2,0.32,0.7,EVALUATING ⏳,2.48,
Hr 17,Min 10,2026-08-29 04:10 PST,26.51,89.3,31.32,1006.1,17.5,38.0%,0.36,3.38,26.2,0.31,0.7,EVALUATING ⏳,2.48,
Hr 17,Min 11,2026-08-29 04:11 PST,26.5,89.4,31.31,1006.1,17.5,38.0%,0.36,3.38,26.2,0.3,0.7,EVALUATING ⏳,2.48,
Hr 17,Min 12,2026-08-29 04:12 PST,26.49,89.4,31.3,1006.1,17.4,38.0%,0.36,3.38,26.2,0.29,0.7,EVALUATING ⏳,2.48,
Hr 17,Min 13,2026-08-29 04:13 PST,26.49,89.4,31.3,1006.1,17.4,38.0%,0.36,3.38,26.2,0.29,0.7,EVALUATING ⏳,2.48,
Hr 17,Min 14,2026-08-29 04:14 PST,26.48,89.5,31.3,1006.1,17.3,38.0%,0.37,3.38,26.2,0.28,0.7,EVALUATING ⏳,2.48,
Hr 17,Min 15,2026-08-29 04:15 PST,26.47,89.5,31.29,1006.1,17.3,38.1%,0.37,3.39,26.2,0.27,0.7,EVALUATING ⏳,2.48,15-MIN CHECKPOINT (Min 15)
Hr 17,Min 16,2026-08-29 04:16 PST,26.46,89.5,31.28,1006.1,17.3,38.1%,0.37,3.39,26.2,0.26,0.7,EVALUATING ⏳,2.48,
Hr 17,Min 17,2026-08-29 04:17 PST,26.45,89.6,31.27,1006.1,17.2,38.1%,0.37,3.39,26.2,0.25,0.7,EVALUATING ⏳,2.48,
Hr 17,Min 18,2026-08-29 04:18 PST,26.44,89.6,31.26,1006.1,17.2,38.1%,0.37,3.39,26.2,0.24,0.7,EVALUATING ⏳,2.48,
Hr 17,Min 19,2026-08-29 04:19 PST,26.43,89.6,31.26,1006.1,17.1,38.1%,0.37,3.39,26.2,0.23,0.7,EVALUATING ⏳,2.48,
Hr 17,Min 20,2026-08-29 04:20 PST,26.43,89.7,31.26,1006.1,17.1,38.1%,0.37,3.39,26.2,0.23,0.7,EVALUATING ⏳,2.48,
Hr 17,Min 21,2026-08-29 04:21 PST,26.42,89.7,31.25,1006.1,17.1,38.1%,0.37,3.39,26.2,0.22,0.7,EVALUATING ⏳,2.48,
Hr 17,Min 22,2026-08-29 04:22 PST,26.41,89.7,31.24,1006.1,17.0,38.1%,0.37,3.39,26.2,0.21,0.7,EVALUATING ⏳,2.48,
Hr 17,Min 23,2026-08-29 04:23 PST,26.4,89.8,31.23,1006.1,17.0,38.1%,0.38,3.39,26.2,0.2,0.7,EVALUATING ⏳,2.48,
Hr 17,Min 24,2026-08-29 04:24 PST,26.39,89.8,31.23,1006.1,16.9,38.1%,0.38,3.39,26.2,0.19,0.7,EVALUATING ⏳,2.48,
Hr 17,Min 25,2026-08-29 04:25 PST,26.38,89.8,31.22,1006.1,16.9,38.2%,0.38,3.39,26.2,0.18,0.7,EVALUATING ⏳,2.48,
Hr 17,Min 26,2026-08-29 04:26 PST,26.38,89.9,31.22,1006.1,16.9,38.2%,0.38,3.39,26.2,0.18,0.7,EVALUATING ⏳,2.48,
Hr 17,Min 27,2026-08-29 04:27 PST,26.37,89.9,31.21,1006.1,16.8,38.2%,0.38,3.39,26.2,0.17,0.7,EVALUATING ⏳,2.48,
Hr 17,Min 28,2026-08-29 04:28 PST,26.36,89.9,31.21,1006.1,16.8,38.2%,0.38,3.39,26.2,0.16,0.7,EVALUATING ⏳,2.48,
Hr 17,Min 29,2026-08-29 04:29 PST,26.35,90.0,31.2,1006.1,16.7,38.2%,0.38,3.39,26.2,0.15,0.7,EVALUATING ⏳,2.48,
Hr 17,Min 30,2026-08-29 04:30 PST,26.34,90.0,31.19,1006.2,16.7,38.2%,0.39,3.39,26.2,0.14,0.7,EVALUATING ⏳,2.48,15-MIN CHECKPOINT (Min 30)
Hr 17,Min 31,2026-08-29 04:31 PST,26.33,90.0,31.18,1006.2,16.7,38.2%,0.39,3.39,26.2,0.13,0.7,EVALUATING ⏳,2.48,
Hr 17,Min 32,2026-08-29 04:32 PST,26.33,90.1,31.18,1006.2,16.6,38.2%,0.39,3.39,26.2,0.13,0.7,EVALUATING ⏳,2.48,
Hr 17,Min 33,2026-08-29 04:33 PST,26.32,90.1,31.18,1006.2,16.6,38.2%,0.39,3.39,26.2,0.12,0.7,EVALUATING ⏳,2.48,
Hr 17,Min 34,2026-08-29 04:34 PST,26.31,90.1,31.17,1006.2,16.5,38.3%,0.39,3.39,26.2,0.11,0.7,EVALUATING ⏳,2.48,
Hr 17,Min 35,2026-08-29 04:35 PST,26.3,90.2,31.16,1006.2,16.5,38.3%,0.39,3.39,26.2,0.1,0.7,EVALUATING ⏳,2.48,
Hr 17,Min 36,2026-08-29 04:36 PST,26.29,90.2,31.15,1006.2,16.5,38.3%,0.39,3.39,26.2,0.09,0.7,EVALUATING ⏳,2.48,
Hr 17,Min 37,2026-08-29 04:37 PST,26.28,90.2,31.15,1006.2,16.4,38.3%,0.4,3.39,26.2,0.08,0.7,EVALUATING ⏳,2.48,
Hr 17,Min 38,2026-08-29 04:38 PST,26.28,90.3,31.15,1006.2,16.4,38.3%,0.4,3.39,26.2,0.08,0.7,EVALUATING ⏳,2.48,
Hr 17,Min 39,2026-08-29 04:39 PST,26.27,90.3,31.14,1006.2,16.3,38.3%,0.4,3.39,26.2,0.07,0.7,EVALUATING ⏳,2.48,
Hr 17,Min 40,2026-08-29 04:40 PST,26.26,90.3,31.13,1006.2,16.3,38.3%,0.4,3.39,26.2,0.06,0.7,EVALUATING ⏳,2.48,
Hr 17,Min 41,2026-08-29 04:41 PST,26.25,90.4,31.12,1006.2,16.3,38.4%,0.4,3.39,26.2,0.05,0.7,EVALUATING ⏳,2.48,
Hr 17,Min 42,2026-08-29 04:42 PST,26.24,90.4,31.12,1006.2,16.2,38.4%,0.4,3.39,26.2,0.04,0.7,EVALUATING ⏳,2.48,
Hr 17,Min 43,2026-08-29 04:43 PST,26.23,90.4,31.11,1006.2,16.2,38.4%,0.41,3.39,26.2,0.03,0.7,EVALUATING ⏳,2.48,
Hr 17,Min 44,2026-08-29 04:44 PST,26.23,90.5,31.11,1006.2,16.1,38.4%,0.41,3.4,26.2,0.03,0.7,EVALUATING ⏳,2.48,
Hr 17,Min 45,2026-08-29 04:45 PST,26.22,90.5,31.1,1006.2,16.1,38.4%,0.41,3.4,26.2,0.02,0.7,EVALUATING ⏳,2.48,15-MIN CHECKPOINT (Min 45)
Hr 17,Min 46,2026-08-29 04:46 PST,26.21,90.5,31.09,1006.2,16.1,38.4%,0.41,3.4,26.2,0.01,0.7,EVALUATING ⏳,2.48,
Hr 17,Min 47,2026-08-29 04:47 PST,26.2,90.6,31.09,1006.2,16.0,38.4%,0.41,3.4,26.2,0.0,0.7,EVALUATING ⏳,2.48,
Hr 17,Min 48,2026-08-29 04:48 PST,26.19,90.6,31.08,1006.2,16.0,38.5%,0.41,3.4,26.2,0.01,0.7,EVALUATING ⏳,2.48,
Hr 17,Min 49,2026-08-29 04:49 PST,26.18,90.6,31.07,1006.2,15.9,38.5%,0.42,3.4,26.2,0.02,0.7,EVALUATING ⏳,2.48,
Hr 17,Min 50,2026-08-29 04:50 PST,26.18,90.7,31.07,1006.2,15.9,38.5%,0.42,3.4,26.2,0.02,0.7,EVALUATING ⏳,2.48,
Hr 17,Min 51,2026-08-29 04:51 PST,26.17,90.7,31.07,1006.2,15.9,38.5%,0.42,3.4,26.2,0.03,0.7,EVALUATING ⏳,2.48,
Hr 17,Min 52,2026-08-29 04:52 PST,26.16,90.7,31.06,1006.2,15.8,38.5%,0.42,3.4,26.2,0.04,0.7,EVALUATING ⏳,2.48,
Hr 17,Min 53,2026-08-29 04:53 PST,26.15,90.8,31.05,1006.2,15.8,38.5%,0.42,3.4,26.2,0.05,0.7,EVALUATING ⏳,2.48,
Hr 17,Min 54,2026-08-29 04:54 PST,26.14,90.8,31.04,1006.2,15.7,38.5%,0.43,3.4,26.2,0.06,0.7,EVALUATING ⏳,2.48,
Hr 17,Min 55,2026-08-29 04:55 PST,26.13,90.8,31.03,1006.2,15.7,38.6%,0.43,3.4,26.2,0.07,0.7,EVALUATING ⏳,2.48,
Hr 17,Min 56,2026-08-29 04:56 PST,26.13,90.9,31.04,1006.2,15.7,38.6%,0.43,3.4,26.2,0.07,0.7,EVALUATING ⏳,2.48,
Hr 17,Min 57,2026-08-29 04:57 PST,26.12,90.9,31.03,1006.2,15.6,38.6%,0.43,3.4,26.2,0.08,0.7,EVALUATING ⏳,2.48,
Hr 17,Min 58,2026-08-29 04:58 PST,26.11,90.9,31.02,1006.2,15.6,38.6%,0.43,3.4,26.2,0.09,0.7,EVALUATING ⏳,2.48,
Hr 17,Min 59,2026-08-29 04:59 PST,26.1,91.0,31.01,1006.2,15.5,38.6%,0.44,3.4,26.2,0.1,0.7,EVALUATING ⏳,2.48,
Hr 17,Min 60,2026-08-29 05:00 PST,26.09,91.0,31.01,1006.2,15.5,38.6%,0.44,3.4,26.2,0.11,0.7,EVALUATING ⏳,2.48,15-MIN CHECKPOINT (Min 60)
Hr 18,Min 01,2026-08-29 05:01 PST,26.09,91.0,31.01,1006.2,15.5,39.2%,0.5,3.4,26.2,0.11,0.6,EVALUATING ⏳,2.47,
Hr 18,Min 02,2026-08-29 05:02 PST,26.09,91.0,31.01,1006.2,15.5,39.2%,0.51,3.4,26.2,0.11,0.6,EVALUATING ⏳,2.47,
Hr 18,Min 03,2026-08-29 05:03 PST,26.09,91.0,31.01,1006.2,15.5,39.2%,0.51,3.4,26.2,0.11,0.6,EVALUATING ⏳,2.47,
Hr 18,Min 04,2026-08-29 05:04 PST,26.09,91.0,31.01,1006.2,15.5,39.3%,0.51,3.4,26.2,0.11,0.6,EVALUATING ⏳,2.47,
Hr 18,Min 05,2026-08-29 05:05 PST,26.09,91.0,31.01,1006.2,15.5,39.3%,0.51,3.4,26.2,0.11,0.6,EVALUATING ⏳,2.47,
Hr 18,Min 06,2026-08-29 05:06 PST,26.09,91.0,31.01,1006.2,15.5,39.3%,0.52,3.4,26.2,0.11,0.6,EVALUATING ⏳,2.47,
Hr 18,Min 07,2026-08-29 05:07 PST,26.09,91.0,31.01,1006.2,15.5,39.3%,0.52,3.4,26.2,0.11,0.6,EVALUATING ⏳,2.47,
Hr 18,Min 08,2026-08-29 05:08 PST,26.09,91.0,31.01,1006.2,15.5,39.3%,0.52,3.4,26.2,0.11,0.6,EVALUATING ⏳,2.47,
Hr 18,Min 09,2026-08-29 05:09 PST,26.09,91.0,31.01,1006.2,15.5,39.4%,0.52,3.4,26.2,0.11,0.6,EVALUATING ⏳,2.47,
Hr 18,Min 10,2026-08-29 05:10 PST,26.09,91.0,31.01,1006.2,15.5,39.4%,0.53,3.4,26.2,0.11,0.6,EVALUATING ⏳,2.47,
Hr 18,Min 11,2026-08-29 05:11 PST,26.09,91.0,31.01,1006.2,15.5,39.4%,0.53,3.41,26.2,0.11,0.6,EVALUATING ⏳,2.47,
Hr 18,Min 12,2026-08-29 05:12 PST,26.09,91.0,31.01,1006.2,15.5,39.4%,0.53,3.41,26.2,0.11,0.6,EVALUATING ⏳,2.47,
Hr 18,Min 13,2026-08-29 05:13 PST,26.09,91.0,31.01,1006.2,15.5,39.4%,0.53,3.41,26.2,0.11,0.6,EVALUATING ⏳,2.47,
Hr 18,Min 14,2026-08-29 05:14 PST,26.09,91.0,31.01,1006.2,15.5,39.5%,0.54,3.41,26.2,0.11,0.6,EVALUATING ⏳,2.47,
Hr 18,Min 15,2026-08-29 05:15 PST,26.09,91.0,31.01,1006.2,15.5,39.5%,0.54,3.41,26.2,0.11,0.6,EVALUATING ⏳,2.47,15-MIN CHECKPOINT (Min 15)
Hr 18,Min 16,2026-08-29 05:16 PST,26.09,91.0,31.01,1006.2,15.5,39.5%,0.54,3.41,26.2,0.11,0.6,EVALUATING ⏳,2.47,
Hr 18,Min 17,2026-08-29 05:17 PST,26.09,91.0,31.01,1006.2,15.5,39.5%,0.54,3.41,26.2,0.11,0.6,EVALUATING ⏳,2.47,
Hr 18,Min 18,2026-08-29 05:18 PST,26.09,91.0,31.01,1006.2,15.5,39.6%,0.55,3.41,26.2,0.11,0.6,EVALUATING ⏳,2.47,
Hr 18,Min 19,2026-08-29 05:19 PST,26.09,91.0,31.01,1006.2,15.5,39.6%,0.55,3.41,26.2,0.11,0.6,EVALUATING ⏳,2.47,
Hr 18,Min 20,2026-08-29 05:20 PST,26.09,91.0,31.01,1006.2,15.5,39.6%,0.55,3.41,26.2,0.11,0.6,EVALUATING ⏳,2.47,
Hr 18,Min 21,2026-08-29 05:21 PST,26.09,91.0,31.01,1006.2,15.5,39.6%,0.55,3.41,26.2,0.11,0.6,EVALUATING ⏳,2.47,
Hr 18,Min 22,2026-08-29 05:22 PST,26.09,91.0,31.01,1006.2,15.5,39.6%,0.56,3.41,26.2,0.11,0.6,EVALUATING ⏳,2.47,
Hr 18,Min 23,2026-08-29 05:23 PST,26.09,91.0,31.01,1006.2,15.5,39.7%,0.56,3.41,26.2,0.11,0.6,EVALUATING ⏳,2.47,
Hr 18,Min 24,2026-08-29 05:24 PST,26.09,91.0,31.01,1006.2,15.5,39.7%,0.56,3.41,26.2,0.11,0.6,EVALUATING ⏳,2.47,
Hr 18,Min 25,2026-08-29 05:25 PST,26.09,91.0,31.01,1006.2,15.5,39.7%,0.56,3.41,26.2,0.11,0.6,EVALUATING ⏳,2.47,
Hr 18,Min 26,2026-08-29 05:26 PST,26.09,91.0,31.01,1006.2,15.5,39.7%,0.57,3.41,26.2,0.11,0.6,EVALUATING ⏳,2.47,
Hr 18,Min 27,2026-08-29 05:27 PST,26.09,91.0,31.01,1006.2,15.5,39.8%,0.57,3.41,26.2,0.11,0.6,EVALUATING ⏳,2.47,
Hr 18,Min 28,2026-08-29 05:28 PST,26.09,91.0,31.01,1006.2,15.5,39.8%,0.57,3.42,26.2,0.11,0.6,EVALUATING ⏳,2.47,
Hr 18,Min 29,2026-08-29 05:29 PST,26.09,91.0,31.01,1006.2,15.5,39.8%,0.58,3.42,26.2,0.11,0.6,EVALUATING ⏳,2.47,
Hr 18,Min 30,2026-08-29 05:30 PST,26.09,91.0,31.01,1006.2,15.6,39.8%,0.58,3.42,26.2,0.11,0.6,EVALUATING ⏳,2.47,15-MIN CHECKPOINT (Min 30)
Hr 18,Min 31,2026-08-29 05:31 PST,26.09,91.0,31.01,1006.1,15.6,39.8%,0.58,3.42,26.2,0.11,0.6,EVALUATING ⏳,2.47,
Hr 18,Min 32,2026-08-29 05:32 PST,26.09,91.0,31.01,1006.1,15.6,39.9%,0.58,3.42,26.2,0.11,0.6,EVALUATING ⏳,2.47,
Hr 18,Min 33,2026-08-29 05:33 PST,26.09,91.0,31.01,1006.1,15.6,39.9%,0.59,3.42,26.2,0.11,0.6,EVALUATING ⏳,2.47,
Hr 18,Min 34,2026-08-29 05:34 PST,26.09,91.0,31.01,1006.1,15.6,39.9%,0.59,3.42,26.2,0.11,0.6,EVALUATING ⏳,2.47,
Hr 18,Min 35,2026-08-29 05:35 PST,26.09,91.0,31.01,1006.1,15.6,39.9%,0.59,3.42,26.2,0.11,0.6,EVALUATING ⏳,2.47,
Hr 18,Min 36,2026-08-29 05:36 PST,26.09,91.0,31.01,1006.1,15.6,40.0%,0.59,3.42,26.2,0.11,0.6,EVALUATING ⏳,2.47,
Hr 18,Min 37,2026-08-29 05:37 PST,26.09,91.0,31.01,1006.1,15.6,40.0%,0.6,3.42,26.2,0.11,0.6,EVALUATING ⏳,2.47,
Hr 18,Min 38,2026-08-29 05:38 PST,26.09,91.0,31.01,1006.1,15.6,40.0%,0.6,3.42,26.2,0.11,0.6,EVALUATING ⏳,2.47,
Hr 18,Min 39,2026-08-29 05:39 PST,26.09,91.0,31.01,1006.1,15.6,40.0%,0.6,3.42,26.2,0.11,0.6,EVALUATING ⏳,2.47,
Hr 18,Min 40,2026-08-29 05:40 PST,26.09,91.0,31.01,1006.1,15.6,40.1%,0.61,3.42,26.2,0.11,0.6,EVALUATING ⏳,2.47,
Hr 18,Min 41,2026-08-29 05:41 PST,26.09,91.0,31.01,1006.1,15.6,40.1%,0.61,3.42,26.2,0.11,0.6,EVALUATING ⏳,2.47,
Hr 18,Min 42,2026-08-29 05:42 PST,26.09,91.0,31.01,1006.1,15.6,40.1%,0.61,3.42,26.2,0.11,0.6,EVALUATING ⏳,2.47,
Hr 18,Min 43,2026-08-29 05:43 PST,26.09,91.0,31.01,1006.1,15.6,40.1%,0.61,3.42,26.2,0.11,0.6,EVALUATING ⏳,2.47,
Hr 18,Min 44,2026-08-29 05:44 PST,26.09,91.0,31.01,1006.1,15.6,40.1%,0.62,3.42,26.2,0.11,0.6,EVALUATING ⏳,2.47,
Hr 18,Min 45,2026-08-29 05:45 PST,26.09,91.0,31.01,1006.1,15.6,40.2%,0.62,3.42,26.2,0.11,0.6,EVALUATING ⏳,2.47,15-MIN CHECKPOINT (Min 45)
Hr 18,Min 46,2026-08-29 05:46 PST,26.09,91.0,31.01,1006.1,15.6,40.2%,0.62,3.42,26.2,0.11,0.6,EVALUATING ⏳,2.47,
Hr 18,Min 47,2026-08-29 05:47 PST,26.09,91.0,31.01,1006.1,15.6,40.2%,0.63,3.42,26.2,0.11,0.6,EVALUATING ⏳,2.47,
Hr 18,Min 48,2026-08-29 05:48 PST,26.09,91.0,31.01,1006.1,15.6,40.2%,0.63,3.43,26.2,0.11,0.6,EVALUATING ⏳,2.47,
Hr 18,Min 49,2026-08-29 05:49 PST,26.09,91.0,31.01,1006.1,15.6,40.3%,0.63,3.43,26.2,0.11,0.6,EVALUATING ⏳,2.47,
Hr 18,Min 50,2026-08-29 05:50 PST,26.09,91.0,31.01,1006.1,15.6,40.3%,0.64,3.43,26.2,0.11,0.6,EVALUATING ⏳,2.47,
Hr 18,Min 51,2026-08-29 05:51 PST,26.09,91.0,31.01,1006.1,15.6,40.3%,0.64,3.43,26.2,0.11,0.6,EVALUATING ⏳,2.47,
Hr 18,Min 52,2026-08-29 05:52 PST,26.09,91.0,31.01,1006.1,15.6,40.3%,0.64,3.43,26.2,0.11,0.6,EVALUATING ⏳,2.47,
Hr 18,Min 53,2026-08-29 05:53 PST,26.09,91.0,31.01,1006.1,15.6,40.4%,0.64,3.43,26.2,0.11,0.6,EVALUATING ⏳,2.47,
Hr 18,Min 54,2026-08-29 05:54 PST,26.09,91.0,31.01,1006.1,15.6,40.4%,0.65,3.43,26.2,0.11,0.6,EVALUATING ⏳,2.47,
Hr 18,Min 55,2026-08-29 05:55 PST,26.09,91.0,31.01,1006.1,15.6,40.4%,0.65,3.43,26.2,0.11,0.6,EVALUATING ⏳,2.47,
Hr 18,Min 56,2026-08-29 05:56 PST,26.09,91.0,31.01,1006.1,15.6,40.4%,0.65,3.43,26.2,0.11,0.6,EVALUATING ⏳,2.47,
Hr 18,Min 57,2026-08-29 05:57 PST,26.09,91.0,31.01,1006.1,15.6,40.5%,0.66,3.43,26.2,0.11,0.6,EVALUATING ⏳,2.47,
Hr 18,Min 58,2026-08-29 05:58 PST,26.09,91.0,31.01,1006.1,15.6,40.5%,0.66,3.43,26.2,0.11,0.6,EVALUATING ⏳,2.47,
Hr 18,Min 59,2026-08-29 05:59 PST,26.09,91.0,31.01,1006.1,15.6,40.5%,0.66,3.43,26.2,0.11,0.6,EVALUATING ⏳,2.47,
Hr 18,Min 60,2026-08-29 06:00 PST,26.09,91.0,31.01,1006.1,15.6,40.5%,0.66,3.43,26.2,0.11,0.6,EVALUATING ⏳,2.47,15-MIN CHECKPOINT (Min 60)
Hr 19,Min 01,2026-08-29 06:01 PST,26.07,91.1,30.99,1006.1,15.7,41.0%,0.73,3.43,24.7,1.37,1.4,EVALUATING ⏳,2.47,
Hr 19,Min 02,2026-08-29 06:02 PST,26.04,91.2,30.97,1006.1,15.7,41.1%,0.73,3.44,24.7,1.34,1.4,EVALUATING ⏳,2.47,
Hr 19,Min 03,2026-08-29 06:03 PST,26.02,91.2,30.95,1006.1,15.8,41.1%,0.73,3.44,24.7,1.32,1.4,EVALUATING ⏳,2.47,
Hr 19,Min 04,2026-08-29 06:04 PST,25.99,91.3,30.93,1006.2,15.8,41.1%,0.74,3.44,24.7,1.29,1.4,EVALUATING ⏳,2.47,
Hr 19,Min 05,2026-08-29 06:05 PST,25.97,91.4,30.91,1006.2,15.9,41.2%,0.74,3.44,24.7,1.27,1.4,EVALUATING ⏳,2.47,
Hr 19,Min 06,2026-08-29 06:06 PST,25.94,91.5,30.89,1006.2,15.9,41.2%,0.74,3.44,24.7,1.24,1.4,EVALUATING ⏳,2.47,
Hr 19,Min 07,2026-08-29 06:07 PST,25.92,91.6,30.87,1006.2,16.0,41.2%,0.75,3.44,24.7,1.22,1.4,EVALUATING ⏳,2.47,
Hr 19,Min 08,2026-08-29 06:08 PST,25.89,91.7,30.85,1006.2,16.0,41.2%,0.75,3.44,24.7,1.19,1.4,EVALUATING ⏳,2.47,
Hr 19,Min 09,2026-08-29 06:09 PST,25.87,91.8,30.83,1006.2,16.1,41.3%,0.75,3.44,24.7,1.17,1.4,EVALUATING ⏳,2.47,
Hr 19,Min 10,2026-08-29 06:10 PST,25.84,91.8,30.81,1006.2,16.1,41.3%,0.76,3.44,24.7,1.14,1.4,EVALUATING ⏳,2.47,
Hr 19,Min 11,2026-08-29 06:11 PST,25.82,91.9,30.79,1006.3,16.2,41.3%,0.76,3.44,24.7,1.12,1.4,EVALUATING ⏳,2.47,
Hr 19,Min 12,2026-08-29 06:12 PST,25.79,92.0,30.77,1006.3,16.2,41.3%,0.76,3.44,24.7,1.09,1.4,EVALUATING ⏳,2.47,
Hr 19,Min 13,2026-08-29 06:13 PST,25.77,92.1,30.76,1006.3,16.3,41.4%,0.77,3.44,24.7,1.07,1.4,EVALUATING ⏳,2.47,
Hr 19,Min 14,2026-08-29 06:14 PST,25.74,92.2,30.73,1006.3,16.3,41.4%,0.77,3.44,24.7,1.04,1.4,EVALUATING ⏳,2.47,
Hr 19,Min 15,2026-08-29 06:15 PST,25.72,92.2,30.72,1006.3,16.4,41.4%,0.77,3.44,24.7,1.02,1.4,EVALUATING ⏳,2.47,15-MIN CHECKPOINT (Min 15)
Hr 19,Min 16,2026-08-29 06:16 PST,25.69,92.3,30.69,1006.3,16.5,41.5%,0.78,3.44,24.7,0.99,1.4,EVALUATING ⏳,2.47,
Hr 19,Min 17,2026-08-29 06:17 PST,25.67,92.4,30.68,1006.4,16.5,41.5%,0.78,3.44,24.7,0.97,1.4,EVALUATING ⏳,2.47,
Hr 19,Min 18,2026-08-29 06:18 PST,25.64,92.5,30.65,1006.4,16.6,41.5%,0.78,3.45,24.7,0.94,1.4,EVALUATING ⏳,2.47,
Hr 19,Min 19,2026-08-29 06:19 PST,25.62,92.6,30.64,1006.4,16.6,41.5%,0.79,3.45,24.7,0.92,1.4,EVALUATING ⏳,2.47,
Hr 19,Min 20,2026-08-29 06:20 PST,25.59,92.7,30.61,1006.4,16.7,41.6%,0.79,3.45,24.7,0.89,1.4,EVALUATING ⏳,2.47,
Hr 19,Min 21,2026-08-29 06:21 PST,25.57,92.8,30.6,1006.4,16.7,41.6%,0.79,3.45,24.7,0.87,1.4,EVALUATING ⏳,2.47,
Hr 19,Min 22,2026-08-29 06:22 PST,25.54,92.8,30.57,1006.4,16.8,41.6%,0.8,3.45,24.7,0.84,1.4,EVALUATING ⏳,2.47,
Hr 19,Min 23,2026-08-29 06:23 PST,25.52,92.9,30.56,1006.4,16.8,41.7%,0.8,3.45,24.7,0.82,1.4,EVALUATING ⏳,2.47,
Hr 19,Min 24,2026-08-29 06:24 PST,25.49,93.0,30.53,1006.5,16.9,41.7%,0.8,3.45,24.7,0.79,1.4,EVALUATING ⏳,2.47,
Hr 19,Min 25,2026-08-29 06:25 PST,25.47,93.1,30.52,1006.5,16.9,41.7%,0.81,3.45,24.7,0.77,1.4,EVALUATING ⏳,2.47,
Hr 19,Min 26,2026-08-29 06:26 PST,25.44,93.2,30.5,1006.5,17.0,41.7%,0.81,3.45,24.7,0.74,1.4,EVALUATING ⏳,2.47,
Hr 19,Min 27,2026-08-29 06:27 PST,25.42,93.2,30.48,1006.5,17.0,41.8%,0.81,3.45,24.7,0.72,1.4,EVALUATING ⏳,2.47,
Hr 19,Min 28,2026-08-29 06:28 PST,25.39,93.3,30.46,1006.5,17.1,41.8%,0.82,3.45,24.7,0.69,1.4,EVALUATING ⏳,2.47,
Hr 19,Min 29,2026-08-29 06:29 PST,25.37,93.4,30.44,1006.5,17.1,41.8%,0.82,3.45,24.7,0.67,1.4,EVALUATING ⏳,2.47,
Hr 19,Min 30,2026-08-29 06:30 PST,25.34,93.5,30.42,1006.5,17.2,41.8%,0.82,3.46,24.7,0.64,1.4,EVALUATING ⏳,2.47,15-MIN CHECKPOINT (Min 30)
Hr 19,Min 31,2026-08-29 06:31 PST,25.32,93.6,30.4,1006.6,17.3,41.9%,0.83,3.46,24.7,0.62,1.4,EVALUATING ⏳,2.47,
Hr 19,Min 32,2026-08-29 06:32 PST,25.29,93.7,30.38,1006.6,17.3,41.9%,0.83,3.46,24.7,0.59,1.4,EVALUATING ⏳,2.47,
Hr 19,Min 33,2026-08-29 06:33 PST,25.27,93.8,30.36,1006.6,17.4,41.9%,0.83,3.46,24.7,0.57,1.4,EVALUATING ⏳,2.47,
Hr 19,Min 34,2026-08-29 06:34 PST,25.24,93.8,30.34,1006.6,17.4,42.0%,0.84,3.46,24.7,0.54,1.4,EVALUATING ⏳,2.47,
Hr 19,Min 35,2026-08-29 06:35 PST,25.22,93.9,30.32,1006.6,17.5,42.0%,0.84,3.46,24.7,0.52,1.4,EVALUATING ⏳,2.47,
Hr 19,Min 36,2026-08-29 06:36 PST,25.19,94.0,30.3,1006.6,17.5,42.0%,0.84,3.46,24.7,0.49,1.4,EVALUATING ⏳,2.47,
Hr 19,Min 37,2026-08-29 06:37 PST,25.17,94.1,30.29,1006.7,17.6,42.0%,0.84,3.46,24.7,0.47,1.4,EVALUATING ⏳,2.47,
Hr 19,Min 38,2026-08-29 06:38 PST,25.14,94.2,30.26,1006.7,17.6,42.1%,0.85,3.46,24.7,0.44,1.4,EVALUATING ⏳,2.47,
Hr 19,Min 39,2026-08-29 06:39 PST,25.12,94.2,30.25,1006.7,17.7,42.1%,0.85,3.46,24.7,0.42,1.4,EVALUATING ⏳,2.47,
Hr 19,Min 40,2026-08-29 06:40 PST,25.09,94.3,30.22,1006.7,17.7,42.1%,0.85,3.46,24.7,0.39,1.4,EVALUATING ⏳,2.47,
Hr 19,Min 41,2026-08-29 06:41 PST,25.07,94.4,30.21,1006.7,17.8,42.2%,0.86,3.46,24.7,0.37,1.4,EVALUATING ⏳,2.47,
Hr 19,Min 42,2026-08-29 06:42 PST,25.04,94.5,30.18,1006.7,17.8,42.2%,0.86,3.46,24.7,0.34,1.4,EVALUATING ⏳,2.47,
Hr 19,Min 43,2026-08-29 06:43 PST,25.02,94.6,30.17,1006.7,17.9,42.2%,0.86,3.46,24.7,0.32,1.4,EVALUATING ⏳,2.47,
Hr 19,Min 44,2026-08-29 06:44 PST,24.99,94.7,30.14,1006.8,17.9,42.2%,0.87,3.47,24.7,0.29,1.4,EVALUATING ⏳,2.47,
Hr 19,Min 45,2026-08-29 06:45 PST,24.97,94.8,30.13,1006.8,18.0,42.3%,0.87,3.47,24.7,0.27,1.4,EVALUATING ⏳,2.47,15-MIN CHECKPOINT (Min 45)
Hr 19,Min 46,2026-08-29 06:46 PST,24.94,94.8,30.1,1006.8,18.1,42.3%,0.87,3.47,24.7,0.24,1.4,EVALUATING ⏳,2.47,
Hr 19,Min 47,2026-08-29 06:47 PST,24.92,94.9,30.09,1006.8,18.1,42.3%,0.88,3.47,24.7,0.22,1.4,EVALUATING ⏳,2.47,
Hr 19,Min 48,2026-08-29 06:48 PST,24.89,95.0,30.07,1006.8,18.2,42.3%,0.88,3.47,24.7,0.19,1.4,EVALUATING ⏳,2.47,
Hr 19,Min 49,2026-08-29 06:49 PST,24.87,95.1,30.05,1006.8,18.2,42.4%,0.88,3.47,24.7,0.17,1.4,EVALUATING ⏳,2.47,
Hr 19,Min 50,2026-08-29 06:50 PST,24.84,95.2,30.03,1006.9,18.3,42.4%,0.89,3.47,24.7,0.14,1.4,EVALUATING ⏳,2.47,
Hr 19,Min 51,2026-08-29 06:51 PST,24.82,95.2,30.01,1006.9,18.3,42.4%,0.89,3.47,24.7,0.12,1.4,EVALUATING ⏳,2.47,
Hr 19,Min 52,2026-08-29 06:52 PST,24.79,95.3,29.99,1006.9,18.4,42.5%,0.89,3.47,24.7,0.09,1.4,EVALUATING ⏳,2.47,
Hr 19,Min 53,2026-08-29 06:53 PST,24.76,95.4,29.96,1006.9,18.4,42.5%,0.9,3.47,24.7,0.06,1.4,EVALUATING ⏳,2.47,
Hr 19,Min 54,2026-08-29 06:54 PST,24.74,95.5,29.95,1006.9,18.5,42.5%,0.9,3.47,24.7,0.04,1.4,EVALUATING ⏳,2.47,
Hr 19,Min 55,2026-08-29 06:55 PST,24.71,95.6,29.92,1006.9,18.5,42.5%,0.9,3.47,24.7,0.01,1.4,EVALUATING ⏳,2.47,
Hr 19,Min 56,2026-08-29 06:56 PST,24.69,95.7,29.91,1006.9,18.6,42.6%,0.91,3.48,24.7,0.01,1.4,EVALUATING ⏳,2.47,
Hr 19,Min 57,2026-08-29 06:57 PST,24.66,95.8,29.88,1007.0,18.6,42.6%,0.91,3.48,24.7,0.04,1.4,EVALUATING ⏳,2.47,
Hr 19,Min 58,2026-08-29 06:58 PST,24.64,95.8,29.87,1007.0,18.7,42.6%,0.91,3.48,24.7,0.06,1.4,EVALUATING ⏳,2.47,
Hr 19,Min 59,2026-08-29 06:59 PST,24.61,95.9,29.84,1007.0,18.7,42.6%,0.92,3.48,24.7,0.09,1.4,EVALUATING ⏳,2.47,
Hr 19,Min 60,2026-08-29 07:00 PST,24.59,96.0,29.83,1007.0,18.8,42.7%,0.92,3.48,24.7,0.11,1.4,EVALUATING ⏳,2.47,15-MIN CHECKPOINT (Min 60)
Hr 20,Min 01,2026-08-29 07:01 PST,24.58,96.0,29.82,1007.0,18.7,43.1%,0.98,3.48,24.3,0.28,2.8,EVALUATING ⏳,2.47,
Hr 20,Min 02,2026-08-29 07:02 PST,24.58,96.0,29.82,1007.0,18.6,43.2%,0.98,3.48,24.3,0.28,2.8,EVALUATING ⏳,2.47,
Hr 20,Min 03,2026-08-29 07:03 PST,24.57,96.0,29.81,1007.0,18.5,43.2%,0.98,3.48,24.3,0.27,2.8,EVALUATING ⏳,2.47,
Hr 20,Min 04,2026-08-29 07:04 PST,24.56,96.1,29.8,1007.0,18.4,43.2%,0.99,3.48,24.3,0.26,2.8,EVALUATING ⏳,2.47,
Hr 20,Min 05,2026-08-29 07:05 PST,24.55,96.1,29.8,1007.0,18.3,43.3%,0.99,3.48,24.3,0.25,2.8,EVALUATING ⏳,2.47,
Hr 20,Min 06,2026-08-29 07:06 PST,24.55,96.1,29.8,1007.1,18.2,43.3%,1.0,3.48,24.3,0.25,2.8,EVALUATING ⏳,2.47,
Hr 20,Min 07,2026-08-29 07:07 PST,24.54,96.1,29.79,1007.1,18.0,43.3%,1.0,3.48,24.3,0.24,2.8,EVALUATING ⏳,2.47,
Hr 20,Min 08,2026-08-29 07:08 PST,24.53,96.1,29.78,1007.1,17.9,43.3%,1.0,3.48,24.3,0.23,2.8,EVALUATING ⏳,2.47,
Hr 20,Min 09,2026-08-29 07:09 PST,24.53,96.2,29.78,1007.1,17.8,43.4%,1.01,3.49,24.3,0.23,2.8,EVALUATING ⏳,2.47,
Hr 20,Min 10,2026-08-29 07:10 PST,24.52,96.2,29.77,1007.1,17.7,43.4%,1.01,3.49,24.3,0.22,2.8,EVALUATING ⏳,2.47,
Hr 20,Min 11,2026-08-29 07:11 PST,24.51,96.2,29.76,1007.1,17.6,43.4%,1.01,3.49,24.3,0.21,2.8,EVALUATING ⏳,2.47,
Hr 20,Min 12,2026-08-29 07:12 PST,24.51,96.2,29.76,1007.1,17.5,43.5%,1.02,3.49,24.3,0.21,2.8,EVALUATING ⏳,2.47,
Hr 20,Min 13,2026-08-29 07:13 PST,24.5,96.2,29.75,1007.1,17.4,43.5%,1.02,3.49,24.3,0.2,2.8,EVALUATING ⏳,2.47,
Hr 20,Min 14,2026-08-29 07:14 PST,24.49,96.2,29.75,1007.1,17.3,43.5%,1.02,3.49,24.3,0.19,2.8,EVALUATING ⏳,2.47,
Hr 20,Min 15,2026-08-29 07:15 PST,24.49,96.2,29.75,1007.1,17.2,43.5%,1.03,3.49,24.3,0.19,2.8,EVALUATING ⏳,2.47,15-MIN CHECKPOINT (Min 15)
Hr 20,Min 16,2026-08-29 07:16 PST,24.48,96.3,29.74,1007.2,17.1,43.6%,1.03,3.49,24.3,0.18,2.8,EVALUATING ⏳,2.47,
Hr 20,Min 17,2026-08-29 07:17 PST,24.47,96.3,29.73,1007.2,17.0,43.6%,1.03,3.49,24.3,0.17,2.8,EVALUATING ⏳,2.47,
Hr 20,Min 18,2026-08-29 07:18 PST,24.47,96.3,29.73,1007.2,16.9,43.6%,1.04,3.49,24.3,0.17,2.8,EVALUATING ⏳,2.47,
Hr 20,Min 19,2026-08-29 07:19 PST,24.46,96.3,29.72,1007.2,16.7,43.7%,1.04,3.5,24.3,0.16,2.8,EVALUATING ⏳,2.47,
Hr 20,Min 20,2026-08-29 07:20 PST,24.45,96.3,29.71,1007.2,16.6,43.7%,1.04,3.5,24.3,0.15,2.8,EVALUATING ⏳,2.47,
Hr 20,Min 21,2026-08-29 07:21 PST,24.45,96.3,29.71,1007.2,16.5,43.7%,1.05,3.5,24.3,0.15,2.8,EVALUATING ⏳,2.47,
Hr 20,Min 22,2026-08-29 07:22 PST,24.44,96.4,29.7,1007.2,16.4,43.7%,1.05,3.5,24.3,0.14,2.8,EVALUATING ⏳,2.47,
Hr 20,Min 23,2026-08-29 07:23 PST,24.43,96.4,29.69,1007.2,16.3,43.8%,1.05,3.5,24.3,0.13,2.8,EVALUATING ⏳,2.47,
Hr 20,Min 24,2026-08-29 07:24 PST,24.43,96.4,29.7,1007.2,16.2,43.8%,1.06,3.5,24.3,0.13,2.8,EVALUATING ⏳,2.47,
Hr 20,Min 25,2026-08-29 07:25 PST,24.42,96.4,29.69,1007.2,16.1,43.8%,1.06,3.5,24.3,0.12,2.8,EVALUATING ⏳,2.47,
Hr 20,Min 26,2026-08-29 07:26 PST,24.41,96.4,29.68,1007.3,16.0,43.9%,1.06,3.5,24.3,0.11,2.8,EVALUATING ⏳,2.47,
Hr 20,Min 27,2026-08-29 07:27 PST,24.41,96.5,29.68,1007.3,15.9,43.9%,1.07,3.5,24.3,0.11,2.8,EVALUATING ⏳,2.47,
Hr 20,Min 28,2026-08-29 07:28 PST,24.4,96.5,29.67,1007.3,15.8,43.9%,1.07,3.5,24.3,0.1,2.8,EVALUATING ⏳,2.47,
Hr 20,Min 29,2026-08-29 07:29 PST,24.39,96.5,29.66,1007.3,15.7,43.9%,1.07,3.5,24.3,0.09,2.8,EVALUATING ⏳,2.47,
Hr 20,Min 30,2026-08-29 07:30 PST,24.39,96.5,29.66,1007.3,15.6,44.0%,1.08,3.5,24.3,0.09,2.8,EVALUATING ⏳,2.47,15-MIN CHECKPOINT (Min 30)
Hr 20,Min 31,2026-08-29 07:31 PST,24.38,96.5,29.65,1007.3,15.4,44.0%,1.08,3.5,24.3,0.08,2.8,EVALUATING ⏳,2.47,
Hr 20,Min 32,2026-08-29 07:32 PST,24.37,96.5,29.64,1007.3,15.3,44.0%,1.08,3.51,24.3,0.07,2.8,EVALUATING ⏳,2.47,
Hr 20,Min 33,2026-08-29 07:33 PST,24.37,96.5,29.65,1007.3,15.2,44.1%,1.09,3.51,24.3,0.07,2.8,EVALUATING ⏳,2.47,
Hr 20,Min 34,2026-08-29 07:34 PST,24.36,96.6,29.64,1007.3,15.1,44.1%,1.09,3.51,24.3,0.06,2.8,EVALUATING ⏳,2.47,
Hr 20,Min 35,2026-08-29 07:35 PST,24.35,96.6,29.63,1007.4,15.0,44.1%,1.09,3.51,24.3,0.05,2.8,EVALUATING ⏳,2.47,
Hr 20,Min 36,2026-08-29 07:36 PST,24.35,96.6,29.63,1007.4,14.9,44.1%,1.1,3.51,24.3,0.05,2.8,EVALUATING ⏳,2.47,
Hr 20,Min 37,2026-08-29 07:37 PST,24.34,96.6,29.62,1007.4,14.8,44.2%,1.1,3.51,24.3,0.04,2.8,EVALUATING ⏳,2.47,
Hr 20,Min 38,2026-08-29 07:38 PST,24.33,96.6,29.61,1007.4,14.7,44.2%,1.1,3.51,24.3,0.03,2.8,EVALUATING ⏳,2.47,
Hr 20,Min 39,2026-08-29 07:39 PST,24.33,96.7,29.61,1007.4,14.6,44.2%,1.11,3.51,24.3,0.03,2.8,EVALUATING ⏳,2.47,
Hr 20,Min 40,2026-08-29 07:40 PST,24.32,96.7,29.6,1007.4,14.5,44.3%,1.11,3.51,24.3,0.02,2.8,EVALUATING ⏳,2.47,
Hr 20,Min 41,2026-08-29 07:41 PST,24.31,96.7,29.59,1007.4,14.4,44.3%,1.11,3.51,24.3,0.01,2.8,EVALUATING ⏳,2.47,
Hr 20,Min 42,2026-08-29 07:42 PST,24.31,96.7,29.6,1007.4,14.2,44.3%,1.12,3.52,24.3,0.01,2.8,EVALUATING ⏳,2.47,
Hr 20,Min 43,2026-08-29 07:43 PST,24.3,96.7,29.59,1007.4,14.1,44.3%,1.12,3.52,24.3,0.0,2.8,EVALUATING ⏳,2.47,
Hr 20,Min 44,2026-08-29 07:44 PST,24.29,96.7,29.58,1007.4,14.0,44.4%,1.13,3.52,24.3,0.01,2.8,EVALUATING ⏳,2.47,
Hr 20,Min 45,2026-08-29 07:45 PST,24.29,96.8,29.58,1007.5,13.9,44.4%,1.13,3.52,24.3,0.01,2.8,EVALUATING ⏳,2.47,15-MIN CHECKPOINT (Min 45)
Hr 20,Min 46,2026-08-29 07:46 PST,24.28,96.8,29.57,1007.5,13.8,44.4%,1.13,3.52,24.3,0.02,2.8,EVALUATING ⏳,2.47,
Hr 20,Min 47,2026-08-29 07:47 PST,24.27,96.8,29.56,1007.5,13.7,44.5%,1.14,3.52,24.3,0.03,2.8,EVALUATING ⏳,2.47,
Hr 20,Min 48,2026-08-29 07:48 PST,24.27,96.8,29.56,1007.5,13.6,44.5%,1.14,3.52,24.3,0.03,2.8,EVALUATING ⏳,2.47,
Hr 20,Min 49,2026-08-29 07:49 PST,24.26,96.8,29.55,1007.5,13.5,44.5%,1.14,3.52,24.3,0.04,2.8,EVALUATING ⏳,2.47,
Hr 20,Min 50,2026-08-29 07:50 PST,24.25,96.8,29.54,1007.5,13.4,44.6%,1.15,3.52,24.3,0.05,2.8,EVALUATING ⏳,2.47,
Hr 20,Min 51,2026-08-29 07:51 PST,24.25,96.8,29.55,1007.5,13.3,44.6%,1.15,3.52,24.3,0.05,2.8,EVALUATING ⏳,2.47,
Hr 20,Min 52,2026-08-29 07:52 PST,24.24,96.9,29.54,1007.5,13.2,44.6%,1.15,3.52,24.3,0.06,2.8,EVALUATING ⏳,2.47,
Hr 20,Min 53,2026-08-29 07:53 PST,24.23,96.9,29.53,1007.5,13.1,44.6%,1.16,3.52,24.3,0.07,2.8,EVALUATING ⏳,2.47,
Hr 20,Min 54,2026-08-29 07:54 PST,24.23,96.9,29.53,1007.5,12.9,44.7%,1.16,3.53,24.3,0.07,2.8,EVALUATING ⏳,2.47,
Hr 20,Min 55,2026-08-29 07:55 PST,24.22,96.9,29.52,1007.6,12.8,44.7%,1.16,3.53,24.3,0.08,2.8,EVALUATING ⏳,2.47,
Hr 20,Min 56,2026-08-29 07:56 PST,24.21,96.9,29.51,1007.6,12.7,44.7%,1.17,3.53,24.3,0.09,2.8,EVALUATING ⏳,2.47,
Hr 20,Min 57,2026-08-29 07:57 PST,24.21,97.0,29.51,1007.6,12.6,44.8%,1.17,3.53,24.3,0.09,2.8,EVALUATING ⏳,2.47,
Hr 20,Min 58,2026-08-29 07:58 PST,24.2,97.0,29.5,1007.6,12.5,44.8%,1.18,3.53,24.3,0.1,2.8,EVALUATING ⏳,2.47,
Hr 20,Min 59,2026-08-29 07:59 PST,24.19,97.0,29.49,1007.6,12.4,44.8%,1.18,3.53,24.3,0.11,2.8,EVALUATING ⏳,2.47,
Hr 20,Min 60,2026-08-29 08:00 PST,24.19,97.0,29.5,1007.6,12.3,44.9%,1.18,3.53,24.3,0.11,2.8,EVALUATING ⏳,2.47,15-MIN CHECKPOINT (Min 60)
Hr 21,Min 01,2026-08-29 08:01 PST,24.18,97.0,29.48,1007.6,12.3,45.3%,1.24,3.53,24.2,0.02,3.2,MATCH ✅,2.47,
Hr 21,Min 02,2026-08-29 08:02 PST,24.18,97.0,29.48,1007.6,12.2,45.3%,1.24,3.53,24.2,0.02,3.2,MATCH ✅,2.47,
Hr 21,Min 03,2026-08-29 08:03 PST,24.18,97.0,29.48,1007.6,12.2,45.4%,1.24,3.53,24.2,0.02,3.2,MATCH ✅,2.47,
Hr 21,Min 04,2026-08-29 08:04 PST,24.18,96.9,29.48,1007.6,12.2,45.4%,1.25,3.54,24.2,0.02,3.2,MATCH ✅,2.47,
Hr 21,Min 05,2026-08-29 08:05 PST,24.18,96.9,29.48,1007.6,12.2,45.4%,1.25,3.54,24.2,0.02,3.2,MATCH ✅,2.47,
Hr 21,Min 06,2026-08-29 08:06 PST,24.18,96.9,29.48,1007.6,12.2,45.5%,1.26,3.54,24.2,0.02,3.2,MATCH ✅,2.47,
Hr 21,Min 07,2026-08-29 08:07 PST,24.17,96.9,29.47,1007.6,12.1,45.5%,1.26,3.54,24.2,0.03,3.2,MATCH ✅,2.47,
Hr 21,Min 08,2026-08-29 08:08 PST,24.17,96.9,29.47,1007.6,12.1,45.5%,1.26,3.54,24.2,0.03,3.2,MATCH ✅,2.47,
Hr 21,Min 09,2026-08-29 08:09 PST,24.17,96.8,29.47,1007.6,12.1,45.6%,1.27,3.54,24.2,0.03,3.2,MATCH ✅,2.47,
Hr 21,Min 10,2026-08-29 08:10 PST,24.17,96.8,29.46,1007.6,12.1,45.6%,1.27,3.54,24.2,0.03,3.2,MATCH ✅,2.47,
Hr 21,Min 11,2026-08-29 08:11 PST,24.17,96.8,29.46,1007.7,12.0,45.6%,1.28,3.54,24.2,0.03,3.2,MATCH ✅,2.47,
Hr 21,Min 12,2026-08-29 08:12 PST,24.17,96.8,29.46,1007.7,12.0,45.7%,1.28,3.54,24.2,0.03,3.2,MATCH ✅,2.47,
Hr 21,Min 13,2026-08-29 08:13 PST,24.17,96.8,29.46,1007.7,12.0,45.7%,1.28,3.54,24.2,0.03,3.2,MATCH ✅,2.47,
Hr 21,Min 14,2026-08-29 08:14 PST,24.16,96.8,29.45,1007.7,12.0,45.7%,1.29,3.55,24.2,0.04,3.2,MATCH ✅,2.47,
Hr 21,Min 15,2026-08-29 08:15 PST,24.16,96.8,29.45,1007.7,11.9,45.8%,1.29,3.55,24.2,0.04,3.2,MATCH ✅,2.47,15-MIN CHECKPOINT (Min 15)
Hr 21,Min 16,2026-08-29 08:16 PST,24.16,96.7,29.45,1007.7,11.9,45.8%,1.3,3.55,24.2,0.04,3.2,MATCH ✅,2.47,
Hr 21,Min 17,2026-08-29 08:17 PST,24.16,96.7,29.45,1007.7,11.9,45.8%,1.3,3.55,24.2,0.04,3.2,MATCH ✅,2.47,
Hr 21,Min 18,2026-08-29 08:18 PST,24.16,96.7,29.45,1007.7,11.9,45.9%,1.3,3.55,24.2,0.04,3.2,MATCH ✅,2.47,
Hr 21,Min 19,2026-08-29 08:19 PST,24.16,96.7,29.44,1007.7,11.8,45.9%,1.31,3.55,24.2,0.04,3.2,MATCH ✅,2.47,
Hr 21,Min 20,2026-08-29 08:20 PST,24.15,96.7,29.43,1007.7,11.8,45.9%,1.31,3.55,24.2,0.05,3.2,MATCH ✅,2.47,
Hr 21,Min 21,2026-08-29 08:21 PST,24.15,96.7,29.43,1007.7,11.8,46.0%,1.32,3.55,24.2,0.05,3.2,MATCH ✅,2.47,
Hr 21,Min 22,2026-08-29 08:22 PST,24.15,96.6,29.43,1007.7,11.8,46.0%,1.32,3.55,24.2,0.05,3.2,MATCH ✅,2.47,
Hr 21,Min 23,2026-08-29 08:23 PST,24.15,96.6,29.43,1007.7,11.7,46.0%,1.32,3.56,24.2,0.05,3.2,MATCH ✅,2.47,
Hr 21,Min 24,2026-08-29 08:24 PST,24.15,96.6,29.43,1007.7,11.7,46.1%,1.33,3.56,24.2,0.05,3.2,MATCH ✅,2.47,
Hr 21,Min 25,2026-08-29 08:25 PST,24.15,96.6,29.43,1007.7,11.7,46.1%,1.33,3.56,24.2,0.05,3.2,MATCH ✅,2.47,
Hr 21,Min 26,2026-08-29 08:26 PST,24.14,96.6,29.42,1007.7,11.7,46.1%,1.34,3.56,24.2,0.06,3.2,MATCH ✅,2.47,
Hr 21,Min 27,2026-08-29 08:27 PST,24.14,96.5,29.42,1007.7,11.6,46.2%,1.34,3.56,24.2,0.06,3.2,MATCH ✅,2.47,
Hr 21,Min 28,2026-08-29 08:28 PST,24.14,96.5,29.41,1007.7,11.6,46.2%,1.34,3.56,24.2,0.06,3.2,MATCH ✅,2.47,
Hr 21,Min 29,2026-08-29 08:29 PST,24.14,96.5,29.41,1007.7,11.6,46.2%,1.35,3.56,24.2,0.06,3.2,MATCH ✅,2.47,
Hr 21,Min 30,2026-08-29 08:30 PST,24.14,96.5,29.41,1007.8,11.6,46.3%,1.35,3.56,24.2,0.06,3.2,MATCH ✅,2.47,15-MIN CHECKPOINT (Min 30)
Hr 21,Min 31,2026-08-29 08:31 PST,24.14,96.5,29.41,1007.8,11.5,46.3%,1.36,3.56,24.2,0.06,3.2,MATCH ✅,2.47,
Hr 21,Min 32,2026-08-29 08:32 PST,24.14,96.5,29.41,1007.8,11.5,46.3%,1.36,3.56,24.2,0.06,3.2,MATCH ✅,2.47,
Hr 21,Min 33,2026-08-29 08:33 PST,24.13,96.5,29.4,1007.8,11.5,46.4%,1.36,3.57,24.2,0.07,3.2,MATCH ✅,2.47,
Hr 21,Min 34,2026-08-29 08:34 PST,24.13,96.4,29.4,1007.8,11.5,46.4%,1.37,3.57,24.2,0.07,3.2,MATCH ✅,2.47,
Hr 21,Min 35,2026-08-29 08:35 PST,24.13,96.4,29.4,1007.8,11.4,46.4%,1.37,3.57,24.2,0.07,3.2,MATCH ✅,2.47,
Hr 21,Min 36,2026-08-29 08:36 PST,24.13,96.4,29.4,1007.8,11.4,46.5%,1.38,3.57,24.2,0.07,3.2,MATCH ✅,2.47,
Hr 21,Min 37,2026-08-29 08:37 PST,24.13,96.4,29.39,1007.8,11.4,46.5%,1.38,3.57,24.2,0.07,3.2,MATCH ✅,2.47,
Hr 21,Min 38,2026-08-29 08:38 PST,24.13,96.4,29.39,1007.8,11.4,46.5%,1.39,3.57,24.2,0.07,3.2,MATCH ✅,2.47,
Hr 21,Min 39,2026-08-29 08:39 PST,24.12,96.3,29.38,1007.8,11.3,46.6%,1.39,3.57,24.2,0.08,3.2,MATCH ✅,2.47,
Hr 21,Min 40,2026-08-29 08:40 PST,24.12,96.3,29.38,1007.8,11.3,46.6%,1.39,3.57,24.2,0.08,3.2,MATCH ✅,2.47,
Hr 21,Min 41,2026-08-29 08:41 PST,24.12,96.3,29.38,1007.8,11.3,46.6%,1.4,3.58,24.2,0.08,3.2,MATCH ✅,2.47,
Hr 21,Min 42,2026-08-29 08:42 PST,24.12,96.3,29.38,1007.8,11.2,46.7%,1.4,3.58,24.2,0.08,3.2,MATCH ✅,2.47,
Hr 21,Min 43,2026-08-29 08:43 PST,24.12,96.3,29.38,1007.8,11.2,46.7%,1.41,3.58,24.2,0.08,3.2,MATCH ✅,2.47,
Hr 21,Min 44,2026-08-29 08:44 PST,24.12,96.3,29.38,1007.8,11.2,46.7%,1.41,3.58,24.2,0.08,3.2,MATCH ✅,2.47,
Hr 21,Min 45,2026-08-29 08:45 PST,24.12,96.2,29.38,1007.8,11.2,46.8%,1.41,3.58,24.2,0.08,3.2,MATCH ✅,2.47,15-MIN CHECKPOINT (Min 45)
Hr 21,Min 46,2026-08-29 08:46 PST,24.11,96.2,29.37,1007.8,11.2,46.8%,1.42,3.58,24.2,0.09,3.2,MATCH ✅,2.47,
Hr 21,Min 47,2026-08-29 08:47 PST,24.11,96.2,29.36,1007.8,11.1,46.9%,1.42,3.58,24.2,0.09,3.2,MATCH ✅,2.47,
Hr 21,Min 48,2026-08-29 08:48 PST,24.11,96.2,29.36,1007.8,11.1,46.9%,1.43,3.58,24.2,0.09,3.2,MATCH ✅,2.47,
Hr 21,Min 49,2026-08-29 08:49 PST,24.11,96.2,29.36,1007.8,11.1,46.9%,1.43,3.58,24.2,0.09,3.2,MATCH ✅,2.47,
Hr 21,Min 50,2026-08-29 08:50 PST,24.11,96.2,29.36,1007.9,11.1,47.0%,1.44,3.58,24.2,0.09,3.2,MATCH ✅,2.47,
Hr 21,Min 51,2026-08-29 08:51 PST,24.11,96.2,29.36,1007.9,11.0,47.0%,1.44,3.59,24.2,0.09,3.2,MATCH ✅,2.47,
Hr 21,Min 52,2026-08-29 08:52 PST,24.11,96.1,29.36,1007.9,11.0,47.0%,1.44,3.59,24.2,0.09,3.2,MATCH ✅,2.47,
Hr 21,Min 53,2026-08-29 08:53 PST,24.1,96.1,29.35,1007.9,11.0,47.1%,1.45,3.59,24.2,0.1,3.2,MATCH ✅,2.47,
Hr 21,Min 54,2026-08-29 08:54 PST,24.1,96.1,29.35,1007.9,11.0,47.1%,1.45,3.59,24.2,0.1,3.2,MATCH ✅,2.47,
Hr 21,Min 55,2026-08-29 08:55 PST,24.1,96.1,29.35,1007.9,10.9,47.1%,1.46,3.59,24.2,0.1,3.2,MATCH ✅,2.47,
Hr 21,Min 56,2026-08-29 08:56 PST,24.1,96.1,29.34,1007.9,10.9,47.2%,1.46,3.59,24.2,0.1,3.2,MATCH ✅,2.47,
Hr 21,Min 57,2026-08-29 08:57 PST,24.1,96.0,29.34,1007.9,10.9,47.2%,1.46,3.59,24.2,0.1,3.2,MATCH ✅,2.47,
Hr 21,Min 58,2026-08-29 08:58 PST,24.1,96.0,29.34,1007.9,10.9,47.2%,1.47,3.59,24.2,0.1,3.2,MATCH ✅,2.47,
Hr 21,Min 59,2026-08-29 08:59 PST,24.09,96.0,29.33,1007.9,10.8,47.3%,1.47,3.6,24.2,0.11,3.2,MATCH ✅,2.47,
Hr 21,Min 60,2026-08-29 09:00 PST,24.09,96.0,29.33,1007.9,10.8,47.3%,1.48,3.6,24.2,0.11,3.2,MATCH ✅,2.47,15-MIN CHECKPOINT (Min 60)
Hr 22,Min 01,2026-08-29 09:01 PST,24.1,96.0,29.34,1007.9,10.7,47.7%,1.53,3.6,24.8,0.7,1.0,MATCH ✅,2.47,
Hr 22,Min 02,2026-08-29 09:02 PST,24.11,96.0,29.35,1007.9,10.7,47.8%,1.53,3.6,24.8,0.69,1.0,MATCH ✅,2.47,
Hr 22,Min 03,2026-08-29 09:03 PST,24.12,96.0,29.36,1007.9,10.6,47.8%,1.54,3.6,24.8,0.68,1.0,MATCH ✅,2.47,
Hr 22,Min 04,2026-08-29 09:04 PST,24.13,96.0,29.37,1007.9,10.5,47.8%,1.54,3.6,24.8,0.67,1.0,MATCH ✅,2.47,
Hr 22,Min 05,2026-08-29 09:05 PST,24.14,96.0,29.38,1007.9,10.5,47.9%,1.54,3.6,24.8,0.66,1.0,MATCH ✅,2.47,
Hr 22,Min 06,2026-08-29 09:06 PST,24.15,96.0,29.39,1007.9,10.4,47.9%,1.55,3.6,24.8,0.65,1.0,MATCH ✅,2.47,
Hr 22,Min 07,2026-08-29 09:07 PST,24.16,96.0,29.4,1007.9,10.4,47.9%,1.55,3.6,24.8,0.64,1.0,MATCH ✅,2.47,
Hr 22,Min 08,2026-08-29 09:08 PST,24.17,96.0,29.41,1007.9,10.3,48.0%,1.56,3.61,24.8,0.63,1.0,MATCH ✅,2.47,
Hr 22,Min 09,2026-08-29 09:09 PST,24.18,96.0,29.42,1007.9,10.2,48.0%,1.56,3.61,24.8,0.62,1.0,MATCH ✅,2.47,
Hr 22,Min 10,2026-08-29 09:10 PST,24.2,96.0,29.44,1008.0,10.2,48.1%,1.57,3.61,24.8,0.6,1.0,MATCH ✅,2.47,
Hr 22,Min 11,2026-08-29 09:11 PST,24.21,96.0,29.45,1008.0,10.1,48.1%,1.57,3.61,24.8,0.59,1.0,MATCH ✅,2.47,
Hr 22,Min 12,2026-08-29 09:12 PST,24.22,96.0,29.46,1008.0,10.0,48.1%,1.58,3.61,24.8,0.58,1.0,MATCH ✅,2.47,
Hr 22,Min 13,2026-08-29 09:13 PST,24.23,96.0,29.47,1008.0,10.0,48.2%,1.58,3.61,24.8,0.57,1.0,MATCH ✅,2.47,
Hr 22,Min 14,2026-08-29 09:14 PST,24.24,96.0,29.48,1008.0,9.9,48.2%,1.58,3.61,24.8,0.56,1.0,MATCH ✅,2.47,
Hr 22,Min 15,2026-08-29 09:15 PST,24.25,96.0,29.49,1008.0,9.9,48.2%,1.59,3.61,24.8,0.55,1.0,MATCH ✅,2.47,15-MIN CHECKPOINT (Min 15)
Hr 22,Min 16,2026-08-29 09:16 PST,24.26,96.0,29.5,1008.0,9.8,48.3%,1.59,3.62,24.8,0.54,1.0,MATCH ✅,2.47,
Hr 22,Min 17,2026-08-29 09:17 PST,24.27,96.0,29.51,1008.0,9.7,48.3%,1.6,3.62,24.8,0.53,1.0,MATCH ✅,2.47,
Hr 22,Min 18,2026-08-29 09:18 PST,24.28,96.0,29.52,1008.0,9.7,48.3%,1.6,3.62,24.8,0.52,1.0,MATCH ✅,2.47,
Hr 22,Min 19,2026-08-29 09:19 PST,24.29,96.0,29.53,1008.0,9.6,48.4%,1.61,3.62,24.8,0.51,1.0,MATCH ✅,2.47,
Hr 22,Min 20,2026-08-29 09:20 PST,24.3,96.0,29.54,1008.0,9.5,48.4%,1.61,3.62,24.8,0.5,1.0,MATCH ✅,2.47,
Hr 22,Min 21,2026-08-29 09:21 PST,24.31,96.0,29.55,1008.0,9.5,48.5%,1.62,3.62,24.8,0.49,1.0,MATCH ✅,2.47,
Hr 22,Min 22,2026-08-29 09:22 PST,24.32,96.0,29.56,1008.0,9.4,48.5%,1.62,3.62,24.8,0.48,1.0,MATCH ✅,2.47,
Hr 22,Min 23,2026-08-29 09:23 PST,24.33,96.0,29.57,1008.0,9.3,48.5%,1.62,3.62,24.8,0.47,1.0,MATCH ✅,2.47,
Hr 22,Min 24,2026-08-29 09:24 PST,24.34,96.0,29.58,1008.0,9.3,48.6%,1.63,3.62,24.8,0.46,1.0,MATCH ✅,2.47,
Hr 22,Min 25,2026-08-29 09:25 PST,24.35,96.0,29.59,1008.0,9.2,48.6%,1.63,3.63,24.8,0.45,1.0,MATCH ✅,2.47,
Hr 22,Min 26,2026-08-29 09:26 PST,24.36,96.0,29.6,1008.0,9.2,48.6%,1.64,3.63,24.8,0.44,1.0,MATCH ✅,2.47,
Hr 22,Min 27,2026-08-29 09:27 PST,24.37,96.0,29.61,1008.0,9.1,48.7%,1.64,3.63,24.8,0.43,1.0,MATCH ✅,2.47,
Hr 22,Min 28,2026-08-29 09:28 PST,24.38,96.0,29.62,1008.0,9.0,48.7%,1.65,3.63,24.8,0.42,1.0,MATCH ✅,2.47,
Hr 22,Min 29,2026-08-29 09:29 PST,24.39,96.0,29.63,1008.0,9.0,48.8%,1.65,3.63,24.8,0.41,1.0,MATCH ✅,2.47,
Hr 22,Min 30,2026-08-29 09:30 PST,24.4,96.0,29.64,1008.0,8.9,48.8%,1.66,3.63,24.8,0.4,1.0,MATCH ✅,2.47,15-MIN CHECKPOINT (Min 30)
Hr 22,Min 31,2026-08-29 09:31 PST,24.41,96.0,29.65,1008.1,8.8,48.8%,1.66,3.63,24.8,0.39,1.0,MATCH ✅,2.47,
Hr 22,Min 32,2026-08-29 09:32 PST,24.42,96.0,29.66,1008.1,8.8,48.9%,1.66,3.63,24.8,0.38,1.0,MATCH ✅,2.47,
Hr 22,Min 33,2026-08-29 09:33 PST,24.43,96.0,29.67,1008.1,8.7,48.9%,1.67,3.64,24.8,0.37,1.0,MATCH ✅,2.47,
Hr 22,Min 34,2026-08-29 09:34 PST,24.44,96.0,29.68,1008.1,8.6,48.9%,1.67,3.64,24.8,0.36,1.0,MATCH ✅,2.47,
Hr 22,Min 35,2026-08-29 09:35 PST,24.45,96.0,29.69,1008.1,8.6,49.0%,1.68,3.64,24.8,0.35,1.0,MATCH ✅,2.47,
Hr 22,Min 36,2026-08-29 09:36 PST,24.46,96.0,29.7,1008.1,8.5,49.0%,1.68,3.64,24.8,0.34,1.0,MATCH ✅,2.47,
Hr 22,Min 37,2026-08-29 09:37 PST,24.47,96.0,29.71,1008.1,8.5,49.1%,1.69,3.64,24.8,0.33,1.0,MATCH ✅,2.47,
Hr 22,Min 38,2026-08-29 09:38 PST,24.48,96.0,29.72,1008.1,8.4,49.1%,1.69,3.64,24.8,0.32,1.0,MATCH ✅,2.47,
Hr 22,Min 39,2026-08-29 09:39 PST,24.49,96.0,29.73,1008.1,8.3,49.1%,1.7,3.64,24.8,0.31,1.0,MATCH ✅,2.47,
Hr 22,Min 40,2026-08-29 09:40 PST,24.5,96.0,29.74,1008.1,8.3,49.2%,1.7,3.65,24.8,0.3,1.0,MATCH ✅,2.47,
Hr 22,Min 41,2026-08-29 09:41 PST,24.51,96.0,29.75,1008.1,8.2,49.2%,1.71,3.65,24.8,0.29,1.0,MATCH ✅,2.47,
Hr 22,Min 42,2026-08-29 09:42 PST,24.52,96.0,29.76,1008.1,8.1,49.3%,1.71,3.65,24.8,0.28,1.0,MATCH ✅,2.47,
Hr 22,Min 43,2026-08-29 09:43 PST,24.53,96.0,29.77,1008.1,8.1,49.3%,1.72,3.65,24.8,0.27,1.0,MATCH ✅,2.47,
Hr 22,Min 44,2026-08-29 09:44 PST,24.55,96.0,29.79,1008.1,8.0,49.3%,1.72,3.65,24.8,0.25,1.0,MATCH ✅,2.47,
Hr 22,Min 45,2026-08-29 09:45 PST,24.56,96.0,29.8,1008.1,8.0,49.4%,1.72,3.65,24.8,0.24,1.0,MATCH ✅,2.47,15-MIN CHECKPOINT (Min 45)
Hr 22,Min 46,2026-08-29 09:46 PST,24.57,96.0,29.81,1008.1,7.9,49.4%,1.73,3.65,24.8,0.23,1.0,MATCH ✅,2.47,
Hr 22,Min 47,2026-08-29 09:47 PST,24.58,96.0,29.82,1008.1,7.8,49.4%,1.73,3.65,24.8,0.22,1.0,MATCH ✅,2.47,
Hr 22,Min 48,2026-08-29 09:48 PST,24.59,96.0,29.83,1008.1,7.8,49.5%,1.74,3.66,24.8,0.21,1.0,MATCH ✅,2.47,
Hr 22,Min 49,2026-08-29 09:49 PST,24.6,96.0,29.84,1008.1,7.7,49.5%,1.74,3.66,24.8,0.2,1.0,MATCH ✅,2.47,
Hr 22,Min 50,2026-08-29 09:50 PST,24.61,96.0,29.85,1008.2,7.6,49.6%,1.75,3.66,24.8,0.19,1.0,MATCH ✅,2.47,
Hr 22,Min 51,2026-08-29 09:51 PST,24.62,96.0,29.86,1008.2,7.6,49.6%,1.75,3.66,24.8,0.18,1.0,MATCH ✅,2.47,
Hr 22,Min 52,2026-08-29 09:52 PST,24.63,96.0,29.87,1008.2,7.5,49.6%,1.76,3.66,24.8,0.17,1.0,MATCH ✅,2.47,
Hr 22,Min 53,2026-08-29 09:53 PST,24.64,96.0,29.88,1008.2,7.4,49.7%,1.76,3.66,24.8,0.16,1.0,MATCH ✅,2.47,
Hr 22,Min 54,2026-08-29 09:54 PST,24.65,96.0,29.89,1008.2,7.4,49.7%,1.77,3.66,24.8,0.15,1.0,MATCH ✅,2.47,
Hr 22,Min 55,2026-08-29 09:55 PST,24.66,96.0,29.9,1008.2,7.3,49.8%,1.77,3.67,24.8,0.14,1.0,MATCH ✅,2.47,
Hr 22,Min 56,2026-08-29 09:56 PST,24.67,96.0,29.91,1008.2,7.3,49.8%,1.78,3.67,24.8,0.13,1.0,MATCH ✅,2.47,
Hr 22,Min 57,2026-08-29 09:57 PST,24.68,96.0,29.92,1008.2,7.2,49.8%,1.78,3.67,24.8,0.12,1.0,MATCH ✅,2.47,
Hr 22,Min 58,2026-08-29 09:58 PST,24.69,96.0,29.93,1008.2,7.1,49.9%,1.79,3.67,24.8,0.11,1.0,MATCH ✅,2.47,
Hr 22,Min 59,2026-08-29 09:59 PST,24.7,96.0,29.94,1008.2,7.1,49.9%,1.79,3.67,24.8,0.1,1.0,MATCH ✅,2.47,
Hr 22,Min 60,2026-08-29 10:00 PST,24.71,96.0,29.95,1008.2,7.0,50.0%,1.79,3.67,24.8,0.09,1.0,MATCH ✅,2.47,15-MIN CHECKPOINT (Min 60)
Hr 23,Min 01,2026-08-29 10:01 PST,24.72,96.0,29.96,1008.2,7.1,50.3%,1.84,3.67,25.1,0.38,0.6,MATCH ✅,2.47,
Hr 23,Min 02,2026-08-29 10:02 PST,24.72,96.0,29.96,1008.2,7.2,50.3%,1.84,3.67,25.1,0.38,0.6,MATCH ✅,2.47,
Hr 23,Min 03,2026-08-29 10:03 PST,24.73,96.0,29.97,1008.2,7.4,50.4%,1.85,3.68,25.1,0.37,0.6,MATCH ✅,2.47,
Hr 23,Min 04,2026-08-29 10:04 PST,24.73,96.0,29.97,1008.3,7.5,50.4%,1.85,3.68,25.1,0.37,0.6,MATCH ✅,2.47,
Hr 23,Min 05,2026-08-29 10:05 PST,24.74,96.0,29.98,1008.3,7.6,50.5%,1.86,3.68,25.1,0.36,0.6,MATCH ✅,2.47,
Hr 23,Min 06,2026-08-29 10:06 PST,24.74,96.0,29.98,1008.3,7.7,50.5%,1.86,3.68,25.1,0.36,0.6,MATCH ✅,2.47,
Hr 23,Min 07,2026-08-29 10:07 PST,24.75,96.0,29.99,1008.3,7.8,50.5%,1.86,3.68,25.1,0.35,0.6,MATCH ✅,2.47,
Hr 23,Min 08,2026-08-29 10:08 PST,24.75,96.0,29.99,1008.3,7.9,50.6%,1.87,3.68,25.1,0.35,0.6,MATCH ✅,2.47,
Hr 23,Min 09,2026-08-29 10:09 PST,24.76,96.0,30.0,1008.4,8.1,50.6%,1.87,3.68,25.1,0.34,0.6,MATCH ✅,2.47,
Hr 23,Min 10,2026-08-29 10:10 PST,24.77,96.0,30.01,1008.4,8.2,50.7%,1.88,3.69,25.1,0.33,0.6,MATCH ✅,2.47,
Hr 23,Min 11,2026-08-29 10:11 PST,24.77,96.0,30.01,1008.4,8.3,50.7%,1.88,3.69,25.1,0.33,0.6,MATCH ✅,2.47,
Hr 23,Min 12,2026-08-29 10:12 PST,24.78,96.0,30.02,1008.4,8.4,50.7%,1.89,3.69,25.1,0.32,0.6,MATCH ✅,2.47,
Hr 23,Min 13,2026-08-29 10:13 PST,24.78,96.0,30.02,1008.4,8.5,50.8%,1.89,3.69,25.1,0.32,0.6,MATCH ✅,2.47,
Hr 23,Min 14,2026-08-29 10:14 PST,24.79,96.0,30.03,1008.4,8.7,50.8%,1.9,3.69,25.1,0.31,0.6,MATCH ✅,2.47,
Hr 23,Min 15,2026-08-29 10:15 PST,24.79,96.0,30.03,1008.5,8.8,50.8%,1.9,3.69,25.1,0.31,0.6,MATCH ✅,2.47,15-MIN CHECKPOINT (Min 15)
Hr 23,Min 16,2026-08-29 10:16 PST,24.8,96.0,30.04,1008.5,8.9,50.9%,1.91,3.69,25.1,0.3,0.6,MATCH ✅,2.47,
Hr 23,Min 17,2026-08-29 10:17 PST,24.8,96.0,30.04,1008.5,9.0,50.9%,1.91,3.7,25.1,0.3,0.6,MATCH ✅,2.47,
Hr 23,Min 18,2026-08-29 10:18 PST,24.81,96.0,30.05,1008.5,9.1,51.0%,1.92,3.7,25.1,0.29,0.6,MATCH ✅,2.47,
Hr 23,Min 19,2026-08-29 10:19 PST,24.81,96.0,30.05,1008.5,9.2,51.0%,1.92,3.7,25.1,0.29,0.6,MATCH ✅,2.47,
Hr 23,Min 20,2026-08-29 10:20 PST,24.82,96.0,30.06,1008.5,9.4,51.0%,1.92,3.7,25.1,0.28,0.6,MATCH ✅,2.47,
Hr 23,Min 21,2026-08-29 10:21 PST,24.82,96.0,30.06,1008.6,9.5,51.1%,1.93,3.7,25.1,0.28,0.6,MATCH ✅,2.47,
Hr 23,Min 22,2026-08-29 10:22 PST,24.83,96.0,30.07,1008.6,9.6,51.1%,1.93,3.7,25.1,0.27,0.6,MATCH ✅,2.47,
Hr 23,Min 23,2026-08-29 10:23 PST,24.83,96.0,30.07,1008.6,9.7,51.1%,1.94,3.7,25.1,0.27,0.6,MATCH ✅,2.47,
Hr 23,Min 24,2026-08-29 10:24 PST,24.84,96.0,30.08,1008.6,9.8,51.2%,1.94,3.71,25.1,0.26,0.6,MATCH ✅,2.47,
Hr 23,Min 25,2026-08-29 10:25 PST,24.85,96.0,30.09,1008.6,10.0,51.2%,1.95,3.71,25.1,0.25,0.6,MATCH ✅,2.47,
Hr 23,Min 26,2026-08-29 10:26 PST,24.85,96.0,30.09,1008.6,10.1,51.3%,1.95,3.71,25.1,0.25,0.6,MATCH ✅,2.47,
Hr 23,Min 27,2026-08-29 10:27 PST,24.86,96.0,30.1,1008.7,10.2,51.3%,1.95,3.71,25.1,0.24,0.6,MATCH ✅,2.47,
Hr 23,Min 28,2026-08-29 10:28 PST,24.86,96.0,30.1,1008.7,10.3,51.3%,1.96,3.71,25.1,0.24,0.6,MATCH ✅,2.47,
Hr 23,Min 29,2026-08-29 10:29 PST,24.87,96.0,30.11,1008.7,10.4,51.4%,1.96,3.71,25.1,0.23,0.6,MATCH ✅,2.47,
Hr 23,Min 30,2026-08-29 10:30 PST,24.87,96.0,30.11,1008.7,10.6,51.4%,1.97,3.71,25.1,0.23,0.6,MATCH ✅,2.47,15-MIN CHECKPOINT (Min 30)
Hr 23,Min 31,2026-08-29 10:31 PST,24.88,96.0,30.12,1008.7,10.7,51.4%,1.97,3.72,25.1,0.22,0.6,MATCH ✅,2.47,
Hr 23,Min 32,2026-08-29 10:32 PST,24.88,96.0,30.12,1008.7,10.8,51.5%,1.97,3.72,25.1,0.22,0.6,MATCH ✅,2.47,
Hr 23,Min 33,2026-08-29 10:33 PST,24.89,96.0,30.13,1008.8,10.9,51.5%,1.98,3.72,25.1,0.21,0.6,MATCH ✅,2.47,
Hr 23,Min 34,2026-08-29 10:34 PST,24.89,96.0,30.13,1008.8,11.0,51.5%,1.98,3.72,25.1,0.21,0.6,MATCH ✅,2.47,
Hr 23,Min 35,2026-08-29 10:35 PST,24.9,96.0,30.14,1008.8,11.1,51.6%,1.99,3.72,25.1,0.2,0.6,MATCH ✅,2.47,
Hr 23,Min 36,2026-08-29 10:36 PST,24.9,96.0,30.14,1008.8,11.3,51.6%,1.99,3.72,25.1,0.2,0.6,MATCH ✅,2.47,
Hr 23,Min 37,2026-08-29 10:37 PST,24.91,96.0,30.15,1008.8,11.4,51.6%,1.99,3.72,25.1,0.19,0.6,MATCH ✅,2.47,
Hr 23,Min 38,2026-08-29 10:38 PST,24.91,96.0,30.15,1008.8,11.5,51.6%,2.0,3.73,25.1,0.19,0.6,MATCH ✅,2.47,
Hr 23,Min 39,2026-08-29 10:39 PST,24.92,96.0,30.16,1008.9,11.6,51.7%,2.0,3.73,25.1,0.18,0.6,MATCH ✅,2.47,
Hr 23,Min 40,2026-08-29 10:40 PST,24.92,96.0,30.16,1008.9,11.7,51.7%,2.0,3.73,25.1,0.18,0.6,MATCH ✅,2.47,
Hr 23,Min 41,2026-08-29 10:41 PST,24.93,96.0,30.17,1008.9,11.9,51.7%,2.01,3.73,25.1,0.17,0.6,MATCH ✅,2.47,
Hr 23,Min 42,2026-08-29 10:42 PST,24.93,96.0,30.17,1008.9,12.0,51.8%,2.01,3.73,25.1,0.17,0.6,MATCH ✅,2.47,
Hr 23,Min 43,2026-08-29 10:43 PST,24.94,96.0,30.18,1008.9,12.1,51.8%,2.01,3.73,25.1,0.16,0.6,MATCH ✅,2.47,
Hr 23,Min 44,2026-08-29 10:44 PST,24.94,96.0,30.18,1008.9,12.2,51.8%,2.02,3.73,25.1,0.16,0.6,MATCH ✅,2.47,
Hr 23,Min 45,2026-08-29 10:45 PST,24.95,96.0,30.19,1009.0,12.3,51.8%,2.02,3.73,25.1,0.15,0.6,MATCH ✅,2.47,15-MIN CHECKPOINT (Min 45)
Hr 23,Min 46,2026-08-29 10:46 PST,24.95,96.0,30.19,1009.0,12.4,51.9%,2.02,3.74,25.1,0.15,0.6,MATCH ✅,2.47,
Hr 23,Min 47,2026-08-29 10:47 PST,24.96,96.0,30.2,1009.0,12.6,51.9%,2.03,3.74,25.1,0.14,0.6,MATCH ✅,2.47,
Hr 23,Min 48,2026-08-29 10:48 PST,24.96,96.0,30.2,1009.0,12.7,51.9%,2.03,3.74,25.1,0.14,0.6,MATCH ✅,2.47,
Hr 23,Min 49,2026-08-29 10:49 PST,24.97,96.0,30.21,1009.0,12.8,51.9%,2.03,3.74,25.1,0.13,0.6,MATCH ✅,2.47,
Hr 23,Min 50,2026-08-29 10:50 PST,24.97,96.0,30.21,1009.0,12.9,52.0%,2.04,3.74,25.1,0.13,0.6,MATCH ✅,2.47,
Hr 23,Min 51,2026-08-29 10:51 PST,24.98,96.0,30.22,1009.1,13.0,52.0%,2.04,3.74,25.1,0.12,0.6,MATCH ✅,2.47,
Hr 23,Min 52,2026-08-29 10:52 PST,24.98,96.0,30.22,1009.1,13.2,52.0%,2.04,3.75,25.1,0.12,0.6,MATCH ✅,2.47,
Hr 23,Min 53,2026-08-29 10:53 PST,24.99,96.0,30.23,1009.1,13.3,52.0%,2.05,3.75,25.1,0.11,0.6,MATCH ✅,2.47,
Hr 23,Min 54,2026-08-29 10:54 PST,24.99,96.0,30.23,1009.1,13.4,52.1%,2.05,3.75,25.1,0.11,0.6,MATCH ✅,2.47,
Hr 23,Min 55,2026-08-29 10:55 PST,25.0,96.0,30.24,1009.1,13.5,52.1%,2.05,3.75,25.1,0.1,0.6,MATCH ✅,2.47,
Hr 23,Min 56,2026-08-29 10:56 PST,25.0,96.0,30.24,1009.1,13.6,52.1%,2.05,3.75,25.1,0.1,0.6,MATCH ✅,2.47,
Hr 23,Min 57,2026-08-29 10:57 PST,25.01,96.0,30.25,1009.2,13.7,52.1%,2.06,3.75,25.1,0.09,0.6,MATCH ✅,2.47,
Hr 23,Min 58,2026-08-29 10:58 PST,25.01,96.0,30.25,1009.2,13.9,52.2%,2.06,3.75,25.1,0.09,0.6,MATCH ✅,2.47,
Hr 23,Min 59,2026-08-29 10:59 PST,25.02,96.0,30.26,1009.2,14.0,52.2%,2.06,3.75,25.1,0.08,0.6,MATCH ✅,2.47,
Hr 23,Min 60,2026-08-29 11:00 PST,25.02,96.0,30.26,1009.2,14.1,52.2%,2.06,3.76,25.1,0.08,0.6,MATCH ✅,2.47,15-MIN CHECKPOINT (Min 60)
Hr 24,Min 01,2026-08-29 11:01 PST,25.02,96.0,30.26,1009.2,14.1,52.5%,2.1,3.76,24.7,0.32,1.7,MATCH ✅,2.47,
Hr 24,Min 02,2026-08-29 11:02 PST,25.01,96.0,30.25,1009.2,14.2,52.5%,2.1,3.76,24.7,0.31,1.7,MATCH ✅,2.47,
Hr 24,Min 03,2026-08-29 11:03 PST,25.0,96.0,30.24,1009.2,14.2,52.5%,2.1,3.76,24.7,0.3,1.7,MATCH ✅,2.47,
Hr 24,Min 04,2026-08-29 11:04 PST,25.0,96.0,30.24,1009.2,14.3,52.5%,2.11,3.76,24.7,0.3,1.7,MATCH ✅,2.47,
Hr 24,Min 05,2026-08-29 11:05 PST,24.99,96.0,30.23,1009.2,14.3,52.6%,2.11,3.76,24.7,0.29,1.7,MATCH ✅,2.47,
Hr 24,Min 06,2026-08-29 11:06 PST,24.98,96.0,30.22,1009.2,14.4,52.6%,2.11,3.76,24.7,0.28,1.7,MATCH ✅,2.47,
Hr 24,Min 07,2026-08-29 11:07 PST,24.98,96.0,30.22,1009.2,14.4,52.6%,2.11,3.77,24.7,0.28,1.7,MATCH ✅,2.47,
Hr 24,Min 08,2026-08-29 11:08 PST,24.97,96.0,30.21,1009.2,14.5,52.6%,2.11,3.77,24.7,0.27,1.7,MATCH ✅,2.47,
Hr 24,Min 09,2026-08-29 11:09 PST,24.96,96.0,30.2,1009.2,14.5,52.6%,2.12,3.77,24.7,0.26,1.7,MATCH ✅,2.47,
Hr 24,Min 10,2026-08-29 11:10 PST,24.96,96.0,30.2,1009.2,14.6,52.7%,2.12,3.77,24.7,0.26,1.7,MATCH ✅,2.47,
Hr 24,Min 11,2026-08-29 11:11 PST,24.95,96.0,30.19,1009.2,14.6,52.7%,2.12,3.77,24.7,0.25,1.7,MATCH ✅,2.47,
Hr 24,Min 12,2026-08-29 11:12 PST,24.94,96.0,30.18,1009.2,14.7,52.7%,2.12,3.77,24.7,0.24,1.7,MATCH ✅,2.47,
Hr 24,Min 13,2026-08-29 11:13 PST,24.94,96.0,30.18,1009.2,14.7,52.7%,2.12,3.77,24.7,0.24,1.7,MATCH ✅,2.47,
Hr 24,Min 14,2026-08-29 11:14 PST,24.93,96.0,30.17,1009.2,14.8,52.7%,2.13,3.77,24.7,0.23,1.7,MATCH ✅,2.47,
Hr 24,Min 15,2026-08-29 11:15 PST,24.92,96.0,30.16,1009.2,14.8,52.7%,2.13,3.78,24.7,0.22,1.7,MATCH ✅,2.47,15-MIN CHECKPOINT (Min 15)
Hr 24,Min 16,2026-08-29 11:16 PST,24.92,96.0,30.16,1009.2,14.9,52.8%,2.13,3.78,24.7,0.22,1.7,MATCH ✅,2.47,
Hr 24,Min 17,2026-08-29 11:17 PST,24.91,96.0,30.15,1009.2,14.9,52.8%,2.13,3.78,24.7,0.21,1.7,MATCH ✅,2.47,
Hr 24,Min 18,2026-08-29 11:18 PST,24.9,96.0,30.14,1009.2,15.0,52.8%,2.13,3.78,24.7,0.2,1.7,MATCH ✅,2.47,
Hr 24,Min 19,2026-08-29 11:19 PST,24.9,96.0,30.14,1009.2,15.0,52.8%,2.14,3.78,24.7,0.2,1.7,MATCH ✅,2.47,
Hr 24,Min 20,2026-08-29 11:20 PST,24.89,96.0,30.13,1009.2,15.1,52.8%,2.14,3.78,24.7,0.19,1.7,MATCH ✅,2.47,
Hr 24,Min 21,2026-08-29 11:21 PST,24.88,96.0,30.12,1009.2,15.1,52.8%,2.14,3.78,24.7,0.18,1.7,MATCH ✅,2.47,
Hr 24,Min 22,2026-08-29 11:22 PST,24.88,96.0,30.12,1009.2,15.2,52.8%,2.14,3.79,24.7,0.18,1.7,MATCH ✅,2.47,
Hr 24,Min 23,2026-08-29 11:23 PST,24.87,96.0,30.11,1009.2,15.2,52.9%,2.14,3.79,24.7,0.17,1.7,MATCH ✅,2.47,
Hr 24,Min 24,2026-08-29 11:24 PST,24.86,96.0,30.1,1009.2,15.3,52.9%,2.14,3.79,24.7,0.16,1.7,MATCH ✅,2.47,
Hr 24,Min 25,2026-08-29 11:25 PST,24.86,96.0,30.1,1009.2,15.3,52.9%,2.15,3.79,24.7,0.16,1.7,MATCH ✅,2.47,
Hr 24,Min 26,2026-08-29 11:26 PST,24.85,96.0,30.09,1009.2,15.4,52.9%,2.15,3.79,24.7,0.15,1.7,MATCH ✅,2.47,
Hr 24,Min 27,2026-08-29 11:27 PST,24.84,96.0,30.08,1009.2,15.4,52.9%,2.15,3.79,24.7,0.14,1.7,MATCH ✅,2.47,
Hr 24,Min 28,2026-08-29 11:28 PST,24.84,96.0,30.08,1009.2,15.5,52.9%,2.15,3.79,24.7,0.14,1.7,MATCH ✅,2.47,
Hr 24,Min 29,2026-08-29 11:29 PST,24.83,96.0,30.07,1009.2,15.5,52.9%,2.15,3.79,24.7,0.13,1.7,MATCH ✅,2.47,
Hr 24,Min 30,2026-08-29 11:30 PST,24.82,96.0,30.06,1009.2,15.6,52.9%,2.15,3.79,24.7,0.12,1.7,MATCH ✅,2.47,15-MIN CHECKPOINT (Min 30)
Hr 24,Min 31,2026-08-29 11:31 PST,24.82,96.0,30.06,1009.1,15.6,53.0%,2.15,3.8,24.7,0.12,1.7,MATCH ✅,2.47,
Hr 24,Min 32,2026-08-29 11:32 PST,24.81,96.0,30.05,1009.1,15.6,53.0%,2.16,3.8,24.7,0.11,1.7,MATCH ✅,2.47,
Hr 24,Min 33,2026-08-29 11:33 PST,24.8,96.0,30.04,1009.1,15.7,53.0%,2.16,3.8,24.7,0.1,1.7,MATCH ✅,2.47,
Hr 24,Min 34,2026-08-29 11:34 PST,24.8,96.0,30.04,1009.1,15.7,53.0%,2.16,3.8,24.7,0.1,1.7,MATCH ✅,2.47,
Hr 24,Min 35,2026-08-29 11:35 PST,24.79,96.0,30.03,1009.1,15.8,53.0%,2.16,3.8,24.7,0.09,1.7,MATCH ✅,2.47,
Hr 24,Min 36,2026-08-29 11:36 PST,24.78,96.0,30.02,1009.1,15.8,53.0%,2.16,3.8,24.7,0.08,1.7,MATCH ✅,2.47,
Hr 24,Min 37,2026-08-29 11:37 PST,24.78,96.0,30.02,1009.1,15.9,53.0%,2.16,3.8,24.7,0.08,1.7,MATCH ✅,2.47,
Hr 24,Min 38,2026-08-29 11:38 PST,24.77,96.0,30.01,1009.1,15.9,53.0%,2.16,3.81,24.7,0.07,1.7,MATCH ✅,2.47,
Hr 24,Min 39,2026-08-29 11:39 PST,24.76,96.0,30.0,1009.1,16.0,53.0%,2.16,3.81,24.7,0.06,1.7,MATCH ✅,2.47,
Hr 24,Min 40,2026-08-29 11:40 PST,24.76,96.0,30.0,1009.1,16.0,53.0%,2.17,3.81,24.7,0.06,1.7,MATCH ✅,2.47,
Hr 24,Min 41,2026-08-29 11:41 PST,24.75,96.0,29.99,1009.1,16.1,53.1%,2.17,3.81,24.7,0.05,1.7,MATCH ✅,2.47,
Hr 24,Min 42,2026-08-29 11:42 PST,24.74,96.0,29.98,1009.1,16.1,53.1%,2.17,3.81,24.7,0.04,1.7,MATCH ✅,2.47,
Hr 24,Min 43,2026-08-29 11:43 PST,24.73,96.0,29.97,1009.1,16.2,53.1%,2.17,3.81,24.7,0.03,1.7,MATCH ✅,2.47,
Hr 24,Min 44,2026-08-29 11:44 PST,24.73,96.0,29.97,1009.1,16.2,53.1%,2.17,3.81,24.7,0.03,1.7,MATCH ✅,2.47,
Hr 24,Min 45,2026-08-29 11:45 PST,24.72,96.0,29.96,1009.1,16.3,53.1%,2.17,3.81,24.7,0.02,1.7,MATCH ✅,2.47,15-MIN CHECKPOINT (Min 45)
Hr 24,Min 46,2026-08-29 11:46 PST,24.71,96.0,29.95,1009.1,16.3,53.1%,2.17,3.81,24.7,0.01,1.7,MATCH ✅,2.47,
Hr 24,Min 47,2026-08-29 11:47 PST,24.71,96.0,29.95,1009.1,16.4,53.1%,2.17,3.81,24.7,0.01,1.7,MATCH ✅,2.47,
Hr 24,Min 48,2026-08-29 11:48 PST,24.7,96.0,29.94,1009.1,16.4,53.1%,2.17,3.82,24.7,0.0,1.7,MATCH ✅,2.47,
Hr 24,Min 49,2026-08-29 11:49 PST,24.69,96.0,29.93,1009.1,16.5,53.1%,2.17,3.82,24.7,0.01,1.7,MATCH ✅,2.47,
Hr 24,Min 50,2026-08-29 11:50 PST,24.69,96.0,29.93,1009.1,16.5,53.1%,2.18,3.82,24.7,0.01,1.7,MATCH ✅,2.47,
Hr 24,Min 51,2026-08-29 11:51 PST,24.68,96.0,29.92,1009.1,16.6,53.1%,2.18,3.82,24.7,0.02,1.7,MATCH ✅,2.47,
Hr 24,Min 52,2026-08-29 11:52 PST,24.67,96.0,29.91,1009.1,16.6,53.1%,2.18,3.82,24.7,0.03,1.7,MATCH ✅,2.47,
Hr 24,Min 53,2026-08-29 11:53 PST,24.67,96.0,29.91,1009.1,16.7,53.1%,2.18,3.82,24.7,0.03,1.7,MATCH ✅,2.47,
Hr 24,Min 54,2026-08-29 11:54 PST,24.66,96.0,29.9,1009.1,16.7,53.2%,2.18,3.82,24.7,0.04,1.7,MATCH ✅,2.47,
Hr 24,Min 55,2026-08-29 11:55 PST,24.65,96.0,29.89,1009.1,16.8,53.2%,2.18,3.82,24.7,0.05,1.7,MATCH ✅,2.47,
Hr 24,Min 56,2026-08-29 11:56 PST,24.65,96.0,29.89,1009.1,16.8,53.2%,2.18,3.83,24.7,0.05,1.7,MATCH ✅,2.47,
Hr 24,Min 57,2026-08-29 11:57 PST,24.64,96.0,29.88,1009.1,16.9,53.2%,2.18,3.83,24.7,0.06,1.7,MATCH ✅,2.47,
Hr 24,Min 58,2026-08-29 11:58 PST,24.63,96.0,29.87,1009.1,16.9,53.2%,2.18,3.83,24.7,0.07,1.7,MATCH ✅,2.47,
Hr 24,Min 59,2026-08-29 11:59 PST,24.63,96.0,29.87,1009.1,17.0,53.2%,2.18,3.83,24.7,0.07,1.7,MATCH ✅,2.47,
Hr 24,Min 60,2026-08-29 12:00 PST,24.62,96.0,29.86,1009.1,17.0,53.2%,2.18,3.83,24.7,0.08,1.7,MATCH ✅,2.47,15-MIN CHECKPOINT (Min 60)
