Generation,Minute,Timestamp,Agent Name,LNN Predicted Temp (°C),Ground Truth Temp (°C),Δ Temp (°C),LNN Predicted HI (°C),Ground Truth HI (°C),Δ Heat Index (°C),LNN Rain Prob (%),LNN Rain Volume (mm),Ground Truth Precip (mm),LNN River Water (m),Ground Truth River (m),Δ River Stage (cm),LCL Cloud Base (m),Inference Latency (μs),Milestone Status
Gen 1,Min 01,2026-08-28 16:01 PST,Agent-1 (PINN-Canonical),28.47,25.9,2.57,32.44,30.2,2.24,50.1%,3.37,0.4,3.43,3.44,1.3,43.4,68.5,
Gen 1,Min 02,2026-08-28 16:02 PST,Agent-1 (PINN-Canonical),28.43,25.9,2.53,32.42,30.2,2.22,50.1%,3.39,0.4,3.43,3.44,0.6,43.3,34.0,
Gen 1,Min 03,2026-08-28 16:03 PST,Agent-1 (PINN-Canonical),28.4,25.9,2.5,32.4,30.2,2.2,50.2%,3.41,0.4,3.44,3.44,0.0,43.3,32.7,
Gen 1,Min 04,2026-08-28 16:04 PST,Agent-1 (PINN-Canonical),28.37,25.9,2.47,32.39,30.2,2.19,50.3%,3.43,0.4,3.45,3.44,0.7,43.3,33.8,
Gen 1,Min 05,2026-08-28 16:05 PST,Agent-1 (PINN-Canonical),28.33,25.9,2.43,32.36,30.2,2.16,50.4%,3.45,0.4,3.45,3.44,1.4,43.3,31.4,
Gen 1,Min 06,2026-08-28 16:06 PST,Agent-1 (PINN-Canonical),28.29,25.9,2.39,32.34,30.2,2.14,50.4%,3.47,0.4,3.46,3.44,2.1,43.3,27.0,
Gen 1,Min 07,2026-08-28 16:07 PST,Agent-1 (PINN-Canonical),28.26,25.9,2.36,32.32,30.2,2.12,50.5%,3.49,0.4,3.47,3.44,2.8,43.3,27.0,
Gen 1,Min 08,2026-08-28 16:08 PST,Agent-1 (PINN-Canonical),28.22,25.9,2.32,32.3,30.2,2.1,50.6%,3.51,0.4,3.48,3.44,3.5,43.3,30.7,
Gen 1,Min 09,2026-08-28 16:09 PST,Agent-1 (PINN-Canonical),28.18,25.9,2.28,32.27,30.2,2.07,50.6%,3.53,0.4,3.48,3.44,4.2,43.3,30.6,
Gen 1,Min 10,2026-08-28 16:10 PST,Agent-1 (PINN-Canonical),28.14,25.9,2.24,32.24,30.2,2.04,50.7%,3.55,0.4,3.49,3.44,4.8,43.3,26.7,
Gen 1,Min 11,2026-08-28 16:11 PST,Agent-1 (PINN-Canonical),28.1,25.9,2.2,32.22,30.2,2.02,50.8%,3.57,0.4,3.5,3.44,5.5,43.2,30.2,
Gen 1,Min 12,2026-08-28 16:12 PST,Agent-1 (PINN-Canonical),28.06,25.9,2.16,32.19,30.2,1.99,50.8%,3.6,0.4,3.5,3.44,6.2,43.2,25.5,
Gen 1,Min 13,2026-08-28 16:13 PST,Agent-1 (PINN-Canonical),28.02,25.9,2.12,32.17,30.2,1.97,50.9%,3.62,0.4,3.51,3.44,6.9,43.2,24.5,
Gen 1,Min 14,2026-08-28 16:14 PST,Agent-1 (PINN-Canonical),27.97,25.9,2.07,32.13,30.2,1.93,51.0%,3.64,0.4,3.52,3.44,7.6,43.2,25.3,
Gen 1,Min 15,2026-08-28 16:15 PST,Agent-1 (PINN-Canonical),27.93,25.9,2.03,32.11,30.2,1.91,51.0%,3.66,0.4,3.52,3.44,8.3,43.2,31.6,15-MIN CHECKPOINT (Min 15)
Gen 1,Min 16,2026-08-28 16:16 PST,Agent-1 (PINN-Canonical),27.88,25.9,1.98,32.07,30.2,1.87,51.1%,3.68,0.4,3.53,3.44,9.1,43.2,26.0,
Gen 1,Min 17,2026-08-28 16:17 PST,Agent-1 (PINN-Canonical),27.83,25.9,1.93,32.04,30.2,1.84,51.2%,3.7,0.4,3.54,3.44,9.8,43.2,25.4,
Gen 1,Min 18,2026-08-28 16:18 PST,Agent-1 (PINN-Canonical),27.78,25.9,1.88,32.0,30.2,1.8,51.3%,3.72,0.4,3.54,3.44,10.5,43.1,25.2,
Gen 1,Min 19,2026-08-28 16:19 PST,Agent-1 (PINN-Canonical),27.73,25.9,1.83,31.96,30.2,1.76,51.3%,3.74,0.4,3.55,3.44,11.2,43.1,25.7,
Gen 1,Min 20,2026-08-28 16:20 PST,Agent-1 (PINN-Canonical),27.68,25.9,1.78,31.93,30.2,1.73,51.4%,3.76,0.4,3.56,3.44,11.9,43.1,27.1,
Gen 1,Min 21,2026-08-28 16:21 PST,Agent-1 (PINN-Canonical),27.63,25.9,1.73,31.89,30.2,1.69,51.5%,3.78,0.4,3.57,3.44,12.6,43.1,25.2,
Gen 1,Min 22,2026-08-28 16:22 PST,Agent-1 (PINN-Canonical),27.58,25.9,1.68,31.86,30.2,1.66,51.5%,3.8,0.4,3.57,3.44,13.3,43.1,24.6,
Gen 1,Min 23,2026-08-28 16:23 PST,Agent-1 (PINN-Canonical),27.52,25.9,1.62,31.81,30.2,1.61,51.6%,3.82,0.4,3.58,3.44,14.0,43.1,23.9,
Gen 1,Min 24,2026-08-28 16:24 PST,Agent-1 (PINN-Canonical),27.47,25.9,1.57,31.78,30.2,1.58,51.7%,3.84,0.4,3.59,3.44,14.8,43.0,24.3,
Gen 1,Min 25,2026-08-28 16:25 PST,Agent-1 (PINN-Canonical),27.42,25.9,1.52,31.74,30.2,1.54,51.7%,3.86,0.4,3.6,3.44,15.5,43.0,24.5,
Gen 1,Min 26,2026-08-28 16:26 PST,Agent-1 (PINN-Canonical),27.37,25.9,1.47,31.71,30.2,1.51,51.8%,3.88,0.4,3.6,3.44,16.2,43.0,27.2,
Gen 1,Min 27,2026-08-28 16:27 PST,Agent-1 (PINN-Canonical),27.31,25.9,1.41,31.66,30.2,1.46,51.9%,3.91,0.4,3.61,3.44,16.9,43.0,213.9,
Gen 1,Min 28,2026-08-28 16:28 PST,Agent-1 (PINN-Canonical),27.26,25.9,1.36,31.63,30.2,1.43,51.9%,3.93,0.4,3.62,3.44,17.7,43.0,26.5,
Gen 1,Min 29,2026-08-28 16:29 PST,Agent-1 (PINN-Canonical),27.21,25.9,1.31,31.59,30.2,1.39,52.0%,3.95,0.4,3.62,3.44,18.4,43.0,30.4,
Gen 1,Min 30,2026-08-28 16:30 PST,Agent-1 (PINN-Canonical),27.15,25.9,1.25,31.54,30.2,1.34,52.1%,3.97,0.4,3.63,3.44,19.1,42.9,25.4,15-MIN CHECKPOINT (Min 30)
Gen 1,Min 31,2026-08-28 16:31 PST,Agent-1 (PINN-Canonical),27.1,25.9,1.2,31.51,30.2,1.31,52.1%,3.99,0.4,3.64,3.44,19.9,42.9,27.6,
Gen 1,Min 32,2026-08-28 16:32 PST,Agent-1 (PINN-Canonical),27.05,25.9,1.15,31.47,30.2,1.27,52.2%,4.01,0.4,3.65,3.44,20.6,42.9,26.2,
Gen 1,Min 33,2026-08-28 16:33 PST,Agent-1 (PINN-Canonical),27.0,25.9,1.1,31.44,30.2,1.24,52.3%,4.03,0.4,3.65,3.44,21.4,42.9,25.6,
Gen 1,Min 34,2026-08-28 16:34 PST,Agent-1 (PINN-Canonical),26.96,25.9,1.06,31.41,30.2,1.21,52.4%,4.05,0.4,3.66,3.44,22.1,42.9,25.4,
Gen 1,Min 35,2026-08-28 16:35 PST,Agent-1 (PINN-Canonical),26.91,25.9,1.01,31.38,30.2,1.18,52.4%,4.08,0.4,3.67,3.44,22.8,42.9,24.4,
Gen 1,Min 36,2026-08-28 16:36 PST,Agent-1 (PINN-Canonical),26.86,25.9,0.96,31.34,30.2,1.14,52.5%,4.1,0.4,3.68,3.44,23.6,42.8,25.3,
Gen 1,Min 37,2026-08-28 16:37 PST,Agent-1 (PINN-Canonical),26.82,25.9,0.92,31.32,30.2,1.12,52.6%,4.12,0.4,3.68,3.44,24.3,42.8,44.9,
Gen 1,Min 38,2026-08-28 16:38 PST,Agent-1 (PINN-Canonical),26.77,25.9,0.87,31.28,30.2,1.08,52.6%,4.14,0.4,3.69,3.44,25.1,42.8,27.0,
Gen 1,Min 39,2026-08-28 16:39 PST,Agent-1 (PINN-Canonical),26.73,25.9,0.83,31.25,30.2,1.05,52.7%,4.16,0.4,3.7,3.44,25.8,42.8,24.6,
Gen 1,Min 40,2026-08-28 16:40 PST,Agent-1 (PINN-Canonical),26.69,25.9,0.79,31.23,30.2,1.03,52.8%,4.18,0.4,3.71,3.44,26.6,42.8,32.7,
Gen 1,Min 41,2026-08-28 16:41 PST,Agent-1 (PINN-Canonical),26.65,25.9,0.75,31.2,30.2,1.0,52.8%,4.2,0.4,3.71,3.44,27.3,42.8,24.5,
Gen 1,Min 42,2026-08-28 16:42 PST,Agent-1 (PINN-Canonical),26.61,25.9,0.71,31.18,30.2,0.98,52.9%,4.23,0.4,3.72,3.44,28.1,42.8,27.2,
Gen 1,Min 43,2026-08-28 16:43 PST,Agent-1 (PINN-Canonical),26.57,25.9,0.67,31.15,30.2,0.95,53.0%,4.25,0.4,3.73,3.44,28.9,42.8,24.4,
Gen 1,Min 44,2026-08-28 16:44 PST,Agent-1 (PINN-Canonical),26.54,25.9,0.64,31.14,30.2,0.94,53.1%,4.27,0.4,3.74,3.44,29.6,42.7,24.2,
Gen 1,Min 45,2026-08-28 16:45 PST,Agent-1 (PINN-Canonical),26.5,25.9,0.6,31.11,30.2,0.91,53.1%,4.29,0.4,3.74,3.44,30.4,42.7,24.4,15-MIN CHECKPOINT (Min 45)
Gen 1,Min 46,2026-08-28 16:46 PST,Agent-1 (PINN-Canonical),26.47,25.9,0.57,31.1,30.2,0.9,53.2%,4.31,0.4,3.75,3.44,31.1,42.7,26.2,
Gen 1,Min 47,2026-08-28 16:47 PST,Agent-1 (PINN-Canonical),26.43,25.9,0.53,31.07,30.2,0.87,53.3%,4.33,0.4,3.76,3.44,31.9,42.7,23.8,
Gen 1,Min 48,2026-08-28 16:48 PST,Agent-1 (PINN-Canonical),26.4,25.9,0.5,31.05,30.2,0.85,53.3%,4.36,0.4,3.77,3.44,32.7,42.7,26.8,
Gen 1,Min 49,2026-08-28 16:49 PST,Agent-1 (PINN-Canonical),26.37,25.9,0.47,31.04,30.2,0.84,53.4%,4.38,0.4,3.77,3.44,33.5,42.7,25.1,
Gen 1,Min 50,2026-08-28 16:50 PST,Agent-1 (PINN-Canonical),26.33,25.9,0.43,31.01,30.2,0.81,53.5%,4.4,0.4,3.78,3.44,34.2,42.7,27.3,
Gen 1,Min 51,2026-08-28 16:51 PST,Agent-1 (PINN-Canonical),26.3,25.9,0.4,31.0,30.2,0.8,53.6%,4.42,0.4,3.79,3.44,35.0,42.7,24.4,
Gen 1,Min 52,2026-08-28 16:52 PST,Agent-1 (PINN-Canonical),26.27,25.9,0.37,30.98,30.2,0.78,53.6%,4.45,0.4,3.8,3.44,35.8,42.7,26.7,
Gen 1,Min 53,2026-08-28 16:53 PST,Agent-1 (PINN-Canonical),26.23,25.9,0.33,30.96,30.2,0.76,53.7%,4.47,0.4,3.81,3.44,36.6,42.6,24.2,
Gen 1,Min 54,2026-08-28 16:54 PST,Agent-1 (PINN-Canonical),26.2,25.9,0.3,30.94,30.2,0.74,53.8%,4.49,0.4,3.81,3.44,37.3,42.6,26.5,
Gen 1,Min 55,2026-08-28 16:55 PST,Agent-1 (PINN-Canonical),26.16,25.9,0.26,30.92,30.2,0.72,53.9%,4.51,0.4,3.82,3.44,38.1,42.6,24.6,
Gen 1,Min 56,2026-08-28 16:56 PST,Agent-1 (PINN-Canonical),26.13,25.9,0.23,30.9,30.2,0.7,53.9%,4.54,0.4,3.83,3.44,38.9,42.6,24.7,
Gen 1,Min 57,2026-08-28 16:57 PST,Agent-1 (PINN-Canonical),26.09,25.9,0.19,30.87,30.2,0.67,54.0%,4.56,0.4,3.84,3.44,39.7,42.6,24.8,
Gen 1,Min 58,2026-08-28 16:58 PST,Agent-1 (PINN-Canonical),26.05,25.9,0.15,30.85,30.2,0.65,54.1%,4.58,0.4,3.85,3.44,40.5,42.6,24.2,
Gen 1,Min 59,2026-08-28 16:59 PST,Agent-1 (PINN-Canonical),26.02,25.9,0.12,30.83,30.2,0.63,54.1%,4.6,0.4,3.85,3.44,41.3,42.6,34.0,
Gen 1,Min 60,2026-08-28 17:00 PST,Agent-1 (PINN-Canonical),25.98,25.9,0.08,30.81,30.2,0.61,54.2%,4.63,0.4,3.86,3.44,42.1,42.6,23.9,15-MIN CHECKPOINT (Min 60)
Gen 1,Min 01,2026-08-28 16:01 PST,Agent-2 (PINN-MultiScale),28.47,25.9,2.57,32.44,30.2,2.24,50.1%,3.37,0.4,3.43,3.44,1.3,43.4,28.6,
Gen 1,Min 02,2026-08-28 16:02 PST,Agent-2 (PINN-MultiScale),28.43,25.9,2.53,32.42,30.2,2.22,50.1%,3.39,0.4,3.43,3.44,0.6,43.3,26.3,
Gen 1,Min 03,2026-08-28 16:03 PST,Agent-2 (PINN-MultiScale),28.4,25.9,2.5,32.4,30.2,2.2,50.2%,3.41,0.4,3.44,3.44,0.0,43.3,24.9,
Gen 1,Min 04,2026-08-28 16:04 PST,Agent-2 (PINN-MultiScale),28.36,25.9,2.46,32.38,30.2,2.18,50.2%,3.42,0.4,3.45,3.44,0.7,43.3,26.6,
Gen 1,Min 05,2026-08-28 16:05 PST,Agent-2 (PINN-MultiScale),28.33,25.9,2.43,32.36,30.2,2.16,50.3%,3.44,0.4,3.45,3.44,1.4,43.3,25.9,
Gen 1,Min 06,2026-08-28 16:06 PST,Agent-2 (PINN-MultiScale),28.29,25.9,2.39,32.34,30.2,2.14,50.3%,3.46,0.4,3.46,3.44,2.1,43.3,26.3,
Gen 1,Min 07,2026-08-28 16:07 PST,Agent-2 (PINN-MultiScale),28.26,25.9,2.36,32.32,30.2,2.12,50.4%,3.47,0.4,3.47,3.44,2.8,43.3,24.4,
Gen 1,Min 08,2026-08-28 16:08 PST,Agent-2 (PINN-MultiScale),28.22,25.9,2.32,32.3,30.2,2.1,50.4%,3.49,0.4,3.47,3.44,3.4,43.3,23.9,
Gen 1,Min 09,2026-08-28 16:09 PST,Agent-2 (PINN-MultiScale),28.18,25.9,2.28,32.27,30.2,2.07,50.4%,3.51,0.4,3.48,3.44,4.1,43.3,23.7,
Gen 1,Min 10,2026-08-28 16:10 PST,Agent-2 (PINN-MultiScale),28.14,25.9,2.24,32.24,30.2,2.04,50.5%,3.52,0.4,3.49,3.44,4.8,43.3,27.0,
Gen 1,Min 11,2026-08-28 16:11 PST,Agent-2 (PINN-MultiScale),28.1,25.9,2.2,32.22,30.2,2.02,50.5%,3.54,0.4,3.5,3.44,5.5,43.2,26.5,
Gen 1,Min 12,2026-08-28 16:12 PST,Agent-2 (PINN-MultiScale),28.06,25.9,2.16,32.19,30.2,1.99,50.6%,3.56,0.4,3.5,3.44,6.2,43.2,24.1,
Gen 1,Min 13,2026-08-28 16:13 PST,Agent-2 (PINN-MultiScale),28.02,25.9,2.12,32.17,30.2,1.97,50.6%,3.57,0.4,3.51,3.44,6.9,43.2,23.7,
Gen 1,Min 14,2026-08-28 16:14 PST,Agent-2 (PINN-MultiScale),27.97,25.9,2.07,32.13,30.2,1.93,50.6%,3.59,0.4,3.52,3.44,7.6,43.2,23.8,
Gen 1,Min 15,2026-08-28 16:15 PST,Agent-2 (PINN-MultiScale),27.93,25.9,2.03,32.11,30.2,1.91,50.7%,3.61,0.4,3.52,3.44,8.3,43.2,27.1,15-MIN CHECKPOINT (Min 15)
Gen 1,Min 16,2026-08-28 16:16 PST,Agent-2 (PINN-MultiScale),27.88,25.9,1.98,32.07,30.2,1.87,50.7%,3.62,0.4,3.53,3.44,9.0,43.2,25.7,
Gen 1,Min 17,2026-08-28 16:17 PST,Agent-2 (PINN-MultiScale),27.83,25.9,1.93,32.04,30.2,1.84,50.7%,3.64,0.4,3.54,3.44,9.7,43.2,24.0,
Gen 1,Min 18,2026-08-28 16:18 PST,Agent-2 (PINN-MultiScale),27.78,25.9,1.88,32.0,30.2,1.8,50.8%,3.65,0.4,3.54,3.44,10.4,43.1,32.6,
Gen 1,Min 19,2026-08-28 16:19 PST,Agent-2 (PINN-MultiScale),27.73,25.9,1.83,31.96,30.2,1.76,50.8%,3.67,0.4,3.55,3.44,11.1,43.1,40.5,
Gen 1,Min 20,2026-08-28 16:20 PST,Agent-2 (PINN-MultiScale),27.68,25.9,1.78,31.93,30.2,1.73,50.8%,3.68,0.4,3.56,3.44,11.8,43.1,36.1,
Gen 1,Min 21,2026-08-28 16:21 PST,Agent-2 (PINN-MultiScale),27.63,25.9,1.73,31.89,30.2,1.69,50.9%,3.7,0.4,3.56,3.44,12.5,43.1,38.8,
Gen 1,Min 22,2026-08-28 16:22 PST,Agent-2 (PINN-MultiScale),27.58,25.9,1.68,31.86,30.2,1.66,50.9%,3.72,0.4,3.57,3.44,13.2,43.1,36.9,
Gen 1,Min 23,2026-08-28 16:23 PST,Agent-2 (PINN-MultiScale),27.52,25.9,1.62,31.81,30.2,1.61,50.9%,3.73,0.4,3.58,3.44,13.9,43.1,39.4,
Gen 1,Min 24,2026-08-28 16:24 PST,Agent-2 (PINN-MultiScale),27.47,25.9,1.57,31.78,30.2,1.58,51.0%,3.75,0.4,3.59,3.44,14.6,43.0,35.5,
Gen 1,Min 25,2026-08-28 16:25 PST,Agent-2 (PINN-MultiScale),27.42,25.9,1.52,31.74,30.2,1.54,51.0%,3.76,0.4,3.59,3.44,15.3,43.0,35.2,
Gen 1,Min 26,2026-08-28 16:26 PST,Agent-2 (PINN-MultiScale),27.36,25.9,1.46,31.7,30.2,1.5,51.0%,3.78,0.4,3.6,3.44,16.0,43.0,38.4,
Gen 1,Min 27,2026-08-28 16:27 PST,Agent-2 (PINN-MultiScale),27.31,25.9,1.41,31.66,30.2,1.46,51.0%,3.79,0.4,3.61,3.44,16.7,43.0,42.9,
Gen 1,Min 28,2026-08-28 16:28 PST,Agent-2 (PINN-MultiScale),27.26,25.9,1.36,31.63,30.2,1.43,51.1%,3.81,0.4,3.61,3.44,17.4,43.0,36.4,
Gen 1,Min 29,2026-08-28 16:29 PST,Agent-2 (PINN-MultiScale),27.21,25.9,1.31,31.59,30.2,1.39,51.1%,3.82,0.4,3.62,3.44,18.1,43.0,35.9,
Gen 1,Min 30,2026-08-28 16:30 PST,Agent-2 (PINN-MultiScale),27.15,25.9,1.25,31.54,30.2,1.34,51.1%,3.84,0.4,3.63,3.44,18.8,42.9,35.5,15-MIN CHECKPOINT (Min 30)
Gen 1,Min 31,2026-08-28 16:31 PST,Agent-2 (PINN-MultiScale),27.1,25.9,1.2,31.51,30.2,1.31,51.1%,3.85,0.4,3.63,3.44,19.5,42.9,40.1,
Gen 1,Min 32,2026-08-28 16:32 PST,Agent-2 (PINN-MultiScale),27.05,25.9,1.15,31.47,30.2,1.27,51.2%,3.87,0.4,3.64,3.44,20.2,42.9,69.8,
Gen 1,Min 33,2026-08-28 16:33 PST,Agent-2 (PINN-MultiScale),27.0,25.9,1.1,31.44,30.2,1.24,51.2%,3.88,0.4,3.65,3.44,20.9,42.9,35.9,
Gen 1,Min 34,2026-08-28 16:34 PST,Agent-2 (PINN-MultiScale),26.96,25.9,1.06,31.41,30.2,1.21,51.2%,3.9,0.4,3.66,3.44,21.6,42.9,35.4,
Gen 1,Min 35,2026-08-28 16:35 PST,Agent-2 (PINN-MultiScale),26.91,25.9,1.01,31.38,30.2,1.18,51.2%,3.91,0.4,3.66,3.44,22.4,42.9,48.1,
Gen 1,Min 36,2026-08-28 16:36 PST,Agent-2 (PINN-MultiScale),26.86,25.9,0.96,31.34,30.2,1.14,51.3%,3.93,0.4,3.67,3.44,23.1,42.8,28.1,
Gen 1,Min 37,2026-08-28 16:37 PST,Agent-2 (PINN-MultiScale),26.82,25.9,0.92,31.32,30.2,1.12,51.3%,3.94,0.4,3.68,3.44,23.8,42.8,35.7,
Gen 1,Min 38,2026-08-28 16:38 PST,Agent-2 (PINN-MultiScale),26.78,25.9,0.88,31.29,30.2,1.09,51.3%,3.96,0.4,3.69,3.44,24.5,42.8,31.7,
Gen 1,Min 39,2026-08-28 16:39 PST,Agent-2 (PINN-MultiScale),26.73,25.9,0.83,31.25,30.2,1.05,51.3%,3.97,0.4,3.69,3.44,25.2,42.8,25.4,
Gen 1,Min 40,2026-08-28 16:40 PST,Agent-2 (PINN-MultiScale),26.69,25.9,0.79,31.23,30.2,1.03,51.3%,3.99,0.4,3.7,3.44,25.9,42.8,80.4,
Gen 1,Min 41,2026-08-28 16:41 PST,Agent-2 (PINN-MultiScale),26.65,25.9,0.75,31.2,30.2,1.0,51.4%,4.0,0.4,3.71,3.44,26.7,42.8,151.5,
Gen 1,Min 42,2026-08-28 16:42 PST,Agent-2 (PINN-MultiScale),26.61,25.9,0.71,31.18,30.2,0.98,51.4%,4.02,0.4,3.71,3.44,27.4,42.8,155.3,
Gen 1,Min 43,2026-08-28 16:43 PST,Agent-2 (PINN-MultiScale),26.58,25.9,0.68,31.16,30.2,0.96,51.4%,4.03,0.4,3.72,3.44,28.1,42.8,142.7,
Gen 1,Min 44,2026-08-28 16:44 PST,Agent-2 (PINN-MultiScale),26.54,25.9,0.64,31.14,30.2,0.94,51.4%,4.05,0.4,3.73,3.44,28.8,42.7,91.0,
Gen 1,Min 45,2026-08-28 16:45 PST,Agent-2 (PINN-MultiScale),26.5,25.9,0.6,31.11,30.2,0.91,51.4%,4.06,0.4,3.73,3.44,29.5,42.7,58.6,15-MIN CHECKPOINT (Min 45)
Gen 1,Min 46,2026-08-28 16:46 PST,Agent-2 (PINN-MultiScale),26.47,25.9,0.57,31.1,30.2,0.9,51.5%,4.08,0.4,3.74,3.44,30.3,42.7,48.2,
Gen 1,Min 47,2026-08-28 16:47 PST,Agent-2 (PINN-MultiScale),26.44,25.9,0.54,31.08,30.2,0.88,51.5%,4.09,0.4,3.75,3.44,31.0,42.7,47.9,
Gen 1,Min 48,2026-08-28 16:48 PST,Agent-2 (PINN-MultiScale),26.4,25.9,0.5,31.05,30.2,0.85,51.5%,4.11,0.4,3.76,3.44,31.7,42.7,59.3,
Gen 1,Min 49,2026-08-28 16:49 PST,Agent-2 (PINN-MultiScale),26.37,25.9,0.47,31.04,30.2,0.84,51.5%,4.12,0.4,3.76,3.44,32.4,42.7,50.1,
Gen 1,Min 50,2026-08-28 16:50 PST,Agent-2 (PINN-MultiScale),26.34,25.9,0.44,31.02,30.2,0.82,51.5%,4.14,0.4,3.77,3.44,33.2,42.7,37.8,
Gen 1,Min 51,2026-08-28 16:51 PST,Agent-2 (PINN-MultiScale),26.3,25.9,0.4,31.0,30.2,0.8,51.5%,4.15,0.4,3.78,3.44,33.9,42.7,29.5,
Gen 1,Min 52,2026-08-28 16:52 PST,Agent-2 (PINN-MultiScale),26.27,25.9,0.37,30.98,30.2,0.78,51.6%,4.16,0.4,3.79,3.44,34.6,42.7,25.3,
Gen 1,Min 53,2026-08-28 16:53 PST,Agent-2 (PINN-MultiScale),26.24,25.9,0.34,30.97,30.2,0.77,51.6%,4.18,0.4,3.79,3.44,35.3,42.6,24.9,
Gen 1,Min 54,2026-08-28 16:54 PST,Agent-2 (PINN-MultiScale),26.2,25.9,0.3,30.94,30.2,0.74,51.6%,4.19,0.4,3.8,3.44,36.1,42.6,28.0,
Gen 1,Min 55,2026-08-28 16:55 PST,Agent-2 (PINN-MultiScale),26.17,25.9,0.27,30.93,30.2,0.73,51.6%,4.21,0.4,3.81,3.44,36.8,42.6,28.6,
Gen 1,Min 56,2026-08-28 16:56 PST,Agent-2 (PINN-MultiScale),26.13,25.9,0.23,30.9,30.2,0.7,51.6%,4.22,0.4,3.81,3.44,37.5,42.6,24.6,
Gen 1,Min 57,2026-08-28 16:57 PST,Agent-2 (PINN-MultiScale),26.1,25.9,0.2,30.88,30.2,0.68,51.6%,4.24,0.4,3.82,3.44,38.3,42.6,24.1,
Gen 1,Min 58,2026-08-28 16:58 PST,Agent-2 (PINN-MultiScale),26.06,25.9,0.16,30.86,30.2,0.66,51.6%,4.25,0.4,3.83,3.44,39.0,42.6,24.1,
Gen 1,Min 59,2026-08-28 16:59 PST,Agent-2 (PINN-MultiScale),26.02,25.9,0.12,30.83,30.2,0.63,51.6%,4.26,0.4,3.84,3.44,39.7,42.6,23.9,
Gen 1,Min 60,2026-08-28 17:00 PST,Agent-2 (PINN-MultiScale),25.98,25.9,0.08,30.81,30.2,0.61,51.7%,4.28,0.4,3.85,3.44,40.5,42.6,27.6,15-MIN CHECKPOINT (Min 60)
Gen 1,Min 01,2026-08-28 16:01 PST,Agent-3 (PINN-CrossAttn),28.47,25.9,2.57,32.44,30.2,2.24,50.1%,3.37,0.4,3.43,3.44,1.3,43.4,31.8,
Gen 1,Min 02,2026-08-28 16:02 PST,Agent-3 (PINN-CrossAttn),28.43,25.9,2.53,32.42,30.2,2.22,50.2%,3.39,0.4,3.43,3.44,0.6,43.3,26.7,
Gen 1,Min 03,2026-08-28 16:03 PST,Agent-3 (PINN-CrossAttn),28.4,25.9,2.5,32.4,30.2,2.2,50.2%,3.41,0.4,3.44,3.44,0.0,43.3,25.1,
Gen 1,Min 04,2026-08-28 16:04 PST,Agent-3 (PINN-CrossAttn),28.37,25.9,2.47,32.39,30.2,2.19,50.3%,3.43,0.4,3.45,3.44,0.7,43.3,24.7,
Gen 1,Min 05,2026-08-28 16:05 PST,Agent-3 (PINN-CrossAttn),28.33,25.9,2.43,32.36,30.2,2.16,50.4%,3.45,0.4,3.45,3.44,1.4,43.3,28.3,
Gen 1,Min 06,2026-08-28 16:06 PST,Agent-3 (PINN-CrossAttn),28.29,25.9,2.39,32.34,30.2,2.14,50.4%,3.48,0.4,3.46,3.44,2.1,43.3,24.8,
Gen 1,Min 07,2026-08-28 16:07 PST,Agent-3 (PINN-CrossAttn),28.26,25.9,2.36,32.32,30.2,2.12,50.5%,3.5,0.4,3.47,3.44,2.8,43.3,26.5,
Gen 1,Min 08,2026-08-28 16:08 PST,Agent-3 (PINN-CrossAttn),28.22,25.9,2.32,32.3,30.2,2.1,50.6%,3.52,0.4,3.48,3.44,3.5,43.3,25.5,
Gen 1,Min 09,2026-08-28 16:09 PST,Agent-3 (PINN-CrossAttn),28.18,25.9,2.28,32.27,30.2,2.07,50.7%,3.54,0.4,3.48,3.44,4.2,43.3,24.6,
Gen 1,Min 10,2026-08-28 16:10 PST,Agent-3 (PINN-CrossAttn),28.14,25.9,2.24,32.24,30.2,2.04,50.8%,3.56,0.4,3.49,3.44,4.9,43.3,24.6,
Gen 1,Min 11,2026-08-28 16:11 PST,Agent-3 (PINN-CrossAttn),28.1,25.9,2.2,32.22,30.2,2.02,50.9%,3.59,0.4,3.5,3.44,5.6,43.2,31.5,
Gen 1,Min 12,2026-08-28 16:12 PST,Agent-3 (PINN-CrossAttn),28.06,25.9,2.16,32.19,30.2,1.99,50.9%,3.61,0.4,3.5,3.44,6.3,43.2,24.1,
Gen 1,Min 13,2026-08-28 16:13 PST,Agent-3 (PINN-CrossAttn),28.02,25.9,2.12,32.17,30.2,1.97,51.0%,3.63,0.4,3.51,3.44,7.0,43.2,23.9,
Gen 1,Min 14,2026-08-28 16:14 PST,Agent-3 (PINN-CrossAttn),27.97,25.9,2.07,32.13,30.2,1.93,51.1%,3.65,0.4,3.52,3.44,7.7,43.2,23.9,
Gen 1,Min 15,2026-08-28 16:15 PST,Agent-3 (PINN-CrossAttn),27.93,25.9,2.03,32.11,30.2,1.91,51.2%,3.68,0.4,3.52,3.44,8.4,43.2,23.7,15-MIN CHECKPOINT (Min 15)
Gen 1,Min 16,2026-08-28 16:16 PST,Agent-3 (PINN-CrossAttn),27.88,25.9,1.98,32.07,30.2,1.87,51.3%,3.7,0.4,3.53,3.44,9.1,43.2,26.3,
Gen 1,Min 17,2026-08-28 16:17 PST,Agent-3 (PINN-CrossAttn),27.83,25.9,1.93,32.04,30.2,1.84,51.4%,3.72,0.4,3.54,3.44,9.8,43.2,23.9,
Gen 1,Min 18,2026-08-28 16:18 PST,Agent-3 (PINN-CrossAttn),27.78,25.9,1.88,32.0,30.2,1.8,51.5%,3.75,0.4,3.54,3.44,10.5,43.1,24.2,
Gen 1,Min 19,2026-08-28 16:19 PST,Agent-3 (PINN-CrossAttn),27.73,25.9,1.83,31.96,30.2,1.76,51.6%,3.77,0.4,3.55,3.44,11.2,43.1,24.0,
Gen 1,Min 20,2026-08-28 16:20 PST,Agent-3 (PINN-CrossAttn),27.68,25.9,1.78,31.93,30.2,1.73,51.7%,3.8,0.4,3.56,3.44,11.9,43.1,24.2,
Gen 1,Min 21,2026-08-28 16:21 PST,Agent-3 (PINN-CrossAttn),27.63,25.9,1.73,31.89,30.2,1.69,51.8%,3.82,0.4,3.57,3.44,12.7,43.1,23.9,
Gen 1,Min 22,2026-08-28 16:22 PST,Agent-3 (PINN-CrossAttn),27.58,25.9,1.68,31.86,30.2,1.66,51.9%,3.85,0.4,3.57,3.44,13.4,43.1,27.6,
Gen 1,Min 23,2026-08-28 16:23 PST,Agent-3 (PINN-CrossAttn),27.53,25.9,1.63,31.82,30.2,1.62,52.0%,3.87,0.4,3.58,3.44,14.1,43.1,23.9,
Gen 1,Min 24,2026-08-28 16:24 PST,Agent-3 (PINN-CrossAttn),27.47,25.9,1.57,31.78,30.2,1.58,52.1%,3.9,0.4,3.59,3.44,14.9,43.0,23.7,
Gen 1,Min 25,2026-08-28 16:25 PST,Agent-3 (PINN-CrossAttn),27.42,25.9,1.52,31.74,30.2,1.54,52.2%,3.92,0.4,3.6,3.44,15.6,43.0,24.1,
Gen 1,Min 26,2026-08-28 16:26 PST,Agent-3 (PINN-CrossAttn),27.37,25.9,1.47,31.71,30.2,1.51,52.3%,3.95,0.4,3.6,3.44,16.3,43.0,24.6,
Gen 1,Min 27,2026-08-28 16:27 PST,Agent-3 (PINN-CrossAttn),27.31,25.9,1.41,31.66,30.2,1.46,52.4%,3.97,0.4,3.61,3.44,17.1,43.0,27.4,
Gen 1,Min 28,2026-08-28 16:28 PST,Agent-3 (PINN-CrossAttn),27.26,25.9,1.36,31.63,30.2,1.43,52.5%,4.0,0.4,3.62,3.44,17.8,43.0,30.1,
Gen 1,Min 29,2026-08-28 16:29 PST,Agent-3 (PINN-CrossAttn),27.21,25.9,1.31,31.59,30.2,1.39,52.6%,4.03,0.4,3.63,3.44,18.6,43.0,24.6,
Gen 1,Min 30,2026-08-28 16:30 PST,Agent-3 (PINN-CrossAttn),27.16,25.9,1.26,31.55,30.2,1.35,52.7%,4.05,0.4,3.63,3.44,19.3,42.9,24.7,15-MIN CHECKPOINT (Min 30)
Gen 1,Min 31,2026-08-28 16:31 PST,Agent-3 (PINN-CrossAttn),27.11,25.9,1.21,31.52,30.2,1.32,52.8%,4.08,0.4,3.64,3.44,20.1,42.9,24.9,
Gen 1,Min 32,2026-08-28 16:32 PST,Agent-3 (PINN-CrossAttn),27.06,25.9,1.16,31.48,30.2,1.28,52.9%,4.11,0.4,3.65,3.44,20.8,42.9,24.4,
Gen 1,Min 33,2026-08-28 16:33 PST,Agent-3 (PINN-CrossAttn),27.01,25.9,1.11,31.45,30.2,1.25,53.0%,4.13,0.4,3.66,3.44,21.6,42.9,26.9,
Gen 1,Min 34,2026-08-28 16:34 PST,Agent-3 (PINN-CrossAttn),26.96,25.9,1.06,31.41,30.2,1.21,53.2%,4.16,0.4,3.66,3.44,22.4,42.9,25.5,
Gen 1,Min 35,2026-08-28 16:35 PST,Agent-3 (PINN-CrossAttn),26.91,25.9,1.01,31.38,30.2,1.18,53.3%,4.19,0.4,3.67,3.44,23.1,42.9,23.6,
Gen 1,Min 36,2026-08-28 16:36 PST,Agent-3 (PINN-CrossAttn),26.87,25.9,0.97,31.35,30.2,1.15,53.4%,4.22,0.4,3.68,3.44,23.9,42.8,23.5,
Gen 1,Min 37,2026-08-28 16:37 PST,Agent-3 (PINN-CrossAttn),26.82,25.9,0.92,31.32,30.2,1.12,53.5%,4.25,0.4,3.69,3.44,24.7,42.8,24.2,
Gen 1,Min 38,2026-08-28 16:38 PST,Agent-3 (PINN-CrossAttn),26.78,25.9,0.88,31.29,30.2,1.09,53.6%,4.27,0.4,3.69,3.44,25.4,42.8,26.5,
Gen 1,Min 39,2026-08-28 16:39 PST,Agent-3 (PINN-CrossAttn),26.74,25.9,0.84,31.26,30.2,1.06,53.7%,4.3,0.4,3.7,3.44,26.2,42.8,24.2,
Gen 1,Min 40,2026-08-28 16:40 PST,Agent-3 (PINN-CrossAttn),26.7,25.9,0.8,31.24,30.2,1.04,53.9%,4.33,0.4,3.71,3.44,27.0,42.8,23.9,
Gen 1,Min 41,2026-08-28 16:41 PST,Agent-3 (PINN-CrossAttn),26.66,25.9,0.76,31.21,30.2,1.01,54.0%,4.36,0.4,3.72,3.44,27.8,42.8,23.8,
Gen 1,Min 42,2026-08-28 16:42 PST,Agent-3 (PINN-CrossAttn),26.62,25.9,0.72,31.19,30.2,0.99,54.1%,4.39,0.4,3.73,3.44,28.6,42.8,24.4,
Gen 1,Min 43,2026-08-28 16:43 PST,Agent-3 (PINN-CrossAttn),26.58,25.9,0.68,31.16,30.2,0.96,54.2%,4.42,0.4,3.73,3.44,29.4,42.8,24.2,
Gen 1,Min 44,2026-08-28 16:44 PST,Agent-3 (PINN-CrossAttn),26.54,25.9,0.64,31.14,30.2,0.94,54.4%,4.44,0.4,3.74,3.44,30.2,42.7,27.8,
Gen 1,Min 45,2026-08-28 16:45 PST,Agent-3 (PINN-CrossAttn),26.51,25.9,0.61,31.12,30.2,0.92,54.5%,4.47,0.4,3.75,3.44,31.0,42.7,27.3,15-MIN CHECKPOINT (Min 45)
Gen 1,Min 46,2026-08-28 16:46 PST,Agent-3 (PINN-CrossAttn),26.47,25.9,0.57,31.1,30.2,0.9,54.6%,4.5,0.4,3.76,3.44,31.8,42.7,24.4,
Gen 1,Min 47,2026-08-28 16:47 PST,Agent-3 (PINN-CrossAttn),26.44,25.9,0.54,31.08,30.2,0.88,54.7%,4.53,0.4,3.77,3.44,32.6,42.7,24.1,
Gen 1,Min 48,2026-08-28 16:48 PST,Agent-3 (PINN-CrossAttn),26.4,25.9,0.5,31.05,30.2,0.85,54.9%,4.56,0.4,3.77,3.44,33.4,42.7,23.6,
Gen 1,Min 49,2026-08-28 16:49 PST,Agent-3 (PINN-CrossAttn),26.37,25.9,0.47,31.04,30.2,0.84,55.0%,4.59,0.4,3.78,3.44,34.2,42.7,26.6,
Gen 1,Min 50,2026-08-28 16:50 PST,Agent-3 (PINN-CrossAttn),26.34,25.9,0.44,31.02,30.2,0.82,55.1%,4.62,0.4,3.79,3.44,35.0,42.7,24.8,
Gen 1,Min 51,2026-08-28 16:51 PST,Agent-3 (PINN-CrossAttn),26.3,25.9,0.4,31.0,30.2,0.8,55.2%,4.65,0.4,3.8,3.44,35.8,42.7,24.1,
Gen 1,Min 52,2026-08-28 16:52 PST,Agent-3 (PINN-CrossAttn),26.27,25.9,0.37,30.98,30.2,0.78,55.4%,4.68,0.4,3.81,3.44,36.7,42.7,23.9,
Gen 1,Min 53,2026-08-28 16:53 PST,Agent-3 (PINN-CrossAttn),26.24,25.9,0.34,30.97,30.2,0.77,55.5%,4.71,0.4,3.81,3.44,37.5,42.6,23.6,
Gen 1,Min 54,2026-08-28 16:54 PST,Agent-3 (PINN-CrossAttn),26.2,25.9,0.3,30.94,30.2,0.74,55.6%,4.74,0.4,3.82,3.44,38.3,42.6,23.7,
Gen 1,Min 55,2026-08-28 16:55 PST,Agent-3 (PINN-CrossAttn),26.17,25.9,0.27,30.93,30.2,0.73,55.8%,4.77,0.4,3.83,3.44,39.2,42.6,26.9,
Gen 1,Min 56,2026-08-28 16:56 PST,Agent-3 (PINN-CrossAttn),26.13,25.9,0.23,30.9,30.2,0.7,55.9%,4.8,0.4,3.84,3.44,40.0,42.6,23.8,
Gen 1,Min 57,2026-08-28 16:57 PST,Agent-3 (PINN-CrossAttn),26.1,25.9,0.2,30.88,30.2,0.68,56.0%,4.83,0.4,3.85,3.44,40.9,42.6,23.9,
Gen 1,Min 58,2026-08-28 16:58 PST,Agent-3 (PINN-CrossAttn),26.06,25.9,0.16,30.86,30.2,0.66,56.2%,4.86,0.4,3.86,3.44,41.7,42.6,23.7,
Gen 1,Min 59,2026-08-28 16:59 PST,Agent-3 (PINN-CrossAttn),26.02,25.9,0.12,30.83,30.2,0.63,56.3%,4.89,0.4,3.87,3.44,42.5,42.6,24.3,
Gen 1,Min 60,2026-08-28 17:00 PST,Agent-3 (PINN-CrossAttn),25.98,25.9,0.08,30.81,30.2,0.61,56.4%,4.92,0.4,3.87,3.44,43.4,42.6,24.1,15-MIN CHECKPOINT (Min 60)
Gen 1,Min 01,2026-08-28 16:01 PST,Agent-4 (PINN-EnergyConserving),28.47,25.9,2.57,32.44,30.2,2.24,50.1%,3.37,0.4,3.43,3.44,1.3,43.4,34.4,
Gen 1,Min 02,2026-08-28 16:02 PST,Agent-4 (PINN-EnergyConserving),28.43,25.9,2.53,32.42,30.2,2.22,50.2%,3.39,0.4,3.43,3.44,0.6,43.3,25.6,
Gen 1,Min 03,2026-08-28 16:03 PST,Agent-4 (PINN-EnergyConserving),28.4,25.9,2.5,32.4,30.2,2.2,50.2%,3.41,0.4,3.44,3.44,0.0,43.3,24.5,
Gen 1,Min 04,2026-08-28 16:04 PST,Agent-4 (PINN-EnergyConserving),28.37,25.9,2.47,32.39,30.2,2.19,50.3%,3.43,0.4,3.45,3.44,0.7,43.3,24.5,
Gen 1,Min 05,2026-08-28 16:05 PST,Agent-4 (PINN-EnergyConserving),28.33,25.9,2.43,32.36,30.2,2.16,50.4%,3.45,0.4,3.45,3.44,1.4,43.3,24.9,
Gen 1,Min 06,2026-08-28 16:06 PST,Agent-4 (PINN-EnergyConserving),28.29,25.9,2.39,32.34,30.2,2.14,50.4%,3.47,0.4,3.46,3.44,2.1,43.3,31.2,
Gen 1,Min 07,2026-08-28 16:07 PST,Agent-4 (PINN-EnergyConserving),28.26,25.9,2.36,32.32,30.2,2.12,50.5%,3.49,0.4,3.47,3.44,2.8,43.3,32.0,
Gen 1,Min 08,2026-08-28 16:08 PST,Agent-4 (PINN-EnergyConserving),28.22,25.9,2.32,32.3,30.2,2.1,50.6%,3.52,0.4,3.48,3.44,3.5,43.3,31.3,
Gen 1,Min 09,2026-08-28 16:09 PST,Agent-4 (PINN-EnergyConserving),28.18,25.9,2.28,32.27,30.2,2.07,50.7%,3.54,0.4,3.48,3.44,4.2,43.3,31.3,
Gen 1,Min 10,2026-08-28 16:10 PST,Agent-4 (PINN-EnergyConserving),28.14,25.9,2.24,32.24,30.2,2.04,50.7%,3.56,0.4,3.49,3.44,4.9,43.3,31.7,
Gen 1,Min 11,2026-08-28 16:11 PST,Agent-4 (PINN-EnergyConserving),28.1,25.9,2.2,32.22,30.2,2.02,50.8%,3.58,0.4,3.5,3.44,5.5,43.2,33.7,
Gen 1,Min 12,2026-08-28 16:12 PST,Agent-4 (PINN-EnergyConserving),28.06,25.9,2.16,32.19,30.2,1.99,50.9%,3.6,0.4,3.5,3.44,6.2,43.2,31.3,
Gen 1,Min 13,2026-08-28 16:13 PST,Agent-4 (PINN-EnergyConserving),28.02,25.9,2.12,32.17,30.2,1.97,50.9%,3.62,0.4,3.51,3.44,6.9,43.2,32.0,
Gen 1,Min 14,2026-08-28 16:14 PST,Agent-4 (PINN-EnergyConserving),27.97,25.9,2.07,32.13,30.2,1.93,51.0%,3.64,0.4,3.52,3.44,7.6,43.2,31.5,
Gen 1,Min 15,2026-08-28 16:15 PST,Agent-4 (PINN-EnergyConserving),27.93,25.9,2.03,32.11,30.2,1.91,51.1%,3.66,0.4,3.52,3.44,8.4,43.2,31.6,15-MIN CHECKPOINT (Min 15)
Gen 1,Min 16,2026-08-28 16:16 PST,Agent-4 (PINN-EnergyConserving),27.88,25.9,1.98,32.07,30.2,1.87,51.2%,3.68,0.4,3.53,3.44,9.1,43.2,31.9,
Gen 1,Min 17,2026-08-28 16:17 PST,Agent-4 (PINN-EnergyConserving),27.83,25.9,1.93,32.04,30.2,1.84,51.2%,3.7,0.4,3.54,3.44,9.8,43.2,35.0,
Gen 1,Min 18,2026-08-28 16:18 PST,Agent-4 (PINN-EnergyConserving),27.78,25.9,1.88,32.0,30.2,1.8,51.3%,3.73,0.4,3.54,3.44,10.5,43.1,31.6,
Gen 1,Min 19,2026-08-28 16:19 PST,Agent-4 (PINN-EnergyConserving),27.73,25.9,1.83,31.96,30.2,1.76,51.4%,3.75,0.4,3.55,3.44,11.2,43.1,156.3,
Gen 1,Min 20,2026-08-28 16:20 PST,Agent-4 (PINN-EnergyConserving),27.68,25.9,1.78,31.93,30.2,1.73,51.4%,3.77,0.4,3.56,3.44,11.9,43.1,32.0,
Gen 1,Min 21,2026-08-28 16:21 PST,Agent-4 (PINN-EnergyConserving),27.63,25.9,1.73,31.89,30.2,1.69,51.5%,3.79,0.4,3.57,3.44,12.6,43.1,31.4,
Gen 1,Min 22,2026-08-28 16:22 PST,Agent-4 (PINN-EnergyConserving),27.58,25.9,1.68,31.86,30.2,1.66,51.6%,3.81,0.4,3.57,3.44,13.3,43.1,36.3,
Gen 1,Min 23,2026-08-28 16:23 PST,Agent-4 (PINN-EnergyConserving),27.53,25.9,1.63,31.82,30.2,1.62,51.7%,3.83,0.4,3.58,3.44,14.1,43.1,31.6,
Gen 1,Min 24,2026-08-28 16:24 PST,Agent-4 (PINN-EnergyConserving),27.47,25.9,1.57,31.78,30.2,1.58,51.7%,3.85,0.4,3.59,3.44,14.8,43.0,31.3,
Gen 1,Min 25,2026-08-28 16:25 PST,Agent-4 (PINN-EnergyConserving),27.42,25.9,1.52,31.74,30.2,1.54,51.8%,3.87,0.4,3.6,3.44,15.5,43.0,31.0,
Gen 1,Min 26,2026-08-28 16:26 PST,Agent-4 (PINN-EnergyConserving),27.37,25.9,1.47,31.71,30.2,1.51,51.9%,3.9,0.4,3.6,3.44,16.2,43.0,32.0,
Gen 1,Min 27,2026-08-28 16:27 PST,Agent-4 (PINN-EnergyConserving),27.31,25.9,1.41,31.66,30.2,1.46,52.0%,3.92,0.4,3.61,3.44,17.0,43.0,29.2,
Gen 1,Min 28,2026-08-28 16:28 PST,Agent-4 (PINN-EnergyConserving),27.26,25.9,1.36,31.63,30.2,1.43,52.0%,3.94,0.4,3.62,3.44,17.7,43.0,31.4,
Gen 1,Min 29,2026-08-28 16:29 PST,Agent-4 (PINN-EnergyConserving),27.21,25.9,1.31,31.59,30.2,1.39,52.1%,3.96,0.4,3.62,3.44,18.4,43.0,28.8,
Gen 1,Min 30,2026-08-28 16:30 PST,Agent-4 (PINN-EnergyConserving),27.16,25.9,1.26,31.55,30.2,1.35,52.2%,3.98,0.4,3.63,3.44,19.2,42.9,28.5,15-MIN CHECKPOINT (Min 30)
Gen 1,Min 31,2026-08-28 16:31 PST,Agent-4 (PINN-EnergyConserving),27.1,25.9,1.2,31.51,30.2,1.31,52.3%,4.0,0.4,3.64,3.44,19.9,42.9,28.3,
Gen 1,Min 32,2026-08-28 16:32 PST,Agent-4 (PINN-EnergyConserving),27.05,25.9,1.15,31.47,30.2,1.27,52.3%,4.03,0.4,3.65,3.44,20.7,42.9,28.0,
Gen 1,Min 33,2026-08-28 16:33 PST,Agent-4 (PINN-EnergyConserving),27.01,25.9,1.11,31.45,30.2,1.25,52.4%,4.05,0.4,3.65,3.44,21.4,42.9,28.1,
Gen 1,Min 34,2026-08-28 16:34 PST,Agent-4 (PINN-EnergyConserving),26.96,25.9,1.06,31.41,30.2,1.21,52.5%,4.07,0.4,3.66,3.44,22.1,42.9,28.8,
Gen 1,Min 35,2026-08-28 16:35 PST,Agent-4 (PINN-EnergyConserving),26.91,25.9,1.01,31.38,30.2,1.18,52.5%,4.09,0.4,3.67,3.44,22.9,42.9,28.1,
Gen 1,Min 36,2026-08-28 16:36 PST,Agent-4 (PINN-EnergyConserving),26.86,25.9,0.96,31.34,30.2,1.14,52.6%,4.11,0.4,3.68,3.44,23.6,42.8,28.2,
Gen 1,Min 37,2026-08-28 16:37 PST,Agent-4 (PINN-EnergyConserving),26.82,25.9,0.92,31.32,30.2,1.12,52.7%,4.14,0.4,3.68,3.44,24.4,42.8,28.3,
Gen 1,Min 38,2026-08-28 16:38 PST,Agent-4 (PINN-EnergyConserving),26.78,25.9,0.88,31.29,30.2,1.09,52.8%,4.16,0.4,3.69,3.44,25.1,42.8,27.9,
Gen 1,Min 39,2026-08-28 16:39 PST,Agent-4 (PINN-EnergyConserving),26.73,25.9,0.83,31.25,30.2,1.05,52.8%,4.18,0.4,3.7,3.44,25.9,42.8,30.5,
Gen 1,Min 40,2026-08-28 16:40 PST,Agent-4 (PINN-EnergyConserving),26.69,25.9,0.79,31.23,30.2,1.03,52.9%,4.2,0.4,3.71,3.44,26.7,42.8,28.1,
Gen 1,Min 41,2026-08-28 16:41 PST,Agent-4 (PINN-EnergyConserving),26.65,25.9,0.75,31.2,30.2,1.0,53.0%,4.22,0.4,3.71,3.44,27.4,42.8,27.8,
Gen 1,Min 42,2026-08-28 16:42 PST,Agent-4 (PINN-EnergyConserving),26.61,25.9,0.71,31.18,30.2,0.98,53.1%,4.25,0.4,3.72,3.44,28.2,42.8,28.5,
Gen 1,Min 43,2026-08-28 16:43 PST,Agent-4 (PINN-EnergyConserving),26.58,25.9,0.68,31.16,30.2,0.96,53.1%,4.27,0.4,3.73,3.44,28.9,42.8,28.0,
Gen 1,Min 44,2026-08-28 16:44 PST,Agent-4 (PINN-EnergyConserving),26.54,25.9,0.64,31.14,30.2,0.94,53.2%,4.29,0.4,3.74,3.44,29.7,42.7,28.1,
Gen 1,Min 45,2026-08-28 16:45 PST,Agent-4 (PINN-EnergyConserving),26.5,25.9,0.6,31.11,30.2,0.91,53.3%,4.31,0.4,3.75,3.44,30.5,42.7,30.6,15-MIN CHECKPOINT (Min 45)
Gen 1,Min 46,2026-08-28 16:46 PST,Agent-4 (PINN-EnergyConserving),26.47,25.9,0.57,31.1,30.2,0.9,53.4%,4.33,0.4,3.75,3.44,31.3,42.7,28.2,
Gen 1,Min 47,2026-08-28 16:47 PST,Agent-4 (PINN-EnergyConserving),26.44,25.9,0.54,31.08,30.2,0.88,53.4%,4.36,0.4,3.76,3.44,32.0,42.7,28.0,
Gen 1,Min 48,2026-08-28 16:48 PST,Agent-4 (PINN-EnergyConserving),26.4,25.9,0.5,31.05,30.2,0.85,53.5%,4.38,0.4,3.77,3.44,32.8,42.7,28.7,
Gen 1,Min 49,2026-08-28 16:49 PST,Agent-4 (PINN-EnergyConserving),26.37,25.9,0.47,31.04,30.2,0.84,53.6%,4.4,0.4,3.78,3.44,33.6,42.7,28.7,
Gen 1,Min 50,2026-08-28 16:50 PST,Agent-4 (PINN-EnergyConserving),26.34,25.9,0.44,31.02,30.2,0.82,53.6%,4.42,0.4,3.78,3.44,34.4,42.7,31.5,
Gen 1,Min 51,2026-08-28 16:51 PST,Agent-4 (PINN-EnergyConserving),26.3,25.9,0.4,31.0,30.2,0.8,53.7%,4.44,0.4,3.79,3.44,35.1,42.7,25.9,
Gen 1,Min 52,2026-08-28 16:52 PST,Agent-4 (PINN-EnergyConserving),26.27,25.9,0.37,30.98,30.2,0.78,53.8%,4.47,0.4,3.8,3.44,35.9,42.7,25.0,
Gen 1,Min 53,2026-08-28 16:53 PST,Agent-4 (PINN-EnergyConserving),26.24,25.9,0.34,30.97,30.2,0.77,53.9%,4.49,0.4,3.81,3.44,36.7,42.6,24.8,
Gen 1,Min 54,2026-08-28 16:54 PST,Agent-4 (PINN-EnergyConserving),26.2,25.9,0.3,30.94,30.2,0.74,53.9%,4.51,0.4,3.81,3.44,37.5,42.6,24.6,
Gen 1,Min 55,2026-08-28 16:55 PST,Agent-4 (PINN-EnergyConserving),26.17,25.9,0.27,30.93,30.2,0.73,54.0%,4.53,0.4,3.82,3.44,38.3,42.6,25.0,
Gen 1,Min 56,2026-08-28 16:56 PST,Agent-4 (PINN-EnergyConserving),26.13,25.9,0.23,30.9,30.2,0.7,54.1%,4.56,0.4,3.83,3.44,39.1,42.6,27.0,
Gen 1,Min 57,2026-08-28 16:57 PST,Agent-4 (PINN-EnergyConserving),26.1,25.9,0.2,30.88,30.2,0.68,54.2%,4.58,0.4,3.84,3.44,39.9,42.6,24.4,
Gen 1,Min 58,2026-08-28 16:58 PST,Agent-4 (PINN-EnergyConserving),26.06,25.9,0.16,30.86,30.2,0.66,54.2%,4.6,0.4,3.85,3.44,40.7,42.6,24.4,
Gen 1,Min 59,2026-08-28 16:59 PST,Agent-4 (PINN-EnergyConserving),26.02,25.9,0.12,30.83,30.2,0.63,54.3%,4.62,0.4,3.85,3.44,41.5,42.6,24.5,
Gen 1,Min 60,2026-08-28 17:00 PST,Agent-4 (PINN-EnergyConserving),25.98,25.9,0.08,30.81,30.2,0.61,54.4%,4.65,0.4,3.86,3.44,42.3,42.6,24.5,15-MIN CHECKPOINT (Min 60)
Gen 1,Min 01,2026-08-28 16:01 PST,Agent-5 (PINN-AdaptiveBayesian),28.47,25.9,2.57,32.44,30.2,2.24,50.1%,3.37,0.4,3.43,3.44,1.3,43.4,32.5,
Gen 1,Min 02,2026-08-28 16:02 PST,Agent-5 (PINN-AdaptiveBayesian),28.43,25.9,2.53,32.42,30.2,2.22,50.2%,3.39,0.4,3.43,3.44,0.6,43.3,25.5,
Gen 1,Min 03,2026-08-28 16:03 PST,Agent-5 (PINN-AdaptiveBayesian),28.4,25.9,2.5,32.4,30.2,2.2,50.2%,3.42,0.4,3.44,3.44,0.0,43.3,24.6,
Gen 1,Min 04,2026-08-28 16:04 PST,Agent-5 (PINN-AdaptiveBayesian),28.36,25.9,2.46,32.38,30.2,2.18,50.3%,3.44,0.4,3.45,3.44,0.7,43.3,25.1,
Gen 1,Min 05,2026-08-28 16:05 PST,Agent-5 (PINN-AdaptiveBayesian),28.33,25.9,2.43,32.36,30.2,2.16,50.4%,3.46,0.4,3.45,3.44,1.4,43.3,24.3,
Gen 1,Min 06,2026-08-28 16:06 PST,Agent-5 (PINN-AdaptiveBayesian),28.29,25.9,2.39,32.34,30.2,2.14,50.5%,3.48,0.4,3.46,3.44,2.1,43.3,30.3,
Gen 1,Min 07,2026-08-28 16:07 PST,Agent-5 (PINN-AdaptiveBayesian),28.26,25.9,2.36,32.32,30.2,2.12,50.6%,3.5,0.4,3.47,3.44,2.8,43.3,24.9,
Gen 1,Min 08,2026-08-28 16:08 PST,Agent-5 (PINN-AdaptiveBayesian),28.22,25.9,2.32,32.3,30.2,2.1,50.6%,3.52,0.4,3.48,3.44,3.5,43.3,24.0,
Gen 1,Min 09,2026-08-28 16:09 PST,Agent-5 (PINN-AdaptiveBayesian),28.18,25.9,2.28,32.27,30.2,2.07,50.7%,3.55,0.4,3.48,3.44,4.2,43.3,27.4,
Gen 1,Min 10,2026-08-28 16:10 PST,Agent-5 (PINN-AdaptiveBayesian),28.14,25.9,2.24,32.24,30.2,2.04,50.8%,3.57,0.4,3.49,3.44,4.9,43.3,24.3,
Gen 1,Min 11,2026-08-28 16:11 PST,Agent-5 (PINN-AdaptiveBayesian),28.1,25.9,2.2,32.22,30.2,2.02,50.9%,3.59,0.4,3.5,3.44,5.6,43.2,23.9,
Gen 1,Min 12,2026-08-28 16:12 PST,Agent-5 (PINN-AdaptiveBayesian),28.06,25.9,2.16,32.19,30.2,1.99,51.0%,3.61,0.4,3.5,3.44,6.3,43.2,27.4,
Gen 1,Min 13,2026-08-28 16:13 PST,Agent-5 (PINN-AdaptiveBayesian),28.02,25.9,2.12,32.17,30.2,1.97,51.0%,3.63,0.4,3.51,3.44,7.0,43.2,24.4,
Gen 1,Min 14,2026-08-28 16:14 PST,Agent-5 (PINN-AdaptiveBayesian),27.97,25.9,2.07,32.13,30.2,1.93,51.1%,3.65,0.4,3.52,3.44,7.7,43.2,24.4,
Gen 1,Min 15,2026-08-28 16:15 PST,Agent-5 (PINN-AdaptiveBayesian),27.93,25.9,2.03,32.11,30.2,1.91,51.2%,3.68,0.4,3.52,3.44,8.4,43.2,25.2,15-MIN CHECKPOINT (Min 15)
Gen 1,Min 16,2026-08-28 16:16 PST,Agent-5 (PINN-AdaptiveBayesian),27.88,25.9,1.98,32.07,30.2,1.87,51.3%,3.7,0.4,3.53,3.44,9.1,43.2,24.5,
Gen 1,Min 17,2026-08-28 16:17 PST,Agent-5 (PINN-AdaptiveBayesian),27.83,25.9,1.93,32.04,30.2,1.84,51.4%,3.72,0.4,3.54,3.44,9.8,43.2,24.0,
Gen 1,Min 18,2026-08-28 16:18 PST,Agent-5 (PINN-AdaptiveBayesian),27.78,25.9,1.88,32.0,30.2,1.8,51.4%,3.74,0.4,3.54,3.44,10.5,43.1,26.7,
Gen 1,Min 19,2026-08-28 16:19 PST,Agent-5 (PINN-AdaptiveBayesian),27.73,25.9,1.83,31.96,30.2,1.76,51.5%,3.77,0.4,3.55,3.44,11.2,43.1,24.1,
Gen 1,Min 20,2026-08-28 16:20 PST,Agent-5 (PINN-AdaptiveBayesian),27.68,25.9,1.78,31.93,30.2,1.73,51.6%,3.79,0.4,3.56,3.44,12.0,43.1,24.1,
Gen 1,Min 21,2026-08-28 16:21 PST,Agent-5 (PINN-AdaptiveBayesian),27.63,25.9,1.73,31.89,30.2,1.69,51.7%,3.81,0.4,3.57,3.44,12.7,43.1,24.1,
Gen 1,Min 22,2026-08-28 16:22 PST,Agent-5 (PINN-AdaptiveBayesian),27.58,25.9,1.68,31.86,30.2,1.66,51.8%,3.83,0.4,3.57,3.44,13.4,43.1,23.9,
Gen 1,Min 23,2026-08-28 16:23 PST,Agent-5 (PINN-AdaptiveBayesian),27.52,25.9,1.62,31.81,30.2,1.61,51.8%,3.86,0.4,3.58,3.44,14.1,43.1,26.1,
Gen 1,Min 24,2026-08-28 16:24 PST,Agent-5 (PINN-AdaptiveBayesian),27.47,25.9,1.57,31.78,30.2,1.58,51.9%,3.88,0.4,3.59,3.44,14.9,43.0,23.9,
Gen 1,Min 25,2026-08-28 16:25 PST,Agent-5 (PINN-AdaptiveBayesian),27.42,25.9,1.52,31.74,30.2,1.54,52.0%,3.9,0.4,3.6,3.44,15.6,43.0,24.0,
Gen 1,Min 26,2026-08-28 16:26 PST,Agent-5 (PINN-AdaptiveBayesian),27.36,25.9,1.46,31.7,30.2,1.5,52.1%,3.92,0.4,3.6,3.44,16.3,43.0,24.1,
Gen 1,Min 27,2026-08-28 16:27 PST,Agent-5 (PINN-AdaptiveBayesian),27.31,25.9,1.41,31.66,30.2,1.46,52.2%,3.95,0.4,3.61,3.44,17.1,43.0,24.0,
Gen 1,Min 28,2026-08-28 16:28 PST,Agent-5 (PINN-AdaptiveBayesian),27.26,25.9,1.36,31.63,30.2,1.43,52.3%,3.97,0.4,3.62,3.44,17.8,43.0,23.7,
Gen 1,Min 29,2026-08-28 16:29 PST,Agent-5 (PINN-AdaptiveBayesian),27.2,25.9,1.3,31.58,30.2,1.38,52.3%,3.99,0.4,3.62,3.44,18.5,43.0,26.4,
Gen 1,Min 30,2026-08-28 16:30 PST,Agent-5 (PINN-AdaptiveBayesian),27.15,25.9,1.25,31.54,30.2,1.34,52.4%,4.02,0.4,3.63,3.44,19.3,42.9,24.0,15-MIN CHECKPOINT (Min 30)
Gen 1,Min 31,2026-08-28 16:31 PST,Agent-5 (PINN-AdaptiveBayesian),27.1,25.9,1.2,31.51,30.2,1.31,52.5%,4.04,0.4,3.64,3.44,20.0,42.9,23.7,
Gen 1,Min 32,2026-08-28 16:32 PST,Agent-5 (PINN-AdaptiveBayesian),27.05,25.9,1.15,31.47,30.2,1.27,52.6%,4.06,0.4,3.65,3.44,20.8,42.9,23.9,
Gen 1,Min 33,2026-08-28 16:33 PST,Agent-5 (PINN-AdaptiveBayesian),27.0,25.9,1.1,31.44,30.2,1.24,52.7%,4.09,0.4,3.65,3.44,21.5,42.9,23.6,
Gen 1,Min 34,2026-08-28 16:34 PST,Agent-5 (PINN-AdaptiveBayesian),26.95,25.9,1.05,31.4,30.2,1.2,52.8%,4.11,0.4,3.66,3.44,22.3,42.9,26.2,
Gen 1,Min 35,2026-08-28 16:35 PST,Agent-5 (PINN-AdaptiveBayesian),26.91,25.9,1.01,31.38,30.2,1.18,52.8%,4.13,0.4,3.67,3.44,23.0,42.9,24.7,
Gen 1,Min 36,2026-08-28 16:36 PST,Agent-5 (PINN-AdaptiveBayesian),26.86,25.9,0.96,31.34,30.2,1.14,52.9%,4.16,0.4,3.68,3.44,23.8,42.8,24.0,
Gen 1,Min 37,2026-08-28 16:37 PST,Agent-5 (PINN-AdaptiveBayesian),26.81,25.9,0.91,31.31,30.2,1.11,53.0%,4.18,0.4,3.69,3.44,24.6,42.8,23.8,
Gen 1,Min 38,2026-08-28 16:38 PST,Agent-5 (PINN-AdaptiveBayesian),26.77,25.9,0.87,31.28,30.2,1.08,53.1%,4.2,0.4,3.69,3.44,25.3,42.8,24.0,
Gen 1,Min 39,2026-08-28 16:39 PST,Agent-5 (PINN-AdaptiveBayesian),26.73,25.9,0.83,31.25,30.2,1.05,53.2%,4.23,0.4,3.7,3.44,26.1,42.8,23.6,
Gen 1,Min 40,2026-08-28 16:40 PST,Agent-5 (PINN-AdaptiveBayesian),26.69,25.9,0.79,31.23,30.2,1.03,53.3%,4.25,0.4,3.71,3.44,26.8,42.8,25.0,
Gen 1,Min 41,2026-08-28 16:41 PST,Agent-5 (PINN-AdaptiveBayesian),26.65,25.9,0.75,31.2,30.2,1.0,53.4%,4.27,0.4,3.72,3.44,27.6,42.8,23.7,
Gen 1,Min 42,2026-08-28 16:42 PST,Agent-5 (PINN-AdaptiveBayesian),26.61,25.9,0.71,31.18,30.2,0.98,53.4%,4.3,0.4,3.72,3.44,28.4,42.8,23.8,
Gen 1,Min 43,2026-08-28 16:43 PST,Agent-5 (PINN-AdaptiveBayesian),26.57,25.9,0.67,31.15,30.2,0.95,53.5%,4.32,0.4,3.73,3.44,29.2,42.8,23.6,
Gen 1,Min 44,2026-08-28 16:44 PST,Agent-5 (PINN-AdaptiveBayesian),26.53,25.9,0.63,31.13,30.2,0.93,53.6%,4.34,0.4,3.74,3.44,29.9,42.7,23.7,
Gen 1,Min 45,2026-08-28 16:45 PST,Agent-5 (PINN-AdaptiveBayesian),26.5,25.9,0.6,31.11,30.2,0.91,53.7%,4.37,0.4,3.75,3.44,30.7,42.7,25.9,15-MIN CHECKPOINT (Min 45)
Gen 1,Min 46,2026-08-28 16:46 PST,Agent-5 (PINN-AdaptiveBayesian),26.46,25.9,0.56,31.09,30.2,0.89,53.8%,4.39,0.4,3.75,3.44,31.5,42.7,24.2,
Gen 1,Min 47,2026-08-28 16:47 PST,Agent-5 (PINN-AdaptiveBayesian),26.43,25.9,0.53,31.07,30.2,0.87,53.9%,4.42,0.4,3.76,3.44,32.3,42.7,24.0,
Gen 1,Min 48,2026-08-28 16:48 PST,Agent-5 (PINN-AdaptiveBayesian),26.39,25.9,0.49,31.04,30.2,0.84,54.0%,4.44,0.4,3.77,3.44,33.1,42.7,23.8,
Gen 1,Min 49,2026-08-28 16:49 PST,Agent-5 (PINN-AdaptiveBayesian),26.36,25.9,0.46,31.03,30.2,0.83,54.1%,4.47,0.4,3.78,3.44,33.9,42.7,23.6,
Gen 1,Min 50,2026-08-28 16:50 PST,Agent-5 (PINN-AdaptiveBayesian),26.33,25.9,0.43,31.01,30.2,0.81,54.1%,4.49,0.4,3.79,3.44,34.7,42.7,23.7,
Gen 1,Min 51,2026-08-28 16:51 PST,Agent-5 (PINN-AdaptiveBayesian),26.29,25.9,0.39,30.99,30.2,0.79,54.2%,4.51,0.4,3.79,3.44,35.5,42.7,27.1,
Gen 1,Min 52,2026-08-28 16:52 PST,Agent-5 (PINN-AdaptiveBayesian),26.26,25.9,0.36,30.97,30.2,0.77,54.3%,4.54,0.4,3.8,3.44,36.3,42.7,23.9,
Gen 1,Min 53,2026-08-28 16:53 PST,Agent-5 (PINN-AdaptiveBayesian),26.22,25.9,0.32,30.95,30.2,0.75,54.4%,4.56,0.4,3.81,3.44,37.1,42.6,25.9,
Gen 1,Min 54,2026-08-28 16:54 PST,Agent-5 (PINN-AdaptiveBayesian),26.19,25.9,0.29,30.93,30.2,0.73,54.5%,4.59,0.4,3.82,3.44,37.9,42.6,24.1,
Gen 1,Min 55,2026-08-28 16:55 PST,Agent-5 (PINN-AdaptiveBayesian),26.16,25.9,0.26,30.92,30.2,0.72,54.6%,4.61,0.4,3.83,3.44,38.7,42.6,24.0,
Gen 1,Min 56,2026-08-28 16:56 PST,Agent-5 (PINN-AdaptiveBayesian),26.12,25.9,0.22,30.89,30.2,0.69,54.7%,4.64,0.4,3.83,3.44,39.5,42.6,24.0,
Gen 1,Min 57,2026-08-28 16:57 PST,Agent-5 (PINN-AdaptiveBayesian),26.08,25.9,0.18,30.86,30.2,0.66,54.8%,4.66,0.4,3.84,3.44,40.3,42.6,25.1,
Gen 1,Min 58,2026-08-28 16:58 PST,Agent-5 (PINN-AdaptiveBayesian),26.05,25.9,0.15,30.85,30.2,0.65,54.8%,4.69,0.4,3.85,3.44,41.1,42.6,23.8,
Gen 1,Min 59,2026-08-28 16:59 PST,Agent-5 (PINN-AdaptiveBayesian),26.01,25.9,0.11,30.82,30.2,0.62,54.9%,4.71,0.4,3.86,3.44,41.9,42.6,23.7,
Gen 1,Min 60,2026-08-28 17:00 PST,Agent-5 (PINN-AdaptiveBayesian),25.97,25.9,0.07,30.8,30.2,0.6,55.0%,4.73,0.4,3.87,3.44,42.7,42.6,23.8,15-MIN CHECKPOINT (Min 60)
Gen 2,Min 01,2026-08-28 16:01 PST,Gen-2 Champ-Elite (Agent-5 (PINN-AdaptiveBayesian)),28.47,25.9,2.57,32.44,30.2,2.24,50.1%,3.37,0.4,3.43,3.44,1.3,43.4,32.4,
Gen 2,Min 02,2026-08-28 16:02 PST,Gen-2 Champ-Elite (Agent-5 (PINN-AdaptiveBayesian)),28.43,25.9,2.53,32.42,30.2,2.22,50.1%,3.39,0.4,3.43,3.44,0.6,43.3,27.3,
Gen 2,Min 03,2026-08-28 16:03 PST,Gen-2 Champ-Elite (Agent-5 (PINN-AdaptiveBayesian)),28.4,25.9,2.5,32.4,30.2,2.2,50.2%,3.41,0.4,3.44,3.44,0.0,43.3,25.8,
Gen 2,Min 04,2026-08-28 16:04 PST,Gen-2 Champ-Elite (Agent-5 (PINN-AdaptiveBayesian)),28.37,25.9,2.47,32.39,30.2,2.19,50.3%,3.43,0.4,3.45,3.44,0.7,43.3,25.2,
Gen 2,Min 05,2026-08-28 16:05 PST,Gen-2 Champ-Elite (Agent-5 (PINN-AdaptiveBayesian)),28.33,25.9,2.43,32.36,30.2,2.16,50.3%,3.45,0.4,3.45,3.44,1.4,43.3,25.1,
Gen 2,Min 06,2026-08-28 16:06 PST,Gen-2 Champ-Elite (Agent-5 (PINN-AdaptiveBayesian)),28.29,25.9,2.39,32.34,30.2,2.14,50.4%,3.47,0.4,3.46,3.44,2.1,43.3,25.5,
Gen 2,Min 07,2026-08-28 16:07 PST,Gen-2 Champ-Elite (Agent-5 (PINN-AdaptiveBayesian)),28.26,25.9,2.36,32.32,30.2,2.12,50.5%,3.49,0.4,3.47,3.44,2.8,43.3,25.0,
Gen 2,Min 08,2026-08-28 16:08 PST,Gen-2 Champ-Elite (Agent-5 (PINN-AdaptiveBayesian)),28.22,25.9,2.32,32.3,30.2,2.1,50.5%,3.51,0.4,3.48,3.44,3.5,43.3,25.0,
Gen 2,Min 09,2026-08-28 16:09 PST,Gen-2 Champ-Elite (Agent-5 (PINN-AdaptiveBayesian)),28.18,25.9,2.28,32.27,30.2,2.07,50.6%,3.52,0.4,3.48,3.44,4.1,43.3,24.3,
Gen 2,Min 10,2026-08-28 16:10 PST,Gen-2 Champ-Elite (Agent-5 (PINN-AdaptiveBayesian)),28.14,25.9,2.24,32.24,30.2,2.04,50.6%,3.54,0.4,3.49,3.44,4.8,43.3,24.2,
Gen 2,Min 11,2026-08-28 16:11 PST,Gen-2 Champ-Elite (Agent-5 (PINN-AdaptiveBayesian)),28.1,25.9,2.2,32.22,30.2,2.02,50.7%,3.56,0.4,3.5,3.44,5.5,43.2,25.1,
Gen 2,Min 12,2026-08-28 16:12 PST,Gen-2 Champ-Elite (Agent-5 (PINN-AdaptiveBayesian)),28.06,25.9,2.16,32.19,30.2,1.99,50.7%,3.58,0.4,3.5,3.44,6.2,43.2,28.3,
Gen 2,Min 13,2026-08-28 16:13 PST,Gen-2 Champ-Elite (Agent-5 (PINN-AdaptiveBayesian)),28.02,25.9,2.12,32.17,30.2,1.97,50.8%,3.6,0.4,3.51,3.44,6.9,43.2,24.1,
Gen 2,Min 14,2026-08-28 16:14 PST,Gen-2 Champ-Elite (Agent-5 (PINN-AdaptiveBayesian)),27.97,25.9,2.07,32.13,30.2,1.93,50.8%,3.62,0.4,3.52,3.44,7.6,43.2,25.0,
Gen 2,Min 15,2026-08-28 16:15 PST,Gen-2 Champ-Elite (Agent-5 (PINN-AdaptiveBayesian)),27.93,25.9,2.03,32.11,30.2,1.91,50.9%,3.64,0.4,3.52,3.44,8.3,43.2,24.4,15-MIN CHECKPOINT (Min 15)
Gen 2,Min 16,2026-08-28 16:16 PST,Gen-2 Champ-Elite (Agent-5 (PINN-AdaptiveBayesian)),27.88,25.9,1.98,32.07,30.2,1.87,50.9%,3.65,0.4,3.53,3.44,9.0,43.2,25.4,
Gen 2,Min 17,2026-08-28 16:17 PST,Gen-2 Champ-Elite (Agent-5 (PINN-AdaptiveBayesian)),27.83,25.9,1.93,32.04,30.2,1.84,51.0%,3.67,0.4,3.54,3.44,9.7,43.2,24.8,
Gen 2,Min 18,2026-08-28 16:18 PST,Gen-2 Champ-Elite (Agent-5 (PINN-AdaptiveBayesian)),27.78,25.9,1.88,32.0,30.2,1.8,51.0%,3.69,0.4,3.54,3.44,10.4,43.1,24.8,
Gen 2,Min 19,2026-08-28 16:19 PST,Gen-2 Champ-Elite (Agent-5 (PINN-AdaptiveBayesian)),27.73,25.9,1.83,31.96,30.2,1.76,51.1%,3.71,0.4,3.55,3.44,11.1,43.1,24.7,
Gen 2,Min 20,2026-08-28 16:20 PST,Gen-2 Champ-Elite (Agent-5 (PINN-AdaptiveBayesian)),27.68,25.9,1.78,31.93,30.2,1.73,51.1%,3.73,0.4,3.56,3.44,11.8,43.1,25.6,
Gen 2,Min 21,2026-08-28 16:21 PST,Gen-2 Champ-Elite (Agent-5 (PINN-AdaptiveBayesian)),27.63,25.9,1.73,31.89,30.2,1.69,51.2%,3.74,0.4,3.57,3.44,12.6,43.1,24.5,
Gen 2,Min 22,2026-08-28 16:22 PST,Gen-2 Champ-Elite (Agent-5 (PINN-AdaptiveBayesian)),27.58,25.9,1.68,31.86,30.2,1.66,51.2%,3.76,0.4,3.57,3.44,13.3,43.1,24.3,
Gen 2,Min 23,2026-08-28 16:23 PST,Gen-2 Champ-Elite (Agent-5 (PINN-AdaptiveBayesian)),27.52,25.9,1.62,31.81,30.2,1.61,51.3%,3.78,0.4,3.58,3.44,14.0,43.1,24.7,
Gen 2,Min 24,2026-08-28 16:24 PST,Gen-2 Champ-Elite (Agent-5 (PINN-AdaptiveBayesian)),27.47,25.9,1.57,31.78,30.2,1.58,51.3%,3.8,0.4,3.59,3.44,14.7,43.0,25.1,
Gen 2,Min 25,2026-08-28 16:25 PST,Gen-2 Champ-Elite (Agent-5 (PINN-AdaptiveBayesian)),27.42,25.9,1.52,31.74,30.2,1.54,51.4%,3.81,0.4,3.59,3.44,15.4,43.0,24.9,
Gen 2,Min 26,2026-08-28 16:26 PST,Gen-2 Champ-Elite (Agent-5 (PINN-AdaptiveBayesian)),27.37,25.9,1.47,31.71,30.2,1.51,51.4%,3.83,0.4,3.6,3.44,16.1,43.0,24.5,
Gen 2,Min 27,2026-08-28 16:27 PST,Gen-2 Champ-Elite (Agent-5 (PINN-AdaptiveBayesian)),27.31,25.9,1.41,31.66,30.2,1.46,51.4%,3.85,0.4,3.61,3.44,16.8,43.0,24.2,
Gen 2,Min 28,2026-08-28 16:28 PST,Gen-2 Champ-Elite (Agent-5 (PINN-AdaptiveBayesian)),27.26,25.9,1.36,31.63,30.2,1.43,51.5%,3.86,0.4,3.62,3.44,17.6,43.0,24.3,
Gen 2,Min 29,2026-08-28 16:29 PST,Gen-2 Champ-Elite (Agent-5 (PINN-AdaptiveBayesian)),27.21,25.9,1.31,31.59,30.2,1.39,51.5%,3.88,0.4,3.62,3.44,18.3,43.0,23.9,
Gen 2,Min 30,2026-08-28 16:30 PST,Gen-2 Champ-Elite (Agent-5 (PINN-AdaptiveBayesian)),27.15,25.9,1.25,31.54,30.2,1.34,51.5%,3.9,0.4,3.63,3.44,19.0,42.9,24.0,15-MIN CHECKPOINT (Min 30)
Gen 2,Min 31,2026-08-28 16:31 PST,Gen-2 Champ-Elite (Agent-5 (PINN-AdaptiveBayesian)),27.1,25.9,1.2,31.51,30.2,1.31,51.6%,3.91,0.4,3.64,3.44,19.7,42.9,24.5,
Gen 2,Min 32,2026-08-28 16:32 PST,Gen-2 Champ-Elite (Agent-5 (PINN-AdaptiveBayesian)),27.05,25.9,1.15,31.47,30.2,1.27,51.6%,3.93,0.4,3.64,3.44,20.4,42.9,23.8,
Gen 2,Min 33,2026-08-28 16:33 PST,Gen-2 Champ-Elite (Agent-5 (PINN-AdaptiveBayesian)),27.0,25.9,1.1,31.44,30.2,1.24,51.7%,3.95,0.4,3.65,3.44,21.2,42.9,23.7,
Gen 2,Min 34,2026-08-28 16:34 PST,Gen-2 Champ-Elite (Agent-5 (PINN-AdaptiveBayesian)),26.96,25.9,1.06,31.41,30.2,1.21,51.7%,3.96,0.4,3.66,3.44,21.9,42.9,23.9,
Gen 2,Min 35,2026-08-28 16:35 PST,Gen-2 Champ-Elite (Agent-5 (PINN-AdaptiveBayesian)),26.91,25.9,1.01,31.38,30.2,1.18,51.7%,3.98,0.4,3.67,3.44,22.6,42.9,23.9,
Gen 2,Min 36,2026-08-28 16:36 PST,Gen-2 Champ-Elite (Agent-5 (PINN-AdaptiveBayesian)),26.86,25.9,0.96,31.34,30.2,1.14,51.8%,4.0,0.4,3.67,3.44,23.3,42.8,23.9,
Gen 2,Min 37,2026-08-28 16:37 PST,Gen-2 Champ-Elite (Agent-5 (PINN-AdaptiveBayesian)),26.82,25.9,0.92,31.32,30.2,1.12,51.8%,4.01,0.4,3.68,3.44,24.1,42.8,24.6,
Gen 2,Min 38,2026-08-28 16:38 PST,Gen-2 Champ-Elite (Agent-5 (PINN-AdaptiveBayesian)),26.77,25.9,0.87,31.28,30.2,1.08,51.8%,4.03,0.4,3.69,3.44,24.8,42.8,24.3,
Gen 2,Min 39,2026-08-28 16:39 PST,Gen-2 Champ-Elite (Agent-5 (PINN-AdaptiveBayesian)),26.73,25.9,0.83,31.25,30.2,1.05,51.9%,4.05,0.4,3.69,3.44,25.5,42.8,24.7,
Gen 2,Min 40,2026-08-28 16:40 PST,Gen-2 Champ-Elite (Agent-5 (PINN-AdaptiveBayesian)),26.69,25.9,0.79,31.23,30.2,1.03,51.9%,4.06,0.4,3.7,3.44,26.3,42.8,23.9,
Gen 2,Min 41,2026-08-28 16:41 PST,Gen-2 Champ-Elite (Agent-5 (PINN-AdaptiveBayesian)),26.65,25.9,0.75,31.2,30.2,1.0,51.9%,4.08,0.4,3.71,3.44,27.0,42.8,23.9,
Gen 2,Min 42,2026-08-28 16:42 PST,Gen-2 Champ-Elite (Agent-5 (PINN-AdaptiveBayesian)),26.61,25.9,0.71,31.18,30.2,0.98,51.9%,4.09,0.4,3.72,3.44,27.7,42.8,24.4,
Gen 2,Min 43,2026-08-28 16:43 PST,Gen-2 Champ-Elite (Agent-5 (PINN-AdaptiveBayesian)),26.57,25.9,0.67,31.15,30.2,0.95,52.0%,4.11,0.4,3.73,3.44,28.5,42.8,26.5,
Gen 2,Min 44,2026-08-28 16:44 PST,Gen-2 Champ-Elite (Agent-5 (PINN-AdaptiveBayesian)),26.54,25.9,0.64,31.14,30.2,0.94,52.0%,4.13,0.4,3.73,3.44,29.2,42.7,24.1,
Gen 2,Min 45,2026-08-28 16:45 PST,Gen-2 Champ-Elite (Agent-5 (PINN-AdaptiveBayesian)),26.5,25.9,0.6,31.11,30.2,0.91,52.0%,4.14,0.4,3.74,3.44,29.9,42.7,23.9,15-MIN CHECKPOINT (Min 45)
Gen 2,Min 46,2026-08-28 16:46 PST,Gen-2 Champ-Elite (Agent-5 (PINN-AdaptiveBayesian)),26.47,25.9,0.57,31.1,30.2,0.9,52.0%,4.16,0.4,3.75,3.44,30.7,42.7,23.8,
Gen 2,Min 47,2026-08-28 16:47 PST,Gen-2 Champ-Elite (Agent-5 (PINN-AdaptiveBayesian)),26.43,25.9,0.53,31.07,30.2,0.87,52.1%,4.17,0.4,3.75,3.44,31.4,42.7,27.6,
Gen 2,Min 48,2026-08-28 16:48 PST,Gen-2 Champ-Elite (Agent-5 (PINN-AdaptiveBayesian)),26.4,25.9,0.5,31.05,30.2,0.85,52.1%,4.19,0.4,3.76,3.44,32.2,42.7,24.2,
Gen 2,Min 49,2026-08-28 16:49 PST,Gen-2 Champ-Elite (Agent-5 (PINN-AdaptiveBayesian)),26.36,25.9,0.46,31.03,30.2,0.83,52.1%,4.2,0.4,3.77,3.44,32.9,42.7,24.4,
Gen 2,Min 50,2026-08-28 16:50 PST,Gen-2 Champ-Elite (Agent-5 (PINN-AdaptiveBayesian)),26.33,25.9,0.43,31.01,30.2,0.81,52.1%,4.22,0.4,3.78,3.44,33.6,42.7,24.7,
Gen 2,Min 51,2026-08-28 16:51 PST,Gen-2 Champ-Elite (Agent-5 (PINN-AdaptiveBayesian)),26.3,25.9,0.4,31.0,30.2,0.8,52.2%,4.23,0.4,3.78,3.44,34.4,42.7,23.6,
Gen 2,Min 52,2026-08-28 16:52 PST,Gen-2 Champ-Elite (Agent-5 (PINN-AdaptiveBayesian)),26.26,25.9,0.36,30.97,30.2,0.77,52.2%,4.25,0.4,3.79,3.44,35.1,42.7,23.4,
Gen 2,Min 53,2026-08-28 16:53 PST,Gen-2 Champ-Elite (Agent-5 (PINN-AdaptiveBayesian)),26.23,25.9,0.33,30.96,30.2,0.76,52.2%,4.27,0.4,3.8,3.44,35.9,42.6,24.1,
Gen 2,Min 54,2026-08-28 16:54 PST,Gen-2 Champ-Elite (Agent-5 (PINN-AdaptiveBayesian)),26.2,25.9,0.3,30.94,30.2,0.74,52.2%,4.28,0.4,3.81,3.44,36.6,42.6,24.5,
Gen 2,Min 55,2026-08-28 16:55 PST,Gen-2 Champ-Elite (Agent-5 (PINN-AdaptiveBayesian)),26.16,25.9,0.26,30.92,30.2,0.72,52.2%,4.3,0.4,3.81,3.44,37.4,42.6,24.0,
Gen 2,Min 56,2026-08-28 16:56 PST,Gen-2 Champ-Elite (Agent-5 (PINN-AdaptiveBayesian)),26.13,25.9,0.23,30.9,30.2,0.7,52.3%,4.31,0.4,3.82,3.44,38.1,42.6,45.1,
Gen 2,Min 57,2026-08-28 16:57 PST,Gen-2 Champ-Elite (Agent-5 (PINN-AdaptiveBayesian)),26.09,25.9,0.19,30.87,30.2,0.67,52.3%,4.33,0.4,3.83,3.44,38.9,42.6,40.9,
Gen 2,Min 58,2026-08-28 16:58 PST,Gen-2 Champ-Elite (Agent-5 (PINN-AdaptiveBayesian)),26.05,25.9,0.15,30.85,30.2,0.65,52.3%,4.34,0.4,3.84,3.44,39.6,42.6,37.6,
Gen 2,Min 59,2026-08-28 16:59 PST,Gen-2 Champ-Elite (Agent-5 (PINN-AdaptiveBayesian)),26.01,25.9,0.11,30.82,30.2,0.62,52.3%,4.36,0.4,3.84,3.44,40.4,42.6,42.8,
Gen 2,Min 60,2026-08-28 17:00 PST,Gen-2 Champ-Elite (Agent-5 (PINN-AdaptiveBayesian)),25.98,25.9,0.08,30.81,30.2,0.61,52.3%,4.37,0.4,3.85,3.44,41.1,42.6,37.2,15-MIN CHECKPOINT (Min 60)
Gen 2,Min 01,2026-08-28 16:01 PST,Gen-2 Fast-LCL-Mutant,28.47,25.9,2.57,32.44,30.2,2.24,50.1%,3.37,0.4,3.43,3.44,1.3,43.4,51.0,
Gen 2,Min 02,2026-08-28 16:02 PST,Gen-2 Fast-LCL-Mutant,28.43,25.9,2.53,32.42,30.2,2.22,50.2%,3.39,0.4,3.43,3.44,0.6,43.3,37.2,
Gen 2,Min 03,2026-08-28 16:03 PST,Gen-2 Fast-LCL-Mutant,28.4,25.9,2.5,32.4,30.2,2.2,50.2%,3.41,0.4,3.44,3.44,0.0,43.3,41.2,
Gen 2,Min 04,2026-08-28 16:04 PST,Gen-2 Fast-LCL-Mutant,28.37,25.9,2.47,32.39,30.2,2.19,50.3%,3.43,0.4,3.45,3.44,0.7,43.3,37.1,
Gen 2,Min 05,2026-08-28 16:05 PST,Gen-2 Fast-LCL-Mutant,28.33,25.9,2.43,32.36,30.2,2.16,50.4%,3.45,0.4,3.45,3.44,1.4,43.3,39.7,
Gen 2,Min 06,2026-08-28 16:06 PST,Gen-2 Fast-LCL-Mutant,28.29,25.9,2.39,32.34,30.2,2.14,50.4%,3.47,0.4,3.46,3.44,2.1,43.3,38.5,
Gen 2,Min 07,2026-08-28 16:07 PST,Gen-2 Fast-LCL-Mutant,28.26,25.9,2.36,32.32,30.2,2.12,50.5%,3.5,0.4,3.47,3.44,2.8,43.3,41.9,
Gen 2,Min 08,2026-08-28 16:08 PST,Gen-2 Fast-LCL-Mutant,28.22,25.9,2.32,32.3,30.2,2.1,50.6%,3.52,0.4,3.48,3.44,3.5,43.3,41.8,
Gen 2,Min 09,2026-08-28 16:09 PST,Gen-2 Fast-LCL-Mutant,28.18,25.9,2.28,32.27,30.2,2.07,50.7%,3.54,0.4,3.48,3.44,4.2,43.3,37.7,
Gen 2,Min 10,2026-08-28 16:10 PST,Gen-2 Fast-LCL-Mutant,28.14,25.9,2.24,32.24,30.2,2.04,50.8%,3.56,0.4,3.49,3.44,4.9,43.3,41.6,
Gen 2,Min 11,2026-08-28 16:11 PST,Gen-2 Fast-LCL-Mutant,28.1,25.9,2.2,32.22,30.2,2.02,50.8%,3.58,0.4,3.5,3.44,5.6,43.2,39.0,
Gen 2,Min 12,2026-08-28 16:12 PST,Gen-2 Fast-LCL-Mutant,28.06,25.9,2.16,32.19,30.2,1.99,50.9%,3.61,0.4,3.5,3.44,6.3,43.2,26.1,
Gen 2,Min 13,2026-08-28 16:13 PST,Gen-2 Fast-LCL-Mutant,28.02,25.9,2.12,32.17,30.2,1.97,51.0%,3.63,0.4,3.51,3.44,7.0,43.2,25.4,
Gen 2,Min 14,2026-08-28 16:14 PST,Gen-2 Fast-LCL-Mutant,27.97,25.9,2.07,32.13,30.2,1.93,51.1%,3.65,0.4,3.52,3.44,7.7,43.2,25.4,
Gen 2,Min 15,2026-08-28 16:15 PST,Gen-2 Fast-LCL-Mutant,27.93,25.9,2.03,32.11,30.2,1.91,51.2%,3.67,0.4,3.52,3.44,8.4,43.2,25.5,15-MIN CHECKPOINT (Min 15)
Gen 2,Min 16,2026-08-28 16:16 PST,Gen-2 Fast-LCL-Mutant,27.88,25.9,1.98,32.07,30.2,1.87,51.2%,3.7,0.4,3.53,3.44,9.1,43.2,27.7,
Gen 2,Min 17,2026-08-28 16:17 PST,Gen-2 Fast-LCL-Mutant,27.83,25.9,1.93,32.04,30.2,1.84,51.3%,3.72,0.4,3.54,3.44,9.8,43.2,27.8,
Gen 2,Min 18,2026-08-28 16:18 PST,Gen-2 Fast-LCL-Mutant,27.78,25.9,1.88,32.0,30.2,1.8,51.4%,3.74,0.4,3.54,3.44,10.5,43.1,25.8,
Gen 2,Min 19,2026-08-28 16:19 PST,Gen-2 Fast-LCL-Mutant,27.73,25.9,1.83,31.96,30.2,1.76,51.5%,3.76,0.4,3.55,3.44,11.2,43.1,26.5,
Gen 2,Min 20,2026-08-28 16:20 PST,Gen-2 Fast-LCL-Mutant,27.68,25.9,1.78,31.93,30.2,1.73,51.6%,3.79,0.4,3.56,3.44,11.9,43.1,25.4,
Gen 2,Min 21,2026-08-28 16:21 PST,Gen-2 Fast-LCL-Mutant,27.63,25.9,1.73,31.89,30.2,1.69,51.7%,3.81,0.4,3.57,3.44,12.7,43.1,26.9,
Gen 2,Min 22,2026-08-28 16:22 PST,Gen-2 Fast-LCL-Mutant,27.58,25.9,1.68,31.86,30.2,1.66,51.8%,3.84,0.4,3.57,3.44,13.4,43.1,27.7,
Gen 2,Min 23,2026-08-28 16:23 PST,Gen-2 Fast-LCL-Mutant,27.52,25.9,1.62,31.81,30.2,1.61,51.9%,3.86,0.4,3.58,3.44,14.1,43.1,28.4,
Gen 2,Min 24,2026-08-28 16:24 PST,Gen-2 Fast-LCL-Mutant,27.47,25.9,1.57,31.78,30.2,1.58,52.0%,3.88,0.4,3.59,3.44,14.8,43.0,26.1,
Gen 2,Min 25,2026-08-28 16:25 PST,Gen-2 Fast-LCL-Mutant,27.42,25.9,1.52,31.74,30.2,1.54,52.1%,3.91,0.4,3.6,3.44,15.6,43.0,30.0,
Gen 2,Min 26,2026-08-28 16:26 PST,Gen-2 Fast-LCL-Mutant,27.36,25.9,1.46,31.7,30.2,1.5,52.2%,3.93,0.4,3.6,3.44,16.3,43.0,28.3,
Gen 2,Min 27,2026-08-28 16:27 PST,Gen-2 Fast-LCL-Mutant,27.31,25.9,1.41,31.66,30.2,1.46,52.3%,3.96,0.4,3.61,3.44,17.1,43.0,26.9,
Gen 2,Min 28,2026-08-28 16:28 PST,Gen-2 Fast-LCL-Mutant,27.26,25.9,1.36,31.63,30.2,1.43,52.4%,3.98,0.4,3.62,3.44,17.8,43.0,28.0,
Gen 2,Min 29,2026-08-28 16:29 PST,Gen-2 Fast-LCL-Mutant,27.21,25.9,1.31,31.59,30.2,1.39,52.4%,4.01,0.4,3.62,3.44,18.5,43.0,26.9,
Gen 2,Min 30,2026-08-28 16:30 PST,Gen-2 Fast-LCL-Mutant,27.15,25.9,1.25,31.54,30.2,1.34,52.5%,4.03,0.4,3.63,3.44,19.3,42.9,31.8,15-MIN CHECKPOINT (Min 30)
Gen 2,Min 31,2026-08-28 16:31 PST,Gen-2 Fast-LCL-Mutant,27.1,25.9,1.2,31.51,30.2,1.31,52.6%,4.06,0.4,3.64,3.44,20.0,42.9,27.9,
Gen 2,Min 32,2026-08-28 16:32 PST,Gen-2 Fast-LCL-Mutant,27.05,25.9,1.15,31.47,30.2,1.27,52.7%,4.08,0.4,3.65,3.44,20.8,42.9,26.0,
Gen 2,Min 33,2026-08-28 16:33 PST,Gen-2 Fast-LCL-Mutant,27.0,25.9,1.1,31.44,30.2,1.24,52.8%,4.11,0.4,3.66,3.44,21.6,42.9,28.7,
Gen 2,Min 34,2026-08-28 16:34 PST,Gen-2 Fast-LCL-Mutant,26.95,25.9,1.05,31.4,30.2,1.2,52.9%,4.13,0.4,3.66,3.44,22.3,42.9,28.4,
Gen 2,Min 35,2026-08-28 16:35 PST,Gen-2 Fast-LCL-Mutant,26.91,25.9,1.01,31.38,30.2,1.18,53.1%,4.16,0.4,3.67,3.44,23.1,42.9,37.5,
Gen 2,Min 36,2026-08-28 16:36 PST,Gen-2 Fast-LCL-Mutant,26.86,25.9,0.96,31.34,30.2,1.14,53.2%,4.19,0.4,3.68,3.44,23.8,42.8,24.5,
Gen 2,Min 37,2026-08-28 16:37 PST,Gen-2 Fast-LCL-Mutant,26.82,25.9,0.92,31.32,30.2,1.12,53.3%,4.21,0.4,3.69,3.44,24.6,42.8,26.5,
Gen 2,Min 38,2026-08-28 16:38 PST,Gen-2 Fast-LCL-Mutant,26.77,25.9,0.87,31.28,30.2,1.08,53.4%,4.24,0.4,3.69,3.44,25.4,42.8,25.6,
Gen 2,Min 39,2026-08-28 16:39 PST,Gen-2 Fast-LCL-Mutant,26.73,25.9,0.83,31.25,30.2,1.05,53.5%,4.26,0.4,3.7,3.44,26.2,42.8,24.8,
Gen 2,Min 40,2026-08-28 16:40 PST,Gen-2 Fast-LCL-Mutant,26.69,25.9,0.79,31.23,30.2,1.03,53.6%,4.29,0.4,3.71,3.44,26.9,42.8,25.2,
Gen 2,Min 41,2026-08-28 16:41 PST,Gen-2 Fast-LCL-Mutant,26.65,25.9,0.75,31.2,30.2,1.0,53.7%,4.32,0.4,3.72,3.44,27.7,42.8,28.2,
Gen 2,Min 42,2026-08-28 16:42 PST,Gen-2 Fast-LCL-Mutant,26.61,25.9,0.71,31.18,30.2,0.98,53.8%,4.34,0.4,3.73,3.44,28.5,42.8,26.8,
Gen 2,Min 43,2026-08-28 16:43 PST,Gen-2 Fast-LCL-Mutant,26.57,25.9,0.67,31.15,30.2,0.95,53.9%,4.37,0.4,3.73,3.44,29.3,42.8,25.9,
Gen 2,Min 44,2026-08-28 16:44 PST,Gen-2 Fast-LCL-Mutant,26.54,25.9,0.64,31.14,30.2,0.94,54.0%,4.4,0.4,3.74,3.44,30.1,42.7,24.3,
Gen 2,Min 45,2026-08-28 16:45 PST,Gen-2 Fast-LCL-Mutant,26.5,25.9,0.6,31.11,30.2,0.91,54.1%,4.42,0.4,3.75,3.44,30.9,42.7,25.5,15-MIN CHECKPOINT (Min 45)
Gen 2,Min 46,2026-08-28 16:46 PST,Gen-2 Fast-LCL-Mutant,26.46,25.9,0.56,31.09,30.2,0.89,54.2%,4.45,0.4,3.76,3.44,31.7,42.7,33.7,
Gen 2,Min 47,2026-08-28 16:47 PST,Gen-2 Fast-LCL-Mutant,26.43,25.9,0.53,31.07,30.2,0.87,54.3%,4.48,0.4,3.77,3.44,32.5,42.7,24.7,
Gen 2,Min 48,2026-08-28 16:48 PST,Gen-2 Fast-LCL-Mutant,26.4,25.9,0.5,31.05,30.2,0.85,54.4%,4.5,0.4,3.77,3.44,33.3,42.7,26.5,
Gen 2,Min 49,2026-08-28 16:49 PST,Gen-2 Fast-LCL-Mutant,26.36,25.9,0.46,31.03,30.2,0.83,54.6%,4.53,0.4,3.78,3.44,34.1,42.7,24.7,
Gen 2,Min 50,2026-08-28 16:50 PST,Gen-2 Fast-LCL-Mutant,26.33,25.9,0.43,31.01,30.2,0.81,54.7%,4.56,0.4,3.79,3.44,34.9,42.7,24.6,
Gen 2,Min 51,2026-08-28 16:51 PST,Gen-2 Fast-LCL-Mutant,26.3,25.9,0.4,31.0,30.2,0.8,54.8%,4.59,0.4,3.8,3.44,35.7,42.7,28.4,
Gen 2,Min 52,2026-08-28 16:52 PST,Gen-2 Fast-LCL-Mutant,26.26,25.9,0.36,30.97,30.2,0.77,54.9%,4.61,0.4,3.81,3.44,36.5,42.7,26.8,
Gen 2,Min 53,2026-08-28 16:53 PST,Gen-2 Fast-LCL-Mutant,26.23,25.9,0.33,30.96,30.2,0.76,55.0%,4.64,0.4,3.81,3.44,37.3,42.6,23.9,
Gen 2,Min 54,2026-08-28 16:54 PST,Gen-2 Fast-LCL-Mutant,26.19,25.9,0.29,30.93,30.2,0.73,55.1%,4.67,0.4,3.82,3.44,38.1,42.6,24.0,
Gen 2,Min 55,2026-08-28 16:55 PST,Gen-2 Fast-LCL-Mutant,26.16,25.9,0.26,30.92,30.2,0.72,55.2%,4.7,0.4,3.83,3.44,39.0,42.6,24.0,
Gen 2,Min 56,2026-08-28 16:56 PST,Gen-2 Fast-LCL-Mutant,26.12,25.9,0.22,30.89,30.2,0.69,55.3%,4.73,0.4,3.84,3.44,39.8,42.6,23.9,
Gen 2,Min 57,2026-08-28 16:57 PST,Gen-2 Fast-LCL-Mutant,26.09,25.9,0.19,30.87,30.2,0.67,55.5%,4.75,0.4,3.85,3.44,40.6,42.6,25.3,
Gen 2,Min 58,2026-08-28 16:58 PST,Gen-2 Fast-LCL-Mutant,26.05,25.9,0.15,30.85,30.2,0.65,55.6%,4.78,0.4,3.85,3.44,41.5,42.6,24.5,
Gen 2,Min 59,2026-08-28 16:59 PST,Gen-2 Fast-LCL-Mutant,26.01,25.9,0.11,30.82,30.2,0.62,55.7%,4.81,0.4,3.86,3.44,42.3,42.6,140.8,
Gen 2,Min 60,2026-08-28 17:00 PST,Gen-2 Fast-LCL-Mutant,25.97,25.9,0.07,30.8,30.2,0.6,55.8%,4.84,0.4,3.87,3.44,43.1,42.6,25.1,15-MIN CHECKPOINT (Min 60)
Gen 2,Min 01,2026-08-28 16:01 PST,Gen-2 Diurnal-Stabilized,28.47,25.9,2.57,32.44,30.2,2.24,50.1%,3.37,0.4,3.43,3.44,1.3,43.4,26.8,
Gen 2,Min 02,2026-08-28 16:02 PST,Gen-2 Diurnal-Stabilized,28.43,25.9,2.53,32.42,30.2,2.22,50.1%,3.39,0.4,3.43,3.44,0.6,43.3,25.6,
Gen 2,Min 03,2026-08-28 16:03 PST,Gen-2 Diurnal-Stabilized,28.4,25.9,2.5,32.4,30.2,2.2,50.2%,3.41,0.4,3.44,3.44,0.0,43.3,24.8,
Gen 2,Min 04,2026-08-28 16:04 PST,Gen-2 Diurnal-Stabilized,28.36,25.9,2.46,32.38,30.2,2.18,50.3%,3.43,0.4,3.45,3.44,0.7,43.3,24.3,
Gen 2,Min 05,2026-08-28 16:05 PST,Gen-2 Diurnal-Stabilized,28.33,25.9,2.43,32.36,30.2,2.16,50.4%,3.45,0.4,3.45,3.44,1.4,43.3,24.3,
Gen 2,Min 06,2026-08-28 16:06 PST,Gen-2 Diurnal-Stabilized,28.29,25.9,2.39,32.34,30.2,2.14,50.4%,3.47,0.4,3.46,3.44,2.1,43.3,25.2,
Gen 2,Min 07,2026-08-28 16:07 PST,Gen-2 Diurnal-Stabilized,28.26,25.9,2.36,32.32,30.2,2.12,50.5%,3.49,0.4,3.47,3.44,2.8,43.3,24.4,
Gen 2,Min 08,2026-08-28 16:08 PST,Gen-2 Diurnal-Stabilized,28.22,25.9,2.32,32.3,30.2,2.1,50.6%,3.51,0.4,3.48,3.44,3.5,43.3,24.7,
Gen 2,Min 09,2026-08-28 16:09 PST,Gen-2 Diurnal-Stabilized,28.18,25.9,2.28,32.27,30.2,2.07,50.6%,3.54,0.4,3.48,3.44,4.2,43.3,24.4,
Gen 2,Min 10,2026-08-28 16:10 PST,Gen-2 Diurnal-Stabilized,28.14,25.9,2.24,32.24,30.2,2.04,50.7%,3.56,0.4,3.49,3.44,4.8,43.3,24.4,
Gen 2,Min 11,2026-08-28 16:11 PST,Gen-2 Diurnal-Stabilized,28.1,25.9,2.2,32.22,30.2,2.02,50.8%,3.58,0.4,3.5,3.44,5.5,43.2,24.5,
Gen 2,Min 12,2026-08-28 16:12 PST,Gen-2 Diurnal-Stabilized,28.06,25.9,2.16,32.19,30.2,1.99,50.9%,3.6,0.4,3.5,3.44,6.2,43.2,24.0,
Gen 2,Min 13,2026-08-28 16:13 PST,Gen-2 Diurnal-Stabilized,28.02,25.9,2.12,32.17,30.2,1.97,50.9%,3.62,0.4,3.51,3.44,6.9,43.2,24.2,
Gen 2,Min 14,2026-08-28 16:14 PST,Gen-2 Diurnal-Stabilized,27.97,25.9,2.07,32.13,30.2,1.93,51.0%,3.64,0.4,3.52,3.44,7.6,43.2,24.6,
Gen 2,Min 15,2026-08-28 16:15 PST,Gen-2 Diurnal-Stabilized,27.93,25.9,2.03,32.11,30.2,1.91,51.1%,3.66,0.4,3.52,3.44,8.4,43.2,24.2,15-MIN CHECKPOINT (Min 15)
Gen 2,Min 16,2026-08-28 16:16 PST,Gen-2 Diurnal-Stabilized,27.88,25.9,1.98,32.07,30.2,1.87,51.2%,3.68,0.4,3.53,3.44,9.1,43.2,24.1,
Gen 2,Min 17,2026-08-28 16:17 PST,Gen-2 Diurnal-Stabilized,27.83,25.9,1.93,32.04,30.2,1.84,51.2%,3.71,0.4,3.54,3.44,9.8,43.2,23.9,
Gen 2,Min 18,2026-08-28 16:18 PST,Gen-2 Diurnal-Stabilized,27.78,25.9,1.88,32.0,30.2,1.8,51.3%,3.73,0.4,3.54,3.44,10.5,43.1,24.0,
Gen 2,Min 19,2026-08-28 16:19 PST,Gen-2 Diurnal-Stabilized,27.73,25.9,1.83,31.96,30.2,1.76,51.4%,3.75,0.4,3.55,3.44,11.2,43.1,24.4,
Gen 2,Min 20,2026-08-28 16:20 PST,Gen-2 Diurnal-Stabilized,27.68,25.9,1.78,31.93,30.2,1.73,51.5%,3.77,0.4,3.56,3.44,11.9,43.1,25.1,
Gen 2,Min 21,2026-08-28 16:21 PST,Gen-2 Diurnal-Stabilized,27.63,25.9,1.73,31.89,30.2,1.69,51.6%,3.79,0.4,3.57,3.44,12.6,43.1,23.9,
Gen 2,Min 22,2026-08-28 16:22 PST,Gen-2 Diurnal-Stabilized,27.58,25.9,1.68,31.86,30.2,1.66,51.6%,3.82,0.4,3.57,3.44,13.4,43.1,23.9,
Gen 2,Min 23,2026-08-28 16:23 PST,Gen-2 Diurnal-Stabilized,27.52,25.9,1.62,31.81,30.2,1.61,51.7%,3.84,0.4,3.58,3.44,14.1,43.1,31.6,
Gen 2,Min 24,2026-08-28 16:24 PST,Gen-2 Diurnal-Stabilized,27.47,25.9,1.57,31.78,30.2,1.58,51.8%,3.86,0.4,3.59,3.44,14.8,43.0,24.2,
Gen 2,Min 25,2026-08-28 16:25 PST,Gen-2 Diurnal-Stabilized,27.42,25.9,1.52,31.74,30.2,1.54,51.9%,3.88,0.4,3.6,3.44,15.5,43.0,24.5,
Gen 2,Min 26,2026-08-28 16:26 PST,Gen-2 Diurnal-Stabilized,27.36,25.9,1.46,31.7,30.2,1.5,52.0%,3.91,0.4,3.6,3.44,16.3,43.0,25.7,
Gen 2,Min 27,2026-08-28 16:27 PST,Gen-2 Diurnal-Stabilized,27.31,25.9,1.41,31.66,30.2,1.46,52.0%,3.93,0.4,3.61,3.44,17.0,43.0,26.2,
Gen 2,Min 28,2026-08-28 16:28 PST,Gen-2 Diurnal-Stabilized,27.26,25.9,1.36,31.63,30.2,1.43,52.1%,3.95,0.4,3.62,3.44,17.7,43.0,26.6,
Gen 2,Min 29,2026-08-28 16:29 PST,Gen-2 Diurnal-Stabilized,27.2,25.9,1.3,31.58,30.2,1.38,52.2%,3.98,0.4,3.62,3.44,18.5,43.0,25.8,
Gen 2,Min 30,2026-08-28 16:30 PST,Gen-2 Diurnal-Stabilized,27.15,25.9,1.25,31.54,30.2,1.34,52.3%,4.0,0.4,3.63,3.44,19.2,42.9,26.6,15-MIN CHECKPOINT (Min 30)
Gen 2,Min 31,2026-08-28 16:31 PST,Gen-2 Diurnal-Stabilized,27.1,25.9,1.2,31.51,30.2,1.31,52.4%,4.02,0.4,3.64,3.44,19.9,42.9,26.0,
Gen 2,Min 32,2026-08-28 16:32 PST,Gen-2 Diurnal-Stabilized,27.05,25.9,1.15,31.47,30.2,1.27,52.5%,4.05,0.4,3.65,3.44,20.7,42.9,25.9,
Gen 2,Min 33,2026-08-28 16:33 PST,Gen-2 Diurnal-Stabilized,27.0,25.9,1.1,31.44,30.2,1.24,52.6%,4.07,0.4,3.65,3.44,21.4,42.9,26.5,
Gen 2,Min 34,2026-08-28 16:34 PST,Gen-2 Diurnal-Stabilized,26.95,25.9,1.05,31.4,30.2,1.2,52.6%,4.09,0.4,3.66,3.44,22.2,42.9,26.8,
Gen 2,Min 35,2026-08-28 16:35 PST,Gen-2 Diurnal-Stabilized,26.91,25.9,1.01,31.38,30.2,1.18,52.7%,4.12,0.4,3.67,3.44,22.9,42.9,26.2,
Gen 2,Min 36,2026-08-28 16:36 PST,Gen-2 Diurnal-Stabilized,26.86,25.9,0.96,31.34,30.2,1.14,52.8%,4.14,0.4,3.68,3.44,23.7,42.8,25.9,
Gen 2,Min 37,2026-08-28 16:37 PST,Gen-2 Diurnal-Stabilized,26.81,25.9,0.91,31.31,30.2,1.11,52.9%,4.16,0.4,3.68,3.44,24.4,42.8,25.9,
Gen 2,Min 38,2026-08-28 16:38 PST,Gen-2 Diurnal-Stabilized,26.77,25.9,0.87,31.28,30.2,1.08,53.0%,4.19,0.4,3.69,3.44,25.2,42.8,26.0,
Gen 2,Min 39,2026-08-28 16:39 PST,Gen-2 Diurnal-Stabilized,26.73,25.9,0.83,31.25,30.2,1.05,53.1%,4.21,0.4,3.7,3.44,26.0,42.8,25.9,
Gen 2,Min 40,2026-08-28 16:40 PST,Gen-2 Diurnal-Stabilized,26.69,25.9,0.79,31.23,30.2,1.03,53.2%,4.23,0.4,3.71,3.44,26.7,42.8,26.4,
Gen 2,Min 41,2026-08-28 16:41 PST,Gen-2 Diurnal-Stabilized,26.65,25.9,0.75,31.2,30.2,1.0,53.2%,4.26,0.4,3.71,3.44,27.5,42.8,26.4,
Gen 2,Min 42,2026-08-28 16:42 PST,Gen-2 Diurnal-Stabilized,26.61,25.9,0.71,31.18,30.2,0.98,53.3%,4.28,0.4,3.72,3.44,28.3,42.8,28.4,
Gen 2,Min 43,2026-08-28 16:43 PST,Gen-2 Diurnal-Stabilized,26.57,25.9,0.67,31.15,30.2,0.95,53.4%,4.31,0.4,3.73,3.44,29.0,42.8,30.1,
Gen 2,Min 44,2026-08-28 16:44 PST,Gen-2 Diurnal-Stabilized,26.53,25.9,0.63,31.13,30.2,0.93,53.5%,4.33,0.4,3.74,3.44,29.8,42.7,25.8,
Gen 2,Min 45,2026-08-28 16:45 PST,Gen-2 Diurnal-Stabilized,26.5,25.9,0.6,31.11,30.2,0.91,53.6%,4.35,0.4,3.75,3.44,30.6,42.7,26.3,15-MIN CHECKPOINT (Min 45)
Gen 2,Min 46,2026-08-28 16:46 PST,Gen-2 Diurnal-Stabilized,26.46,25.9,0.56,31.09,30.2,0.89,53.7%,4.38,0.4,3.75,3.44,31.4,42.7,25.9,
Gen 2,Min 47,2026-08-28 16:47 PST,Gen-2 Diurnal-Stabilized,26.43,25.9,0.53,31.07,30.2,0.87,53.8%,4.4,0.4,3.76,3.44,32.1,42.7,26.5,
Gen 2,Min 48,2026-08-28 16:48 PST,Gen-2 Diurnal-Stabilized,26.39,25.9,0.49,31.04,30.2,0.84,53.9%,4.43,0.4,3.77,3.44,32.9,42.7,26.1,
Gen 2,Min 49,2026-08-28 16:49 PST,Gen-2 Diurnal-Stabilized,26.36,25.9,0.46,31.03,30.2,0.83,54.0%,4.45,0.4,3.78,3.44,33.7,42.7,25.8,
Gen 2,Min 50,2026-08-28 16:50 PST,Gen-2 Diurnal-Stabilized,26.33,25.9,0.43,31.01,30.2,0.81,54.0%,4.48,0.4,3.79,3.44,34.5,42.7,25.6,
Gen 2,Min 51,2026-08-28 16:51 PST,Gen-2 Diurnal-Stabilized,26.29,25.9,0.39,30.99,30.2,0.79,54.1%,4.5,0.4,3.79,3.44,35.3,42.7,30.6,
Gen 2,Min 52,2026-08-28 16:52 PST,Gen-2 Diurnal-Stabilized,26.26,25.9,0.36,30.97,30.2,0.77,54.2%,4.53,0.4,3.8,3.44,36.1,42.7,30.7,
Gen 2,Min 53,2026-08-28 16:53 PST,Gen-2 Diurnal-Stabilized,26.23,25.9,0.33,30.96,30.2,0.76,54.3%,4.55,0.4,3.81,3.44,36.9,42.6,31.0,
Gen 2,Min 54,2026-08-28 16:54 PST,Gen-2 Diurnal-Stabilized,26.19,25.9,0.29,30.93,30.2,0.73,54.4%,4.57,0.4,3.82,3.44,37.7,42.6,31.2,
Gen 2,Min 55,2026-08-28 16:55 PST,Gen-2 Diurnal-Stabilized,26.16,25.9,0.26,30.92,30.2,0.72,54.5%,4.6,0.4,3.83,3.44,38.5,42.6,30.9,
Gen 2,Min 56,2026-08-28 16:56 PST,Gen-2 Diurnal-Stabilized,26.12,25.9,0.22,30.89,30.2,0.69,54.6%,4.62,0.4,3.83,3.44,39.3,42.6,31.0,
Gen 2,Min 57,2026-08-28 16:57 PST,Gen-2 Diurnal-Stabilized,26.09,25.9,0.19,30.87,30.2,0.67,54.7%,4.65,0.4,3.84,3.44,40.1,42.6,30.8,
Gen 2,Min 58,2026-08-28 16:58 PST,Gen-2 Diurnal-Stabilized,26.05,25.9,0.15,30.85,30.2,0.65,54.8%,4.67,0.4,3.85,3.44,40.9,42.6,30.8,
Gen 2,Min 59,2026-08-28 16:59 PST,Gen-2 Diurnal-Stabilized,26.01,25.9,0.11,30.82,30.2,0.62,54.8%,4.7,0.4,3.86,3.44,41.7,42.6,31.0,
Gen 2,Min 60,2026-08-28 17:00 PST,Gen-2 Diurnal-Stabilized,25.97,25.9,0.07,30.8,30.2,0.6,54.9%,4.72,0.4,3.87,3.44,42.5,42.6,31.0,15-MIN CHECKPOINT (Min 60)
Gen 2,Min 01,2026-08-28 16:01 PST,Gen-2 Hydro-Coupled,28.47,25.9,2.57,32.44,30.2,2.24,50.1%,3.37,0.4,3.43,3.44,1.3,43.4,36.6,
Gen 2,Min 02,2026-08-28 16:02 PST,Gen-2 Hydro-Coupled,28.43,25.9,2.53,32.42,30.2,2.22,50.2%,3.39,0.4,3.43,3.44,0.6,43.3,32.0,
Gen 2,Min 03,2026-08-28 16:03 PST,Gen-2 Hydro-Coupled,28.4,25.9,2.5,32.4,30.2,2.2,50.2%,3.41,0.4,3.44,3.44,0.0,43.3,35.9,
Gen 2,Min 04,2026-08-28 16:04 PST,Gen-2 Hydro-Coupled,28.37,25.9,2.47,32.39,30.2,2.19,50.3%,3.43,0.4,3.45,3.44,0.7,43.3,33.8,
Gen 2,Min 05,2026-08-28 16:05 PST,Gen-2 Hydro-Coupled,28.33,25.9,2.43,32.36,30.2,2.16,50.4%,3.45,0.4,3.45,3.44,1.4,43.3,32.1,
Gen 2,Min 06,2026-08-28 16:06 PST,Gen-2 Hydro-Coupled,28.29,25.9,2.39,32.34,30.2,2.14,50.5%,3.48,0.4,3.46,3.44,2.1,43.3,31.6,
Gen 2,Min 07,2026-08-28 16:07 PST,Gen-2 Hydro-Coupled,28.26,25.9,2.36,32.32,30.2,2.12,50.5%,3.5,0.4,3.47,3.44,2.8,43.3,32.0,
Gen 2,Min 08,2026-08-28 16:08 PST,Gen-2 Hydro-Coupled,28.22,25.9,2.32,32.3,30.2,2.1,50.6%,3.52,0.4,3.48,3.44,3.5,43.3,32.1,
Gen 2,Min 09,2026-08-28 16:09 PST,Gen-2 Hydro-Coupled,28.18,25.9,2.28,32.27,30.2,2.07,50.7%,3.54,0.4,3.48,3.44,4.2,43.3,37.6,
Gen 2,Min 10,2026-08-28 16:10 PST,Gen-2 Hydro-Coupled,28.14,25.9,2.24,32.24,30.2,2.04,50.7%,3.56,0.4,3.49,3.44,4.9,43.3,31.9,
Gen 2,Min 11,2026-08-28 16:11 PST,Gen-2 Hydro-Coupled,28.1,25.9,2.2,32.22,30.2,2.02,50.8%,3.58,0.4,3.5,3.44,5.6,43.2,31.6,
Gen 2,Min 12,2026-08-28 16:12 PST,Gen-2 Hydro-Coupled,28.06,25.9,2.16,32.19,30.2,1.99,50.9%,3.6,0.4,3.5,3.44,6.3,43.2,31.5,
Gen 2,Min 13,2026-08-28 16:13 PST,Gen-2 Hydro-Coupled,28.02,25.9,2.12,32.17,30.2,1.97,51.0%,3.62,0.4,3.51,3.44,7.0,43.2,31.3,
Gen 2,Min 14,2026-08-28 16:14 PST,Gen-2 Hydro-Coupled,27.97,25.9,2.07,32.13,30.2,1.93,51.1%,3.65,0.4,3.52,3.44,7.7,43.2,33.8,
Gen 2,Min 15,2026-08-28 16:15 PST,Gen-2 Hydro-Coupled,27.93,25.9,2.03,32.11,30.2,1.91,51.1%,3.67,0.4,3.52,3.44,8.4,43.2,31.6,15-MIN CHECKPOINT (Min 15)
Gen 2,Min 16,2026-08-28 16:16 PST,Gen-2 Hydro-Coupled,27.88,25.9,1.98,32.07,30.2,1.87,51.2%,3.69,0.4,3.53,3.44,9.1,43.2,31.2,
Gen 2,Min 17,2026-08-28 16:17 PST,Gen-2 Hydro-Coupled,27.83,25.9,1.93,32.04,30.2,1.84,51.3%,3.71,0.4,3.54,3.44,9.8,43.2,31.5,
Gen 2,Min 18,2026-08-28 16:18 PST,Gen-2 Hydro-Coupled,27.78,25.9,1.88,32.0,30.2,1.8,51.4%,3.73,0.4,3.54,3.44,10.5,43.1,31.5,
Gen 2,Min 19,2026-08-28 16:19 PST,Gen-2 Hydro-Coupled,27.73,25.9,1.83,31.96,30.2,1.76,51.4%,3.75,0.4,3.55,3.44,11.2,43.1,31.2,
Gen 2,Min 20,2026-08-28 16:20 PST,Gen-2 Hydro-Coupled,27.68,25.9,1.78,31.93,30.2,1.73,51.5%,3.78,0.4,3.56,3.44,11.9,43.1,34.1,
Gen 2,Min 21,2026-08-28 16:21 PST,Gen-2 Hydro-Coupled,27.63,25.9,1.73,31.89,30.2,1.69,51.6%,3.8,0.4,3.57,3.44,12.6,43.1,32.0,
Gen 2,Min 22,2026-08-28 16:22 PST,Gen-2 Hydro-Coupled,27.58,25.9,1.68,31.86,30.2,1.66,51.7%,3.82,0.4,3.57,3.44,13.4,43.1,31.4,
Gen 2,Min 23,2026-08-28 16:23 PST,Gen-2 Hydro-Coupled,27.52,25.9,1.62,31.81,30.2,1.61,51.7%,3.84,0.4,3.58,3.44,14.1,43.1,31.9,
Gen 2,Min 24,2026-08-28 16:24 PST,Gen-2 Hydro-Coupled,27.47,25.9,1.57,31.78,30.2,1.58,51.8%,3.86,0.4,3.59,3.44,14.8,43.0,33.2,
Gen 2,Min 25,2026-08-28 16:25 PST,Gen-2 Hydro-Coupled,27.42,25.9,1.52,31.74,30.2,1.54,51.9%,3.89,0.4,3.6,3.44,15.5,43.0,32.1,
Gen 2,Min 26,2026-08-28 16:26 PST,Gen-2 Hydro-Coupled,27.37,25.9,1.47,31.71,30.2,1.51,52.0%,3.91,0.4,3.6,3.44,16.3,43.0,34.9,
Gen 2,Min 27,2026-08-28 16:27 PST,Gen-2 Hydro-Coupled,27.31,25.9,1.41,31.66,30.2,1.46,52.0%,3.93,0.4,3.61,3.44,17.0,43.0,31.7,
Gen 2,Min 28,2026-08-28 16:28 PST,Gen-2 Hydro-Coupled,27.26,25.9,1.36,31.63,30.2,1.43,52.1%,3.95,0.4,3.62,3.44,17.7,43.0,31.5,
Gen 2,Min 29,2026-08-28 16:29 PST,Gen-2 Hydro-Coupled,27.21,25.9,1.31,31.59,30.2,1.39,52.2%,3.97,0.4,3.62,3.44,18.5,43.0,31.1,
Gen 2,Min 30,2026-08-28 16:30 PST,Gen-2 Hydro-Coupled,27.15,25.9,1.25,31.54,30.2,1.34,52.3%,4.0,0.4,3.63,3.44,19.2,42.9,32.1,15-MIN CHECKPOINT (Min 30)
Gen 2,Min 31,2026-08-28 16:31 PST,Gen-2 Hydro-Coupled,27.1,25.9,1.2,31.51,30.2,1.31,52.4%,4.02,0.4,3.64,3.44,20.0,42.9,33.9,
Gen 2,Min 32,2026-08-28 16:32 PST,Gen-2 Hydro-Coupled,27.05,25.9,1.15,31.47,30.2,1.27,52.4%,4.04,0.4,3.65,3.44,20.7,42.9,32.1,
Gen 2,Min 33,2026-08-28 16:33 PST,Gen-2 Hydro-Coupled,27.0,25.9,1.1,31.44,30.2,1.24,52.5%,4.06,0.4,3.65,3.44,21.4,42.9,31.6,
Gen 2,Min 34,2026-08-28 16:34 PST,Gen-2 Hydro-Coupled,26.96,25.9,1.06,31.41,30.2,1.21,52.6%,4.09,0.4,3.66,3.44,22.2,42.9,33.4,
Gen 2,Min 35,2026-08-28 16:35 PST,Gen-2 Hydro-Coupled,26.91,25.9,1.01,31.38,30.2,1.18,52.7%,4.11,0.4,3.67,3.44,22.9,42.9,29.3,
Gen 2,Min 36,2026-08-28 16:36 PST,Gen-2 Hydro-Coupled,26.86,25.9,0.96,31.34,30.2,1.14,52.8%,4.13,0.4,3.68,3.44,23.7,42.8,26.1,
Gen 2,Min 37,2026-08-28 16:37 PST,Gen-2 Hydro-Coupled,26.82,25.9,0.92,31.32,30.2,1.12,52.8%,4.15,0.4,3.68,3.44,24.4,42.8,28.1,
Gen 2,Min 38,2026-08-28 16:38 PST,Gen-2 Hydro-Coupled,26.77,25.9,0.87,31.28,30.2,1.08,52.9%,4.18,0.4,3.69,3.44,25.2,42.8,26.2,
Gen 2,Min 39,2026-08-28 16:39 PST,Gen-2 Hydro-Coupled,26.73,25.9,0.83,31.25,30.2,1.05,53.0%,4.2,0.4,3.7,3.44,26.0,42.8,26.1,
Gen 2,Min 40,2026-08-28 16:40 PST,Gen-2 Hydro-Coupled,26.69,25.9,0.79,31.23,30.2,1.03,53.1%,4.22,0.4,3.71,3.44,26.7,42.8,26.4,
Gen 2,Min 41,2026-08-28 16:41 PST,Gen-2 Hydro-Coupled,26.65,25.9,0.75,31.2,30.2,1.0,53.2%,4.25,0.4,3.71,3.44,27.5,42.8,25.7,
Gen 2,Min 42,2026-08-28 16:42 PST,Gen-2 Hydro-Coupled,26.61,25.9,0.71,31.18,30.2,0.98,53.2%,4.27,0.4,3.72,3.44,28.3,42.8,29.0,
Gen 2,Min 43,2026-08-28 16:43 PST,Gen-2 Hydro-Coupled,26.58,25.9,0.68,31.16,30.2,0.96,53.3%,4.29,0.4,3.73,3.44,29.0,42.8,26.5,
Gen 2,Min 44,2026-08-28 16:44 PST,Gen-2 Hydro-Coupled,26.54,25.9,0.64,31.14,30.2,0.94,53.4%,4.31,0.4,3.74,3.44,29.8,42.7,26.5,
Gen 2,Min 45,2026-08-28 16:45 PST,Gen-2 Hydro-Coupled,26.5,25.9,0.6,31.11,30.2,0.91,53.5%,4.34,0.4,3.75,3.44,30.6,42.7,26.3,15-MIN CHECKPOINT (Min 45)
Gen 2,Min 46,2026-08-28 16:46 PST,Gen-2 Hydro-Coupled,26.47,25.9,0.57,31.1,30.2,0.9,53.6%,4.36,0.4,3.75,3.44,31.3,42.7,26.9,
Gen 2,Min 47,2026-08-28 16:47 PST,Gen-2 Hydro-Coupled,26.43,25.9,0.53,31.07,30.2,0.87,53.6%,4.38,0.4,3.76,3.44,32.1,42.7,26.3,
Gen 2,Min 48,2026-08-28 16:48 PST,Gen-2 Hydro-Coupled,26.4,25.9,0.5,31.05,30.2,0.85,53.7%,4.41,0.4,3.77,3.44,32.9,42.7,28.6,
Gen 2,Min 49,2026-08-28 16:49 PST,Gen-2 Hydro-Coupled,26.37,25.9,0.47,31.04,30.2,0.84,53.8%,4.43,0.4,3.78,3.44,33.7,42.7,26.7,
Gen 2,Min 50,2026-08-28 16:50 PST,Gen-2 Hydro-Coupled,26.33,25.9,0.43,31.01,30.2,0.81,53.9%,4.45,0.4,3.79,3.44,34.5,42.7,26.0,
Gen 2,Min 51,2026-08-28 16:51 PST,Gen-2 Hydro-Coupled,26.3,25.9,0.4,31.0,30.2,0.8,54.0%,4.48,0.4,3.79,3.44,35.2,42.7,26.1,
Gen 2,Min 52,2026-08-28 16:52 PST,Gen-2 Hydro-Coupled,26.27,25.9,0.37,30.98,30.2,0.78,54.0%,4.5,0.4,3.8,3.44,36.0,42.7,25.9,
Gen 2,Min 53,2026-08-28 16:53 PST,Gen-2 Hydro-Coupled,26.23,25.9,0.33,30.96,30.2,0.76,54.1%,4.52,0.4,3.81,3.44,36.8,42.6,28.4,
Gen 2,Min 54,2026-08-28 16:54 PST,Gen-2 Hydro-Coupled,26.2,25.9,0.3,30.94,30.2,0.74,54.2%,4.55,0.4,3.82,3.44,37.6,42.6,31.6,
Gen 2,Min 55,2026-08-28 16:55 PST,Gen-2 Hydro-Coupled,26.16,25.9,0.26,30.92,30.2,0.72,54.3%,4.57,0.4,3.82,3.44,38.4,42.6,26.0,
Gen 2,Min 56,2026-08-28 16:56 PST,Gen-2 Hydro-Coupled,26.13,25.9,0.23,30.9,30.2,0.7,54.4%,4.59,0.4,3.83,3.44,39.2,42.6,26.1,
Gen 2,Min 57,2026-08-28 16:57 PST,Gen-2 Hydro-Coupled,26.09,25.9,0.19,30.87,30.2,0.67,54.4%,4.62,0.4,3.84,3.44,40.0,42.6,26.0,
Gen 2,Min 58,2026-08-28 16:58 PST,Gen-2 Hydro-Coupled,26.06,25.9,0.16,30.86,30.2,0.66,54.5%,4.64,0.4,3.85,3.44,40.8,42.6,25.9,
Gen 2,Min 59,2026-08-28 16:59 PST,Gen-2 Hydro-Coupled,26.02,25.9,0.12,30.83,30.2,0.63,54.6%,4.67,0.4,3.86,3.44,41.6,42.6,27.9,
Gen 2,Min 60,2026-08-28 17:00 PST,Gen-2 Hydro-Coupled,25.98,25.9,0.08,30.81,30.2,0.61,54.7%,4.69,0.4,3.86,3.44,42.4,42.6,23.9,15-MIN CHECKPOINT (Min 60)
Gen 2,Min 01,2026-08-28 16:01 PST,Gen-2 Stochastic-Explorer,28.47,25.9,2.57,32.44,30.2,2.24,50.1%,3.37,0.4,3.43,3.44,1.3,43.4,31.5,
Gen 2,Min 02,2026-08-28 16:02 PST,Gen-2 Stochastic-Explorer,28.43,25.9,2.53,32.42,30.2,2.22,50.1%,3.39,0.4,3.43,3.44,0.6,43.3,25.3,
Gen 2,Min 03,2026-08-28 16:03 PST,Gen-2 Stochastic-Explorer,28.4,25.9,2.5,32.4,30.2,2.2,50.2%,3.41,0.4,3.44,3.44,0.0,43.3,24.8,
Gen 2,Min 04,2026-08-28 16:04 PST,Gen-2 Stochastic-Explorer,28.37,25.9,2.47,32.39,30.2,2.19,50.3%,3.43,0.4,3.45,3.44,0.7,43.3,27.0,
Gen 2,Min 05,2026-08-28 16:05 PST,Gen-2 Stochastic-Explorer,28.33,25.9,2.43,32.36,30.2,2.16,50.3%,3.45,0.4,3.45,3.44,1.4,43.3,24.6,
Gen 2,Min 06,2026-08-28 16:06 PST,Gen-2 Stochastic-Explorer,28.29,25.9,2.39,32.34,30.2,2.14,50.4%,3.47,0.4,3.46,3.44,2.1,43.3,24.4,
Gen 2,Min 07,2026-08-28 16:07 PST,Gen-2 Stochastic-Explorer,28.26,25.9,2.36,32.32,30.2,2.12,50.5%,3.49,0.4,3.47,3.44,2.8,43.3,24.4,
Gen 2,Min 08,2026-08-28 16:08 PST,Gen-2 Stochastic-Explorer,28.22,25.9,2.32,32.3,30.2,2.1,50.5%,3.51,0.4,3.48,3.44,3.5,43.3,24.0,
Gen 2,Min 09,2026-08-28 16:09 PST,Gen-2 Stochastic-Explorer,28.18,25.9,2.28,32.27,30.2,2.07,50.6%,3.53,0.4,3.48,3.44,4.2,43.3,23.7,
Gen 2,Min 10,2026-08-28 16:10 PST,Gen-2 Stochastic-Explorer,28.14,25.9,2.24,32.24,30.2,2.04,50.7%,3.55,0.4,3.49,3.44,4.8,43.3,27.4,
Gen 2,Min 11,2026-08-28 16:11 PST,Gen-2 Stochastic-Explorer,28.1,25.9,2.2,32.22,30.2,2.02,50.7%,3.57,0.4,3.5,3.44,5.5,43.2,24.2,
Gen 2,Min 12,2026-08-28 16:12 PST,Gen-2 Stochastic-Explorer,28.06,25.9,2.16,32.19,30.2,1.99,50.8%,3.59,0.4,3.5,3.44,6.2,43.2,24.0,
Gen 2,Min 13,2026-08-28 16:13 PST,Gen-2 Stochastic-Explorer,28.02,25.9,2.12,32.17,30.2,1.97,50.9%,3.61,0.4,3.51,3.44,6.9,43.2,23.8,
Gen 2,Min 14,2026-08-28 16:14 PST,Gen-2 Stochastic-Explorer,27.97,25.9,2.07,32.13,30.2,1.93,50.9%,3.63,0.4,3.52,3.44,7.6,43.2,23.7,
Gen 2,Min 15,2026-08-28 16:15 PST,Gen-2 Stochastic-Explorer,27.93,25.9,2.03,32.11,30.2,1.91,51.0%,3.65,0.4,3.52,3.44,8.3,43.2,26.2,15-MIN CHECKPOINT (Min 15)
Gen 2,Min 16,2026-08-28 16:16 PST,Gen-2 Stochastic-Explorer,27.88,25.9,1.98,32.07,30.2,1.87,51.1%,3.67,0.4,3.53,3.44,9.0,43.2,24.1,
Gen 2,Min 17,2026-08-28 16:17 PST,Gen-2 Stochastic-Explorer,27.83,25.9,1.93,32.04,30.2,1.84,51.1%,3.69,0.4,3.54,3.44,9.8,43.2,23.8,
Gen 2,Min 18,2026-08-28 16:18 PST,Gen-2 Stochastic-Explorer,27.78,25.9,1.88,32.0,30.2,1.8,51.2%,3.71,0.4,3.54,3.44,10.5,43.1,24.3,
Gen 2,Min 19,2026-08-28 16:19 PST,Gen-2 Stochastic-Explorer,27.73,25.9,1.83,31.96,30.2,1.76,51.3%,3.73,0.4,3.55,3.44,11.2,43.1,24.0,
Gen 2,Min 20,2026-08-28 16:20 PST,Gen-2 Stochastic-Explorer,27.68,25.9,1.78,31.93,30.2,1.73,51.3%,3.75,0.4,3.56,3.44,11.9,43.1,24.1,
Gen 2,Min 21,2026-08-28 16:21 PST,Gen-2 Stochastic-Explorer,27.63,25.9,1.73,31.89,30.2,1.69,51.4%,3.77,0.4,3.57,3.44,12.6,43.1,26.7,
Gen 2,Min 22,2026-08-28 16:22 PST,Gen-2 Stochastic-Explorer,27.58,25.9,1.68,31.86,30.2,1.66,51.5%,3.79,0.4,3.57,3.44,13.3,43.1,24.0,
Gen 2,Min 23,2026-08-28 16:23 PST,Gen-2 Stochastic-Explorer,27.53,25.9,1.63,31.82,30.2,1.62,51.5%,3.81,0.4,3.58,3.44,14.0,43.1,24.1,
Gen 2,Min 24,2026-08-28 16:24 PST,Gen-2 Stochastic-Explorer,27.47,25.9,1.57,31.78,30.2,1.58,51.6%,3.83,0.4,3.59,3.44,14.8,43.0,24.5,
Gen 2,Min 25,2026-08-28 16:25 PST,Gen-2 Stochastic-Explorer,27.42,25.9,1.52,31.74,30.2,1.54,51.6%,3.85,0.4,3.6,3.44,15.5,43.0,24.1,
Gen 2,Min 26,2026-08-28 16:26 PST,Gen-2 Stochastic-Explorer,27.37,25.9,1.47,31.71,30.2,1.51,51.7%,3.87,0.4,3.6,3.44,16.2,43.0,26.7,
Gen 2,Min 27,2026-08-28 16:27 PST,Gen-2 Stochastic-Explorer,27.31,25.9,1.41,31.66,30.2,1.46,51.8%,3.89,0.4,3.61,3.44,16.9,43.0,24.4,
Gen 2,Min 28,2026-08-28 16:28 PST,Gen-2 Stochastic-Explorer,27.26,25.9,1.36,31.63,30.2,1.43,51.8%,3.91,0.4,3.62,3.44,17.6,43.0,23.7,
Gen 2,Min 29,2026-08-28 16:29 PST,Gen-2 Stochastic-Explorer,27.21,25.9,1.31,31.59,30.2,1.39,51.9%,3.93,0.4,3.62,3.44,18.4,43.0,24.1,
Gen 2,Min 30,2026-08-28 16:30 PST,Gen-2 Stochastic-Explorer,27.16,25.9,1.26,31.55,30.2,1.35,52.0%,3.95,0.4,3.63,3.44,19.1,42.9,24.3,15-MIN CHECKPOINT (Min 30)
Gen 2,Min 31,2026-08-28 16:31 PST,Gen-2 Stochastic-Explorer,27.1,25.9,1.2,31.51,30.2,1.31,52.0%,3.97,0.4,3.64,3.44,19.8,42.9,24.3,
Gen 2,Min 32,2026-08-28 16:32 PST,Gen-2 Stochastic-Explorer,27.05,25.9,1.15,31.47,30.2,1.27,52.1%,3.99,0.4,3.65,3.44,20.6,42.9,27.0,
Gen 2,Min 33,2026-08-28 16:33 PST,Gen-2 Stochastic-Explorer,27.01,25.9,1.11,31.45,30.2,1.25,52.2%,4.01,0.4,3.65,3.44,21.3,42.9,25.1,
Gen 2,Min 34,2026-08-28 16:34 PST,Gen-2 Stochastic-Explorer,26.96,25.9,1.06,31.41,30.2,1.21,52.2%,4.03,0.4,3.66,3.44,22.1,42.9,24.2,
Gen 2,Min 35,2026-08-28 16:35 PST,Gen-2 Stochastic-Explorer,26.91,25.9,1.01,31.38,30.2,1.18,52.3%,4.05,0.4,3.67,3.44,22.8,42.9,25.8,
Gen 2,Min 36,2026-08-28 16:36 PST,Gen-2 Stochastic-Explorer,26.86,25.9,0.96,31.34,30.2,1.14,52.3%,4.07,0.4,3.67,3.44,23.5,42.8,23.9,
Gen 2,Min 37,2026-08-28 16:37 PST,Gen-2 Stochastic-Explorer,26.82,25.9,0.92,31.32,30.2,1.12,52.4%,4.1,0.4,3.68,3.44,24.3,42.8,25.7,
Gen 2,Min 38,2026-08-28 16:38 PST,Gen-2 Stochastic-Explorer,26.78,25.9,0.88,31.29,30.2,1.09,52.5%,4.12,0.4,3.69,3.44,25.0,42.8,24.0,
Gen 2,Min 39,2026-08-28 16:39 PST,Gen-2 Stochastic-Explorer,26.73,25.9,0.83,31.25,30.2,1.05,52.5%,4.14,0.4,3.7,3.44,25.8,42.8,23.6,
Gen 2,Min 40,2026-08-28 16:40 PST,Gen-2 Stochastic-Explorer,26.69,25.9,0.79,31.23,30.2,1.03,52.6%,4.16,0.4,3.71,3.44,26.5,42.8,23.8,
Gen 2,Min 41,2026-08-28 16:41 PST,Gen-2 Stochastic-Explorer,26.65,25.9,0.75,31.2,30.2,1.0,52.6%,4.18,0.4,3.71,3.44,27.3,42.8,24.2,
Gen 2,Min 42,2026-08-28 16:42 PST,Gen-2 Stochastic-Explorer,26.61,25.9,0.71,31.18,30.2,0.98,52.7%,4.2,0.4,3.72,3.44,28.0,42.8,24.3,
Gen 2,Min 43,2026-08-28 16:43 PST,Gen-2 Stochastic-Explorer,26.58,25.9,0.68,31.16,30.2,0.96,52.8%,4.22,0.4,3.73,3.44,28.8,42.8,28.7,
Gen 2,Min 44,2026-08-28 16:44 PST,Gen-2 Stochastic-Explorer,26.54,25.9,0.64,31.14,30.2,0.94,52.8%,4.24,0.4,3.73,3.44,29.5,42.7,24.2,
Gen 2,Min 45,2026-08-28 16:45 PST,Gen-2 Stochastic-Explorer,26.5,25.9,0.6,31.11,30.2,0.91,52.9%,4.26,0.4,3.74,3.44,30.3,42.7,23.9,15-MIN CHECKPOINT (Min 45)
Gen 2,Min 46,2026-08-28 16:46 PST,Gen-2 Stochastic-Explorer,26.47,25.9,0.57,31.1,30.2,0.9,52.9%,4.28,0.4,3.75,3.44,31.1,42.7,27.4,
Gen 2,Min 47,2026-08-28 16:47 PST,Gen-2 Stochastic-Explorer,26.43,25.9,0.53,31.07,30.2,0.87,53.0%,4.3,0.4,3.76,3.44,31.8,42.7,24.5,
Gen 2,Min 48,2026-08-28 16:48 PST,Gen-2 Stochastic-Explorer,26.4,25.9,0.5,31.05,30.2,0.85,53.1%,4.32,0.4,3.77,3.44,32.6,42.7,23.8,
Gen 2,Min 49,2026-08-28 16:49 PST,Gen-2 Stochastic-Explorer,26.37,25.9,0.47,31.04,30.2,0.84,53.1%,4.34,0.4,3.77,3.44,33.3,42.7,24.6,
Gen 2,Min 50,2026-08-28 16:50 PST,Gen-2 Stochastic-Explorer,26.33,25.9,0.43,31.01,30.2,0.81,53.2%,4.36,0.4,3.78,3.44,34.1,42.7,24.2,
Gen 2,Min 51,2026-08-28 16:51 PST,Gen-2 Stochastic-Explorer,26.3,25.9,0.4,31.0,30.2,0.8,53.2%,4.38,0.4,3.79,3.44,34.9,42.7,82.6,
Gen 2,Min 52,2026-08-28 16:52 PST,Gen-2 Stochastic-Explorer,26.27,25.9,0.37,30.98,30.2,0.78,53.3%,4.4,0.4,3.8,3.44,35.7,42.7,26.1,
Gen 2,Min 53,2026-08-28 16:53 PST,Gen-2 Stochastic-Explorer,26.23,25.9,0.33,30.96,30.2,0.76,53.3%,4.42,0.4,3.8,3.44,36.4,42.6,24.2,
Gen 2,Min 54,2026-08-28 16:54 PST,Gen-2 Stochastic-Explorer,26.2,25.9,0.3,30.94,30.2,0.74,53.4%,4.44,0.4,3.81,3.44,37.2,42.6,27.7,
Gen 2,Min 55,2026-08-28 16:55 PST,Gen-2 Stochastic-Explorer,26.17,25.9,0.27,30.93,30.2,0.73,53.5%,4.46,0.4,3.82,3.44,38.0,42.6,24.8,
Gen 2,Min 56,2026-08-28 16:56 PST,Gen-2 Stochastic-Explorer,26.13,25.9,0.23,30.9,30.2,0.7,53.5%,4.48,0.4,3.83,3.44,38.8,42.6,24.3,
Gen 2,Min 57,2026-08-28 16:57 PST,Gen-2 Stochastic-Explorer,26.09,25.9,0.19,30.87,30.2,0.67,53.6%,4.5,0.4,3.83,3.44,39.5,42.6,24.2,
Gen 2,Min 58,2026-08-28 16:58 PST,Gen-2 Stochastic-Explorer,26.06,25.9,0.16,30.86,30.2,0.66,53.6%,4.52,0.4,3.84,3.44,40.3,42.6,24.1,
Gen 2,Min 59,2026-08-28 16:59 PST,Gen-2 Stochastic-Explorer,26.02,25.9,0.12,30.83,30.2,0.63,53.7%,4.54,0.4,3.85,3.44,41.1,42.6,26.7,
Gen 2,Min 60,2026-08-28 17:00 PST,Gen-2 Stochastic-Explorer,25.98,25.9,0.08,30.81,30.2,0.61,53.7%,4.56,0.4,3.86,3.44,41.9,42.6,24.5,15-MIN CHECKPOINT (Min 60)
Gen 3,Min 01,2026-08-28 16:01 PST,Gen-3 Champ-Elite (Gen-2 Champ-Elite (Agent-5 (PINN-AdaptiveBayesian))),28.47,25.9,2.57,32.44,30.2,2.24,50.1%,3.37,0.4,3.43,3.44,1.3,43.4,39.6,
Gen 3,Min 02,2026-08-28 16:02 PST,Gen-3 Champ-Elite (Gen-2 Champ-Elite (Agent-5 (PINN-AdaptiveBayesian))),28.43,25.9,2.53,32.42,30.2,2.22,50.2%,3.39,0.4,3.43,3.44,0.6,43.3,38.1,
Gen 3,Min 03,2026-08-28 16:03 PST,Gen-3 Champ-Elite (Gen-2 Champ-Elite (Agent-5 (PINN-AdaptiveBayesian))),28.4,25.9,2.5,32.4,30.2,2.2,50.2%,3.41,0.4,3.44,3.44,0.0,43.3,26.7,
Gen 3,Min 04,2026-08-28 16:04 PST,Gen-3 Champ-Elite (Gen-2 Champ-Elite (Agent-5 (PINN-AdaptiveBayesian))),28.37,25.9,2.47,32.39,30.2,2.19,50.3%,3.43,0.4,3.45,3.44,0.7,43.3,25.9,
Gen 3,Min 05,2026-08-28 16:05 PST,Gen-3 Champ-Elite (Gen-2 Champ-Elite (Agent-5 (PINN-AdaptiveBayesian))),28.33,25.9,2.43,32.36,30.2,2.16,50.4%,3.45,0.4,3.45,3.44,1.4,43.3,26.3,
Gen 3,Min 06,2026-08-28 16:06 PST,Gen-3 Champ-Elite (Gen-2 Champ-Elite (Agent-5 (PINN-AdaptiveBayesian))),28.29,25.9,2.39,32.34,30.2,2.14,50.4%,3.48,0.4,3.46,3.44,2.1,43.3,25.6,
Gen 3,Min 07,2026-08-28 16:07 PST,Gen-3 Champ-Elite (Gen-2 Champ-Elite (Agent-5 (PINN-AdaptiveBayesian))),28.26,25.9,2.36,32.32,30.2,2.12,50.5%,3.5,0.4,3.47,3.44,2.8,43.3,26.3,
Gen 3,Min 08,2026-08-28 16:08 PST,Gen-3 Champ-Elite (Gen-2 Champ-Elite (Agent-5 (PINN-AdaptiveBayesian))),28.22,25.9,2.32,32.3,30.2,2.1,50.6%,3.52,0.4,3.48,3.44,3.5,43.3,27.4,
Gen 3,Min 09,2026-08-28 16:09 PST,Gen-3 Champ-Elite (Gen-2 Champ-Elite (Agent-5 (PINN-AdaptiveBayesian))),28.18,25.9,2.28,32.27,30.2,2.07,50.7%,3.54,0.4,3.48,3.44,4.2,43.3,27.2,
Gen 3,Min 10,2026-08-28 16:10 PST,Gen-3 Champ-Elite (Gen-2 Champ-Elite (Agent-5 (PINN-AdaptiveBayesian))),28.14,25.9,2.24,32.24,30.2,2.04,50.8%,3.56,0.4,3.49,3.44,4.9,43.3,26.8,
Gen 3,Min 11,2026-08-28 16:11 PST,Gen-3 Champ-Elite (Gen-2 Champ-Elite (Agent-5 (PINN-AdaptiveBayesian))),28.1,25.9,2.2,32.22,30.2,2.02,50.8%,3.58,0.4,3.5,3.44,5.6,43.2,26.3,
Gen 3,Min 12,2026-08-28 16:12 PST,Gen-3 Champ-Elite (Gen-2 Champ-Elite (Agent-5 (PINN-AdaptiveBayesian))),28.06,25.9,2.16,32.19,30.2,1.99,50.9%,3.6,0.4,3.5,3.44,6.3,43.2,26.7,
Gen 3,Min 13,2026-08-28 16:13 PST,Gen-3 Champ-Elite (Gen-2 Champ-Elite (Agent-5 (PINN-AdaptiveBayesian))),28.02,25.9,2.12,32.17,30.2,1.97,51.0%,3.63,0.4,3.51,3.44,7.0,43.2,26.6,
Gen 3,Min 14,2026-08-28 16:14 PST,Gen-3 Champ-Elite (Gen-2 Champ-Elite (Agent-5 (PINN-AdaptiveBayesian))),27.97,25.9,2.07,32.13,30.2,1.93,51.1%,3.65,0.4,3.52,3.44,7.7,43.2,26.5,
Gen 3,Min 15,2026-08-28 16:15 PST,Gen-3 Champ-Elite (Gen-2 Champ-Elite (Agent-5 (PINN-AdaptiveBayesian))),27.93,25.9,2.03,32.11,30.2,1.91,51.1%,3.67,0.4,3.52,3.44,8.4,43.2,27.0,15-MIN CHECKPOINT (Min 15)
Gen 3,Min 16,2026-08-28 16:16 PST,Gen-3 Champ-Elite (Gen-2 Champ-Elite (Agent-5 (PINN-AdaptiveBayesian))),27.88,25.9,1.98,32.07,30.2,1.87,51.2%,3.69,0.4,3.53,3.44,9.1,43.2,27.1,
Gen 3,Min 17,2026-08-28 16:17 PST,Gen-3 Champ-Elite (Gen-2 Champ-Elite (Agent-5 (PINN-AdaptiveBayesian))),27.83,25.9,1.93,32.04,30.2,1.84,51.3%,3.72,0.4,3.54,3.44,9.8,43.2,26.9,
Gen 3,Min 18,2026-08-28 16:18 PST,Gen-3 Champ-Elite (Gen-2 Champ-Elite (Agent-5 (PINN-AdaptiveBayesian))),27.78,25.9,1.88,32.0,30.2,1.8,51.4%,3.74,0.4,3.54,3.44,10.5,43.1,27.1,
Gen 3,Min 19,2026-08-28 16:19 PST,Gen-3 Champ-Elite (Gen-2 Champ-Elite (Agent-5 (PINN-AdaptiveBayesian))),27.73,25.9,1.83,31.96,30.2,1.76,51.5%,3.76,0.4,3.55,3.44,11.2,43.1,26.6,
Gen 3,Min 20,2026-08-28 16:20 PST,Gen-3 Champ-Elite (Gen-2 Champ-Elite (Agent-5 (PINN-AdaptiveBayesian))),27.68,25.9,1.78,31.93,30.2,1.73,51.6%,3.78,0.4,3.56,3.44,11.9,43.1,27.6,
Gen 3,Min 21,2026-08-28 16:21 PST,Gen-3 Champ-Elite (Gen-2 Champ-Elite (Agent-5 (PINN-AdaptiveBayesian))),27.63,25.9,1.73,31.89,30.2,1.69,51.6%,3.81,0.4,3.57,3.44,12.7,43.1,27.0,
Gen 3,Min 22,2026-08-28 16:22 PST,Gen-3 Champ-Elite (Gen-2 Champ-Elite (Agent-5 (PINN-AdaptiveBayesian))),27.58,25.9,1.68,31.86,30.2,1.66,51.7%,3.83,0.4,3.57,3.44,13.4,43.1,28.4,
Gen 3,Min 23,2026-08-28 16:23 PST,Gen-3 Champ-Elite (Gen-2 Champ-Elite (Agent-5 (PINN-AdaptiveBayesian))),27.53,25.9,1.63,31.82,30.2,1.62,51.8%,3.85,0.4,3.58,3.44,14.1,43.1,27.3,
Gen 3,Min 24,2026-08-28 16:24 PST,Gen-3 Champ-Elite (Gen-2 Champ-Elite (Agent-5 (PINN-AdaptiveBayesian))),27.47,25.9,1.57,31.78,30.2,1.58,51.9%,3.87,0.4,3.59,3.44,14.8,43.0,27.0,
Gen 3,Min 25,2026-08-28 16:25 PST,Gen-3 Champ-Elite (Gen-2 Champ-Elite (Agent-5 (PINN-AdaptiveBayesian))),27.42,25.9,1.52,31.74,30.2,1.54,52.0%,3.9,0.4,3.6,3.44,15.6,43.0,26.5,
Gen 3,Min 26,2026-08-28 16:26 PST,Gen-3 Champ-Elite (Gen-2 Champ-Elite (Agent-5 (PINN-AdaptiveBayesian))),27.37,25.9,1.47,31.71,30.2,1.51,52.1%,3.92,0.4,3.6,3.44,16.3,43.0,26.6,
Gen 3,Min 27,2026-08-28 16:27 PST,Gen-3 Champ-Elite (Gen-2 Champ-Elite (Agent-5 (PINN-AdaptiveBayesian))),27.31,25.9,1.41,31.66,30.2,1.46,52.2%,3.94,0.4,3.61,3.44,17.0,43.0,27.2,
Gen 3,Min 28,2026-08-28 16:28 PST,Gen-3 Champ-Elite (Gen-2 Champ-Elite (Agent-5 (PINN-AdaptiveBayesian))),27.26,25.9,1.36,31.63,30.2,1.43,52.2%,3.97,0.4,3.62,3.44,17.8,43.0,26.5,
Gen 3,Min 29,2026-08-28 16:29 PST,Gen-3 Champ-Elite (Gen-2 Champ-Elite (Agent-5 (PINN-AdaptiveBayesian))),27.21,25.9,1.31,31.59,30.2,1.39,52.3%,3.99,0.4,3.62,3.44,18.5,43.0,29.8,
Gen 3,Min 30,2026-08-28 16:30 PST,Gen-3 Champ-Elite (Gen-2 Champ-Elite (Agent-5 (PINN-AdaptiveBayesian))),27.16,25.9,1.26,31.55,30.2,1.35,52.4%,4.01,0.4,3.63,3.44,19.2,42.9,29.1,15-MIN CHECKPOINT (Min 30)
Gen 3,Min 31,2026-08-28 16:31 PST,Gen-3 Champ-Elite (Gen-2 Champ-Elite (Agent-5 (PINN-AdaptiveBayesian))),27.11,25.9,1.21,31.52,30.2,1.32,52.5%,4.04,0.4,3.64,3.44,20.0,42.9,26.2,
Gen 3,Min 32,2026-08-28 16:32 PST,Gen-3 Champ-Elite (Gen-2 Champ-Elite (Agent-5 (PINN-AdaptiveBayesian))),27.06,25.9,1.16,31.48,30.2,1.28,52.6%,4.06,0.4,3.65,3.44,20.7,42.9,26.5,
Gen 3,Min 33,2026-08-28 16:33 PST,Gen-3 Champ-Elite (Gen-2 Champ-Elite (Agent-5 (PINN-AdaptiveBayesian))),27.01,25.9,1.11,31.45,30.2,1.25,52.7%,4.08,0.4,3.65,3.44,21.5,42.9,27.6,
Gen 3,Min 34,2026-08-28 16:34 PST,Gen-3 Champ-Elite (Gen-2 Champ-Elite (Agent-5 (PINN-AdaptiveBayesian))),26.96,25.9,1.06,31.41,30.2,1.21,52.8%,4.11,0.4,3.66,3.44,22.2,42.9,26.0,
Gen 3,Min 35,2026-08-28 16:35 PST,Gen-3 Champ-Elite (Gen-2 Champ-Elite (Agent-5 (PINN-AdaptiveBayesian))),26.91,25.9,1.01,31.38,30.2,1.18,52.8%,4.13,0.4,3.67,3.44,23.0,42.9,26.5,
Gen 3,Min 36,2026-08-28 16:36 PST,Gen-3 Champ-Elite (Gen-2 Champ-Elite (Agent-5 (PINN-AdaptiveBayesian))),26.87,25.9,0.97,31.35,30.2,1.15,52.9%,4.16,0.4,3.68,3.44,23.8,42.8,25.5,
Gen 3,Min 37,2026-08-28 16:37 PST,Gen-3 Champ-Elite (Gen-2 Champ-Elite (Agent-5 (PINN-AdaptiveBayesian))),26.82,25.9,0.92,31.32,30.2,1.12,53.0%,4.18,0.4,3.69,3.44,24.5,42.8,24.6,
Gen 3,Min 38,2026-08-28 16:38 PST,Gen-3 Champ-Elite (Gen-2 Champ-Elite (Agent-5 (PINN-AdaptiveBayesian))),26.78,25.9,0.88,31.29,30.2,1.09,53.1%,4.2,0.4,3.69,3.44,25.3,42.8,25.5,
Gen 3,Min 39,2026-08-28 16:39 PST,Gen-3 Champ-Elite (Gen-2 Champ-Elite (Agent-5 (PINN-AdaptiveBayesian))),26.74,25.9,0.84,31.26,30.2,1.06,53.2%,4.23,0.4,3.7,3.44,26.0,42.8,24.2,
Gen 3,Min 40,2026-08-28 16:40 PST,Gen-3 Champ-Elite (Gen-2 Champ-Elite (Agent-5 (PINN-AdaptiveBayesian))),26.7,25.9,0.8,31.24,30.2,1.04,53.3%,4.25,0.4,3.71,3.44,26.8,42.8,24.0,
Gen 3,Min 41,2026-08-28 16:41 PST,Gen-3 Champ-Elite (Gen-2 Champ-Elite (Agent-5 (PINN-AdaptiveBayesian))),26.66,25.9,0.76,31.21,30.2,1.01,53.4%,4.28,0.4,3.72,3.44,27.6,42.8,25.1,
Gen 3,Min 42,2026-08-28 16:42 PST,Gen-3 Champ-Elite (Gen-2 Champ-Elite (Agent-5 (PINN-AdaptiveBayesian))),26.62,25.9,0.72,31.19,30.2,0.99,53.5%,4.3,0.4,3.72,3.44,28.3,42.8,24.4,
Gen 3,Min 43,2026-08-28 16:43 PST,Gen-3 Champ-Elite (Gen-2 Champ-Elite (Agent-5 (PINN-AdaptiveBayesian))),26.58,25.9,0.68,31.16,30.2,0.96,53.6%,4.32,0.4,3.73,3.44,29.1,42.8,24.4,
Gen 3,Min 44,2026-08-28 16:44 PST,Gen-3 Champ-Elite (Gen-2 Champ-Elite (Agent-5 (PINN-AdaptiveBayesian))),26.54,25.9,0.64,31.14,30.2,0.94,53.6%,4.35,0.4,3.74,3.44,29.9,42.7,24.3,
Gen 3,Min 45,2026-08-28 16:45 PST,Gen-3 Champ-Elite (Gen-2 Champ-Elite (Agent-5 (PINN-AdaptiveBayesian))),26.51,25.9,0.61,31.12,30.2,0.92,53.7%,4.37,0.4,3.75,3.44,30.7,42.7,24.4,15-MIN CHECKPOINT (Min 45)
Gen 3,Min 46,2026-08-28 16:46 PST,Gen-3 Champ-Elite (Gen-2 Champ-Elite (Agent-5 (PINN-AdaptiveBayesian))),26.47,25.9,0.57,31.1,30.2,0.9,53.8%,4.4,0.4,3.75,3.44,31.5,42.7,24.6,
Gen 3,Min 47,2026-08-28 16:47 PST,Gen-3 Champ-Elite (Gen-2 Champ-Elite (Agent-5 (PINN-AdaptiveBayesian))),26.44,25.9,0.54,31.08,30.2,0.88,53.9%,4.42,0.4,3.76,3.44,32.2,42.7,24.3,
Gen 3,Min 48,2026-08-28 16:48 PST,Gen-3 Champ-Elite (Gen-2 Champ-Elite (Agent-5 (PINN-AdaptiveBayesian))),26.41,25.9,0.51,31.06,30.2,0.86,54.0%,4.45,0.4,3.77,3.44,33.0,42.7,24.6,
Gen 3,Min 49,2026-08-28 16:49 PST,Gen-3 Champ-Elite (Gen-2 Champ-Elite (Agent-5 (PINN-AdaptiveBayesian))),26.37,25.9,0.47,31.04,30.2,0.84,54.1%,4.47,0.4,3.78,3.44,33.8,42.7,24.5,
Gen 3,Min 50,2026-08-28 16:50 PST,Gen-3 Champ-Elite (Gen-2 Champ-Elite (Agent-5 (PINN-AdaptiveBayesian))),26.34,25.9,0.44,31.02,30.2,0.82,54.2%,4.49,0.4,3.79,3.44,34.6,42.7,24.6,
Gen 3,Min 51,2026-08-28 16:51 PST,Gen-3 Champ-Elite (Gen-2 Champ-Elite (Agent-5 (PINN-AdaptiveBayesian))),26.31,25.9,0.41,31.01,30.2,0.81,54.3%,4.52,0.4,3.79,3.44,35.4,42.7,24.4,
Gen 3,Min 52,2026-08-28 16:52 PST,Gen-3 Champ-Elite (Gen-2 Champ-Elite (Agent-5 (PINN-AdaptiveBayesian))),26.27,25.9,0.37,30.98,30.2,0.78,54.4%,4.54,0.4,3.8,3.44,36.2,42.7,23.9,
Gen 3,Min 53,2026-08-28 16:53 PST,Gen-3 Champ-Elite (Gen-2 Champ-Elite (Agent-5 (PINN-AdaptiveBayesian))),26.24,25.9,0.34,30.97,30.2,0.77,54.5%,4.57,0.4,3.81,3.44,37.0,42.6,24.3,
Gen 3,Min 54,2026-08-28 16:54 PST,Gen-3 Champ-Elite (Gen-2 Champ-Elite (Agent-5 (PINN-AdaptiveBayesian))),26.21,25.9,0.31,30.95,30.2,0.75,54.5%,4.59,0.4,3.82,3.44,37.8,42.6,25.1,
Gen 3,Min 55,2026-08-28 16:55 PST,Gen-3 Champ-Elite (Gen-2 Champ-Elite (Agent-5 (PINN-AdaptiveBayesian))),26.17,25.9,0.27,30.93,30.2,0.73,54.6%,4.62,0.4,3.83,3.44,38.6,42.6,25.9,
Gen 3,Min 56,2026-08-28 16:56 PST,Gen-3 Champ-Elite (Gen-2 Champ-Elite (Agent-5 (PINN-AdaptiveBayesian))),26.14,25.9,0.24,30.91,30.2,0.71,54.7%,4.64,0.4,3.83,3.44,39.4,42.6,24.5,
Gen 3,Min 57,2026-08-28 16:57 PST,Gen-3 Champ-Elite (Gen-2 Champ-Elite (Agent-5 (PINN-AdaptiveBayesian))),26.1,25.9,0.2,30.88,30.2,0.68,54.8%,4.67,0.4,3.84,3.44,40.2,42.6,24.5,
Gen 3,Min 58,2026-08-28 16:58 PST,Gen-3 Champ-Elite (Gen-2 Champ-Elite (Agent-5 (PINN-AdaptiveBayesian))),26.06,25.9,0.16,30.86,30.2,0.66,54.9%,4.69,0.4,3.85,3.44,41.0,42.6,25.5,
Gen 3,Min 59,2026-08-28 16:59 PST,Gen-3 Champ-Elite (Gen-2 Champ-Elite (Agent-5 (PINN-AdaptiveBayesian))),26.03,25.9,0.13,30.84,30.2,0.64,55.0%,4.72,0.4,3.86,3.44,41.9,42.6,25.9,
Gen 3,Min 60,2026-08-28 17:00 PST,Gen-3 Champ-Elite (Gen-2 Champ-Elite (Agent-5 (PINN-AdaptiveBayesian))),25.99,25.9,0.09,30.82,30.2,0.62,55.1%,4.74,0.4,3.87,3.44,42.7,42.6,25.4,15-MIN CHECKPOINT (Min 60)
Gen 3,Min 01,2026-08-28 16:01 PST,Gen-3 Fast-LCL-Mutant,28.47,25.9,2.57,32.44,30.2,2.24,50.1%,3.37,0.4,3.43,3.44,1.3,43.4,38.8,
Gen 3,Min 02,2026-08-28 16:02 PST,Gen-3 Fast-LCL-Mutant,28.43,25.9,2.53,32.42,30.2,2.22,50.2%,3.39,0.4,3.43,3.44,0.6,43.3,26.2,
Gen 3,Min 03,2026-08-28 16:03 PST,Gen-3 Fast-LCL-Mutant,28.4,25.9,2.5,32.4,30.2,2.2,50.2%,3.41,0.4,3.44,3.44,0.0,43.3,25.1,
Gen 3,Min 04,2026-08-28 16:04 PST,Gen-3 Fast-LCL-Mutant,28.37,25.9,2.47,32.39,30.2,2.19,50.3%,3.44,0.4,3.45,3.44,0.7,43.3,24.5,
Gen 3,Min 05,2026-08-28 16:05 PST,Gen-3 Fast-LCL-Mutant,28.33,25.9,2.43,32.36,30.2,2.16,50.4%,3.46,0.4,3.45,3.44,1.4,43.3,26.7,
Gen 3,Min 06,2026-08-28 16:06 PST,Gen-3 Fast-LCL-Mutant,28.29,25.9,2.39,32.34,30.2,2.14,50.5%,3.48,0.4,3.46,3.44,2.1,43.3,25.5,
Gen 3,Min 07,2026-08-28 16:07 PST,Gen-3 Fast-LCL-Mutant,28.26,25.9,2.36,32.32,30.2,2.12,50.6%,3.5,0.4,3.47,3.44,2.8,43.3,24.6,
Gen 3,Min 08,2026-08-28 16:08 PST,Gen-3 Fast-LCL-Mutant,28.22,25.9,2.32,32.3,30.2,2.1,50.6%,3.52,0.4,3.48,3.44,3.5,43.3,24.7,
Gen 3,Min 09,2026-08-28 16:09 PST,Gen-3 Fast-LCL-Mutant,28.18,25.9,2.28,32.27,30.2,2.07,50.7%,3.54,0.4,3.48,3.44,4.2,43.3,24.2,
Gen 3,Min 10,2026-08-28 16:10 PST,Gen-3 Fast-LCL-Mutant,28.14,25.9,2.24,32.24,30.2,2.04,50.8%,3.57,0.4,3.49,3.44,4.9,43.3,25.1,
Gen 3,Min 11,2026-08-28 16:11 PST,Gen-3 Fast-LCL-Mutant,28.1,25.9,2.2,32.22,30.2,2.02,50.9%,3.59,0.4,3.5,3.44,5.6,43.2,26.1,
Gen 3,Min 12,2026-08-28 16:12 PST,Gen-3 Fast-LCL-Mutant,28.06,25.9,2.16,32.19,30.2,1.99,51.0%,3.61,0.4,3.5,3.44,6.3,43.2,24.8,
Gen 3,Min 13,2026-08-28 16:13 PST,Gen-3 Fast-LCL-Mutant,28.02,25.9,2.12,32.17,30.2,1.97,51.0%,3.63,0.4,3.51,3.44,7.0,43.2,25.8,
Gen 3,Min 14,2026-08-28 16:14 PST,Gen-3 Fast-LCL-Mutant,27.97,25.9,2.07,32.13,30.2,1.93,51.1%,3.66,0.4,3.52,3.44,7.7,43.2,26.5,
Gen 3,Min 15,2026-08-28 16:15 PST,Gen-3 Fast-LCL-Mutant,27.93,25.9,2.03,32.11,30.2,1.91,51.2%,3.68,0.4,3.52,3.44,8.4,43.2,25.2,15-MIN CHECKPOINT (Min 15)
Gen 3,Min 16,2026-08-28 16:16 PST,Gen-3 Fast-LCL-Mutant,27.88,25.9,1.98,32.07,30.2,1.87,51.3%,3.7,0.4,3.53,3.44,9.1,43.2,24.3,
Gen 3,Min 17,2026-08-28 16:17 PST,Gen-3 Fast-LCL-Mutant,27.83,25.9,1.93,32.04,30.2,1.84,51.4%,3.72,0.4,3.54,3.44,9.8,43.2,23.9,
Gen 3,Min 18,2026-08-28 16:18 PST,Gen-3 Fast-LCL-Mutant,27.78,25.9,1.88,32.0,30.2,1.8,51.5%,3.75,0.4,3.54,3.44,10.5,43.1,25.7,
Gen 3,Min 19,2026-08-28 16:19 PST,Gen-3 Fast-LCL-Mutant,27.73,25.9,1.83,31.96,30.2,1.76,51.5%,3.77,0.4,3.55,3.44,11.2,43.1,30.6,
Gen 3,Min 20,2026-08-28 16:20 PST,Gen-3 Fast-LCL-Mutant,27.68,25.9,1.78,31.93,30.2,1.73,51.6%,3.79,0.4,3.56,3.44,12.0,43.1,30.4,
Gen 3,Min 21,2026-08-28 16:21 PST,Gen-3 Fast-LCL-Mutant,27.63,25.9,1.73,31.89,30.2,1.69,51.7%,3.81,0.4,3.57,3.44,12.7,43.1,25.4,
Gen 3,Min 22,2026-08-28 16:22 PST,Gen-3 Fast-LCL-Mutant,27.58,25.9,1.68,31.86,30.2,1.66,51.8%,3.84,0.4,3.57,3.44,13.4,43.1,24.8,
Gen 3,Min 23,2026-08-28 16:23 PST,Gen-3 Fast-LCL-Mutant,27.52,25.9,1.62,31.81,30.2,1.61,51.9%,3.86,0.4,3.58,3.44,14.1,43.1,25.1,
Gen 3,Min 24,2026-08-28 16:24 PST,Gen-3 Fast-LCL-Mutant,27.47,25.9,1.57,31.78,30.2,1.58,52.0%,3.88,0.4,3.59,3.44,14.9,43.0,24.6,
Gen 3,Min 25,2026-08-28 16:25 PST,Gen-3 Fast-LCL-Mutant,27.42,25.9,1.52,31.74,30.2,1.54,52.0%,3.91,0.4,3.6,3.44,15.6,43.0,25.5,
Gen 3,Min 26,2026-08-28 16:26 PST,Gen-3 Fast-LCL-Mutant,27.36,25.9,1.46,31.7,30.2,1.5,52.1%,3.93,0.4,3.6,3.44,16.3,43.0,24.7,
Gen 3,Min 27,2026-08-28 16:27 PST,Gen-3 Fast-LCL-Mutant,27.31,25.9,1.41,31.66,30.2,1.46,52.2%,3.95,0.4,3.61,3.44,17.1,43.0,25.1,
Gen 3,Min 28,2026-08-28 16:28 PST,Gen-3 Fast-LCL-Mutant,27.26,25.9,1.36,31.63,30.2,1.43,52.3%,3.98,0.4,3.62,3.44,17.8,43.0,24.5,
Gen 3,Min 29,2026-08-28 16:29 PST,Gen-3 Fast-LCL-Mutant,27.21,25.9,1.31,31.59,30.2,1.39,52.4%,4.0,0.4,3.63,3.44,18.6,43.0,24.6,
Gen 3,Min 30,2026-08-28 16:30 PST,Gen-3 Fast-LCL-Mutant,27.15,25.9,1.25,31.54,30.2,1.34,52.5%,4.02,0.4,3.63,3.44,19.3,42.9,24.4,15-MIN CHECKPOINT (Min 30)
Gen 3,Min 31,2026-08-28 16:31 PST,Gen-3 Fast-LCL-Mutant,27.1,25.9,1.2,31.51,30.2,1.31,52.6%,4.05,0.4,3.64,3.44,20.0,42.9,25.3,
Gen 3,Min 32,2026-08-28 16:32 PST,Gen-3 Fast-LCL-Mutant,27.05,25.9,1.15,31.47,30.2,1.27,52.7%,4.07,0.4,3.65,3.44,20.8,42.9,25.4,
Gen 3,Min 33,2026-08-28 16:33 PST,Gen-3 Fast-LCL-Mutant,27.0,25.9,1.1,31.44,30.2,1.24,52.8%,4.1,0.4,3.66,3.44,21.6,42.9,25.0,
Gen 3,Min 34,2026-08-28 16:34 PST,Gen-3 Fast-LCL-Mutant,26.95,25.9,1.05,31.4,30.2,1.2,52.8%,4.12,0.4,3.66,3.44,22.3,42.9,24.9,
Gen 3,Min 35,2026-08-28 16:35 PST,Gen-3 Fast-LCL-Mutant,26.91,25.9,1.01,31.38,30.2,1.18,52.9%,4.14,0.4,3.67,3.44,23.1,42.9,24.6,
Gen 3,Min 36,2026-08-28 16:36 PST,Gen-3 Fast-LCL-Mutant,26.86,25.9,0.96,31.34,30.2,1.14,53.0%,4.17,0.4,3.68,3.44,23.8,42.8,26.8,
Gen 3,Min 37,2026-08-28 16:37 PST,Gen-3 Fast-LCL-Mutant,26.82,25.9,0.92,31.32,30.2,1.12,53.1%,4.19,0.4,3.69,3.44,24.6,42.8,25.6,
Gen 3,Min 38,2026-08-28 16:38 PST,Gen-3 Fast-LCL-Mutant,26.77,25.9,0.87,31.28,30.2,1.08,53.2%,4.22,0.4,3.69,3.44,25.4,42.8,27.0,
Gen 3,Min 39,2026-08-28 16:39 PST,Gen-3 Fast-LCL-Mutant,26.73,25.9,0.83,31.25,30.2,1.05,53.3%,4.24,0.4,3.7,3.44,26.1,42.8,25.2,
Gen 3,Min 40,2026-08-28 16:40 PST,Gen-3 Fast-LCL-Mutant,26.69,25.9,0.79,31.23,30.2,1.03,53.4%,4.26,0.4,3.71,3.44,26.9,42.8,25.3,
Gen 3,Min 41,2026-08-28 16:41 PST,Gen-3 Fast-LCL-Mutant,26.65,25.9,0.75,31.2,30.2,1.0,53.5%,4.29,0.4,3.72,3.44,27.7,42.8,25.0,
Gen 3,Min 42,2026-08-28 16:42 PST,Gen-3 Fast-LCL-Mutant,26.61,25.9,0.71,31.18,30.2,0.98,53.6%,4.31,0.4,3.73,3.44,28.5,42.8,25.2,
Gen 3,Min 43,2026-08-28 16:43 PST,Gen-3 Fast-LCL-Mutant,26.57,25.9,0.67,31.15,30.2,0.95,53.7%,4.34,0.4,3.73,3.44,29.2,42.8,24.6,
Gen 3,Min 44,2026-08-28 16:44 PST,Gen-3 Fast-LCL-Mutant,26.54,25.9,0.64,31.14,30.2,0.94,53.7%,4.36,0.4,3.74,3.44,30.0,42.7,24.7,
Gen 3,Min 45,2026-08-28 16:45 PST,Gen-3 Fast-LCL-Mutant,26.5,25.9,0.6,31.11,30.2,0.91,53.8%,4.39,0.4,3.75,3.44,30.8,42.7,25.1,15-MIN CHECKPOINT (Min 45)
Gen 3,Min 46,2026-08-28 16:46 PST,Gen-3 Fast-LCL-Mutant,26.46,25.9,0.56,31.09,30.2,0.89,53.9%,4.41,0.4,3.76,3.44,31.6,42.7,25.1,
Gen 3,Min 47,2026-08-28 16:47 PST,Gen-3 Fast-LCL-Mutant,26.43,25.9,0.53,31.07,30.2,0.87,54.0%,4.44,0.4,3.76,3.44,32.4,42.7,24.6,
Gen 3,Min 48,2026-08-28 16:48 PST,Gen-3 Fast-LCL-Mutant,26.4,25.9,0.5,31.05,30.2,0.85,54.1%,4.46,0.4,3.77,3.44,33.2,42.7,25.1,
Gen 3,Min 49,2026-08-28 16:49 PST,Gen-3 Fast-LCL-Mutant,26.36,25.9,0.46,31.03,30.2,0.83,54.2%,4.48,0.4,3.78,3.44,34.0,42.7,25.9,
Gen 3,Min 50,2026-08-28 16:50 PST,Gen-3 Fast-LCL-Mutant,26.33,25.9,0.43,31.01,30.2,0.81,54.3%,4.51,0.4,3.79,3.44,34.8,42.7,26.0,
Gen 3,Min 51,2026-08-28 16:51 PST,Gen-3 Fast-LCL-Mutant,26.3,25.9,0.4,31.0,30.2,0.8,54.4%,4.53,0.4,3.8,3.44,35.6,42.7,25.7,
Gen 3,Min 52,2026-08-28 16:52 PST,Gen-3 Fast-LCL-Mutant,26.26,25.9,0.36,30.97,30.2,0.77,54.5%,4.56,0.4,3.8,3.44,36.4,42.7,24.9,
Gen 3,Min 53,2026-08-28 16:53 PST,Gen-3 Fast-LCL-Mutant,26.23,25.9,0.33,30.96,30.2,0.76,54.6%,4.58,0.4,3.81,3.44,37.2,42.6,26.6,
Gen 3,Min 54,2026-08-28 16:54 PST,Gen-3 Fast-LCL-Mutant,26.19,25.9,0.29,30.93,30.2,0.73,54.6%,4.61,0.4,3.82,3.44,38.0,42.6,27.1,
Gen 3,Min 55,2026-08-28 16:55 PST,Gen-3 Fast-LCL-Mutant,26.16,25.9,0.26,30.92,30.2,0.72,54.7%,4.63,0.4,3.83,3.44,38.8,42.6,26.6,
Gen 3,Min 56,2026-08-28 16:56 PST,Gen-3 Fast-LCL-Mutant,26.12,25.9,0.22,30.89,30.2,0.69,54.8%,4.66,0.4,3.84,3.44,39.6,42.6,24.9,
Gen 3,Min 57,2026-08-28 16:57 PST,Gen-3 Fast-LCL-Mutant,26.09,25.9,0.19,30.87,30.2,0.67,54.9%,4.68,0.4,3.84,3.44,40.4,42.6,24.9,
Gen 3,Min 58,2026-08-28 16:58 PST,Gen-3 Fast-LCL-Mutant,26.05,25.9,0.15,30.85,30.2,0.65,55.0%,4.71,0.4,3.85,3.44,41.2,42.6,24.4,
Gen 3,Min 59,2026-08-28 16:59 PST,Gen-3 Fast-LCL-Mutant,26.01,25.9,0.11,30.82,30.2,0.62,55.1%,4.73,0.4,3.86,3.44,42.1,42.6,25.3,
Gen 3,Min 60,2026-08-28 17:00 PST,Gen-3 Fast-LCL-Mutant,25.97,25.9,0.07,30.8,30.2,0.6,55.2%,4.76,0.4,3.87,3.44,42.9,42.6,25.1,15-MIN CHECKPOINT (Min 60)
Gen 3,Min 01,2026-08-28 16:01 PST,Gen-3 Diurnal-Stabilized,28.47,25.9,2.57,32.44,30.2,2.24,50.1%,3.37,0.4,3.43,3.44,1.3,43.4,38.2,
Gen 3,Min 02,2026-08-28 16:02 PST,Gen-3 Diurnal-Stabilized,28.43,25.9,2.53,32.42,30.2,2.22,50.1%,3.39,0.4,3.43,3.44,0.6,43.3,25.8,
Gen 3,Min 03,2026-08-28 16:03 PST,Gen-3 Diurnal-Stabilized,28.4,25.9,2.5,32.4,30.2,2.2,50.2%,3.41,0.4,3.44,3.44,0.0,43.3,27.1,
Gen 3,Min 04,2026-08-28 16:04 PST,Gen-3 Diurnal-Stabilized,28.37,25.9,2.47,32.39,30.2,2.19,50.3%,3.43,0.4,3.45,3.44,0.7,43.3,25.4,
Gen 3,Min 05,2026-08-28 16:05 PST,Gen-3 Diurnal-Stabilized,28.33,25.9,2.43,32.36,30.2,2.16,50.4%,3.45,0.4,3.45,3.44,1.4,43.3,25.5,
Gen 3,Min 06,2026-08-28 16:06 PST,Gen-3 Diurnal-Stabilized,28.29,25.9,2.39,32.34,30.2,2.14,50.4%,3.47,0.4,3.46,3.44,2.1,43.3,26.1,
Gen 3,Min 07,2026-08-28 16:07 PST,Gen-3 Diurnal-Stabilized,28.26,25.9,2.36,32.32,30.2,2.12,50.5%,3.49,0.4,3.47,3.44,2.8,43.3,27.0,
Gen 3,Min 08,2026-08-28 16:08 PST,Gen-3 Diurnal-Stabilized,28.22,25.9,2.32,32.3,30.2,2.1,50.6%,3.51,0.4,3.48,3.44,3.5,43.3,25.4,
Gen 3,Min 09,2026-08-28 16:09 PST,Gen-3 Diurnal-Stabilized,28.18,25.9,2.28,32.27,30.2,2.07,50.6%,3.53,0.4,3.48,3.44,4.2,43.3,28.7,
Gen 3,Min 10,2026-08-28 16:10 PST,Gen-3 Diurnal-Stabilized,28.14,25.9,2.24,32.24,30.2,2.04,50.7%,3.55,0.4,3.49,3.44,4.8,43.3,27.5,
Gen 3,Min 11,2026-08-28 16:11 PST,Gen-3 Diurnal-Stabilized,28.1,25.9,2.2,32.22,30.2,2.02,50.8%,3.57,0.4,3.5,3.44,5.5,43.2,27.9,
Gen 3,Min 12,2026-08-28 16:12 PST,Gen-3 Diurnal-Stabilized,28.06,25.9,2.16,32.19,30.2,1.99,50.8%,3.59,0.4,3.5,3.44,6.2,43.2,28.3,
Gen 3,Min 13,2026-08-28 16:13 PST,Gen-3 Diurnal-Stabilized,28.02,25.9,2.12,32.17,30.2,1.97,50.9%,3.62,0.4,3.51,3.44,6.9,43.2,25.3,
Gen 3,Min 14,2026-08-28 16:14 PST,Gen-3 Diurnal-Stabilized,27.97,25.9,2.07,32.13,30.2,1.93,51.0%,3.64,0.4,3.52,3.44,7.6,43.2,25.0,
Gen 3,Min 15,2026-08-28 16:15 PST,Gen-3 Diurnal-Stabilized,27.93,25.9,2.03,32.11,30.2,1.91,51.0%,3.66,0.4,3.52,3.44,8.3,43.2,25.6,15-MIN CHECKPOINT (Min 15)
Gen 3,Min 16,2026-08-28 16:16 PST,Gen-3 Diurnal-Stabilized,27.88,25.9,1.98,32.07,30.2,1.87,51.1%,3.68,0.4,3.53,3.44,9.1,43.2,24.6,
Gen 3,Min 17,2026-08-28 16:17 PST,Gen-3 Diurnal-Stabilized,27.83,25.9,1.93,32.04,30.2,1.84,51.2%,3.7,0.4,3.54,3.44,9.8,43.2,24.9,
Gen 3,Min 18,2026-08-28 16:18 PST,Gen-3 Diurnal-Stabilized,27.78,25.9,1.88,32.0,30.2,1.8,51.3%,3.72,0.4,3.54,3.44,10.5,43.1,25.2,
Gen 3,Min 19,2026-08-28 16:19 PST,Gen-3 Diurnal-Stabilized,27.73,25.9,1.83,31.96,30.2,1.76,51.3%,3.74,0.4,3.55,3.44,11.2,43.1,24.8,
Gen 3,Min 20,2026-08-28 16:20 PST,Gen-3 Diurnal-Stabilized,27.68,25.9,1.78,31.93,30.2,1.73,51.4%,3.76,0.4,3.56,3.44,11.9,43.1,24.4,
Gen 3,Min 21,2026-08-28 16:21 PST,Gen-3 Diurnal-Stabilized,27.63,25.9,1.73,31.89,30.2,1.69,51.5%,3.78,0.4,3.57,3.44,12.6,43.1,24.6,
Gen 3,Min 22,2026-08-28 16:22 PST,Gen-3 Diurnal-Stabilized,27.58,25.9,1.68,31.86,30.2,1.66,51.5%,3.8,0.4,3.57,3.44,13.3,43.1,24.6,
Gen 3,Min 23,2026-08-28 16:23 PST,Gen-3 Diurnal-Stabilized,27.52,25.9,1.62,31.81,30.2,1.61,51.6%,3.82,0.4,3.58,3.44,14.1,43.1,24.2,
Gen 3,Min 24,2026-08-28 16:24 PST,Gen-3 Diurnal-Stabilized,27.47,25.9,1.57,31.78,30.2,1.58,51.7%,3.84,0.4,3.59,3.44,14.8,43.0,25.1,
Gen 3,Min 25,2026-08-28 16:25 PST,Gen-3 Diurnal-Stabilized,27.42,25.9,1.52,31.74,30.2,1.54,51.7%,3.86,0.4,3.6,3.44,15.5,43.0,24.5,
Gen 3,Min 26,2026-08-28 16:26 PST,Gen-3 Diurnal-Stabilized,27.36,25.9,1.46,31.7,30.2,1.5,51.8%,3.88,0.4,3.6,3.44,16.2,43.0,26.9,
Gen 3,Min 27,2026-08-28 16:27 PST,Gen-3 Diurnal-Stabilized,27.31,25.9,1.41,31.66,30.2,1.46,51.9%,3.91,0.4,3.61,3.44,17.0,43.0,29.3,
Gen 3,Min 28,2026-08-28 16:28 PST,Gen-3 Diurnal-Stabilized,27.26,25.9,1.36,31.63,30.2,1.43,51.9%,3.93,0.4,3.62,3.44,17.7,43.0,27.0,
Gen 3,Min 29,2026-08-28 16:29 PST,Gen-3 Diurnal-Stabilized,27.21,25.9,1.31,31.59,30.2,1.39,52.0%,3.95,0.4,3.62,3.44,18.4,43.0,27.1,
Gen 3,Min 30,2026-08-28 16:30 PST,Gen-3 Diurnal-Stabilized,27.15,25.9,1.25,31.54,30.2,1.34,52.1%,3.97,0.4,3.63,3.44,19.1,42.9,30.0,15-MIN CHECKPOINT (Min 30)
Gen 3,Min 31,2026-08-28 16:31 PST,Gen-3 Diurnal-Stabilized,27.1,25.9,1.2,31.51,30.2,1.31,52.1%,3.99,0.4,3.64,3.44,19.9,42.9,25.2,
Gen 3,Min 32,2026-08-28 16:32 PST,Gen-3 Diurnal-Stabilized,27.05,25.9,1.15,31.47,30.2,1.27,52.2%,4.01,0.4,3.65,3.44,20.6,42.9,25.1,
Gen 3,Min 33,2026-08-28 16:33 PST,Gen-3 Diurnal-Stabilized,27.0,25.9,1.1,31.44,30.2,1.24,52.3%,4.03,0.4,3.65,3.44,21.4,42.9,24.6,
Gen 3,Min 34,2026-08-28 16:34 PST,Gen-3 Diurnal-Stabilized,26.96,25.9,1.06,31.41,30.2,1.21,52.3%,4.05,0.4,3.66,3.44,22.1,42.9,24.7,
Gen 3,Min 35,2026-08-28 16:35 PST,Gen-3 Diurnal-Stabilized,26.91,25.9,1.01,31.38,30.2,1.18,52.4%,4.07,0.4,3.67,3.44,22.8,42.9,24.6,
Gen 3,Min 36,2026-08-28 16:36 PST,Gen-3 Diurnal-Stabilized,26.86,25.9,0.96,31.34,30.2,1.14,52.5%,4.09,0.4,3.68,3.44,23.6,42.8,26.4,
Gen 3,Min 37,2026-08-28 16:37 PST,Gen-3 Diurnal-Stabilized,26.82,25.9,0.92,31.32,30.2,1.12,52.5%,4.11,0.4,3.68,3.44,24.3,42.8,25.6,
Gen 3,Min 38,2026-08-28 16:38 PST,Gen-3 Diurnal-Stabilized,26.77,25.9,0.87,31.28,30.2,1.08,52.6%,4.14,0.4,3.69,3.44,25.1,42.8,40.4,
Gen 3,Min 39,2026-08-28 16:39 PST,Gen-3 Diurnal-Stabilized,26.73,25.9,0.83,31.25,30.2,1.05,52.7%,4.16,0.4,3.7,3.44,25.8,42.8,40.9,
Gen 3,Min 40,2026-08-28 16:40 PST,Gen-3 Diurnal-Stabilized,26.69,25.9,0.79,31.23,30.2,1.03,52.7%,4.18,0.4,3.71,3.44,26.6,42.8,40.5,
Gen 3,Min 41,2026-08-28 16:41 PST,Gen-3 Diurnal-Stabilized,26.65,25.9,0.75,31.2,30.2,1.0,52.8%,4.2,0.4,3.71,3.44,27.4,42.8,40.3,
Gen 3,Min 42,2026-08-28 16:42 PST,Gen-3 Diurnal-Stabilized,26.61,25.9,0.71,31.18,30.2,0.98,52.9%,4.22,0.4,3.72,3.44,28.1,42.8,40.0,
Gen 3,Min 43,2026-08-28 16:43 PST,Gen-3 Diurnal-Stabilized,26.57,25.9,0.67,31.15,30.2,0.95,52.9%,4.24,0.4,3.73,3.44,28.9,42.8,40.1,
Gen 3,Min 44,2026-08-28 16:44 PST,Gen-3 Diurnal-Stabilized,26.54,25.9,0.64,31.14,30.2,0.94,53.0%,4.26,0.4,3.74,3.44,29.6,42.7,40.8,
Gen 3,Min 45,2026-08-28 16:45 PST,Gen-3 Diurnal-Stabilized,26.5,25.9,0.6,31.11,30.2,0.91,53.1%,4.28,0.4,3.74,3.44,30.4,42.7,41.4,15-MIN CHECKPOINT (Min 45)
Gen 3,Min 46,2026-08-28 16:46 PST,Gen-3 Diurnal-Stabilized,26.47,25.9,0.57,31.1,30.2,0.9,53.1%,4.3,0.4,3.75,3.44,31.2,42.7,41.2,
Gen 3,Min 47,2026-08-28 16:47 PST,Gen-3 Diurnal-Stabilized,26.43,25.9,0.53,31.07,30.2,0.87,53.2%,4.32,0.4,3.76,3.44,31.9,42.7,40.6,
Gen 3,Min 48,2026-08-28 16:48 PST,Gen-3 Diurnal-Stabilized,26.4,25.9,0.5,31.05,30.2,0.85,53.3%,4.35,0.4,3.77,3.44,32.7,42.7,41.7,
Gen 3,Min 49,2026-08-28 16:49 PST,Gen-3 Diurnal-Stabilized,26.36,25.9,0.46,31.03,30.2,0.83,53.3%,4.37,0.4,3.77,3.44,33.5,42.7,39.9,
Gen 3,Min 50,2026-08-28 16:50 PST,Gen-3 Diurnal-Stabilized,26.33,25.9,0.43,31.01,30.2,0.81,53.4%,4.39,0.4,3.78,3.44,34.2,42.7,39.4,
Gen 3,Min 51,2026-08-28 16:51 PST,Gen-3 Diurnal-Stabilized,26.3,25.9,0.4,31.0,30.2,0.8,53.4%,4.41,0.4,3.79,3.44,35.0,42.7,39.4,
Gen 3,Min 52,2026-08-28 16:52 PST,Gen-3 Diurnal-Stabilized,26.26,25.9,0.36,30.97,30.2,0.77,53.5%,4.43,0.4,3.8,3.44,35.8,42.7,39.6,
Gen 3,Min 53,2026-08-28 16:53 PST,Gen-3 Diurnal-Stabilized,26.23,25.9,0.33,30.96,30.2,0.76,53.6%,4.45,0.4,3.81,3.44,36.6,42.6,48.3,
Gen 3,Min 54,2026-08-28 16:54 PST,Gen-3 Diurnal-Stabilized,26.2,25.9,0.3,30.94,30.2,0.74,53.6%,4.47,0.4,3.81,3.44,37.4,42.6,42.5,
Gen 3,Min 55,2026-08-28 16:55 PST,Gen-3 Diurnal-Stabilized,26.16,25.9,0.26,30.92,30.2,0.72,53.7%,4.49,0.4,3.82,3.44,38.1,42.6,40.4,
Gen 3,Min 56,2026-08-28 16:56 PST,Gen-3 Diurnal-Stabilized,26.13,25.9,0.23,30.9,30.2,0.7,53.8%,4.51,0.4,3.83,3.44,38.9,42.6,39.8,
Gen 3,Min 57,2026-08-28 16:57 PST,Gen-3 Diurnal-Stabilized,26.09,25.9,0.19,30.87,30.2,0.67,53.8%,4.53,0.4,3.84,3.44,39.7,42.6,40.1,
Gen 3,Min 58,2026-08-28 16:58 PST,Gen-3 Diurnal-Stabilized,26.05,25.9,0.15,30.85,30.2,0.65,53.9%,4.56,0.4,3.85,3.44,40.5,42.6,39.6,
Gen 3,Min 59,2026-08-28 16:59 PST,Gen-3 Diurnal-Stabilized,26.02,25.9,0.12,30.83,30.2,0.63,54.0%,4.58,0.4,3.85,3.44,41.3,42.6,39.4,
Gen 3,Min 60,2026-08-28 17:00 PST,Gen-3 Diurnal-Stabilized,25.98,25.9,0.08,30.81,30.2,0.61,54.0%,4.6,0.4,3.86,3.44,42.1,42.6,39.6,15-MIN CHECKPOINT (Min 60)
Gen 3,Min 01,2026-08-28 16:01 PST,Gen-3 Hydro-Coupled,28.47,25.9,2.57,32.44,30.2,2.24,50.1%,3.37,0.4,3.43,3.44,1.3,43.4,51.6,
Gen 3,Min 02,2026-08-28 16:02 PST,Gen-3 Hydro-Coupled,28.43,25.9,2.53,32.42,30.2,2.22,50.1%,3.39,0.4,3.43,3.44,0.6,43.3,42.1,
Gen 3,Min 03,2026-08-28 16:03 PST,Gen-3 Hydro-Coupled,28.4,25.9,2.5,32.4,30.2,2.2,50.2%,3.41,0.4,3.44,3.44,0.0,43.3,41.1,
Gen 3,Min 04,2026-08-28 16:04 PST,Gen-3 Hydro-Coupled,28.36,25.9,2.46,32.38,30.2,2.18,50.3%,3.43,0.4,3.45,3.44,0.7,43.3,40.3,
Gen 3,Min 05,2026-08-28 16:05 PST,Gen-3 Hydro-Coupled,28.33,25.9,2.43,32.36,30.2,2.16,50.3%,3.45,0.4,3.45,3.44,1.4,43.3,40.7,
Gen 3,Min 06,2026-08-28 16:06 PST,Gen-3 Hydro-Coupled,28.29,25.9,2.39,32.34,30.2,2.14,50.4%,3.47,0.4,3.46,3.44,2.1,43.3,40.3,
Gen 3,Min 07,2026-08-28 16:07 PST,Gen-3 Hydro-Coupled,28.26,25.9,2.36,32.32,30.2,2.12,50.5%,3.49,0.4,3.47,3.44,2.8,43.3,40.5,
Gen 3,Min 08,2026-08-28 16:08 PST,Gen-3 Hydro-Coupled,28.22,25.9,2.32,32.3,30.2,2.1,50.5%,3.51,0.4,3.48,3.44,3.5,43.3,44.5,
Gen 3,Min 09,2026-08-28 16:09 PST,Gen-3 Hydro-Coupled,28.18,25.9,2.28,32.27,30.2,2.07,50.6%,3.53,0.4,3.48,3.44,4.1,43.3,39.5,
Gen 3,Min 10,2026-08-28 16:10 PST,Gen-3 Hydro-Coupled,28.14,25.9,2.24,32.24,30.2,2.04,50.7%,3.55,0.4,3.49,3.44,4.8,43.3,40.0,
Gen 3,Min 11,2026-08-28 16:11 PST,Gen-3 Hydro-Coupled,28.1,25.9,2.2,32.22,30.2,2.02,50.7%,3.57,0.4,3.5,3.44,5.5,43.2,40.7,
Gen 3,Min 12,2026-08-28 16:12 PST,Gen-3 Hydro-Coupled,28.06,25.9,2.16,32.19,30.2,1.99,50.8%,3.59,0.4,3.5,3.44,6.2,43.2,39.9,
Gen 3,Min 13,2026-08-28 16:13 PST,Gen-3 Hydro-Coupled,28.02,25.9,2.12,32.17,30.2,1.97,50.9%,3.61,0.4,3.51,3.44,6.9,43.2,177.0,
Gen 3,Min 14,2026-08-28 16:14 PST,Gen-3 Hydro-Coupled,27.97,25.9,2.07,32.13,30.2,1.93,50.9%,3.63,0.4,3.52,3.44,7.6,43.2,41.8,
Gen 3,Min 15,2026-08-28 16:15 PST,Gen-3 Hydro-Coupled,27.93,25.9,2.03,32.11,30.2,1.91,51.0%,3.65,0.4,3.52,3.44,8.3,43.2,40.9,15-MIN CHECKPOINT (Min 15)
Gen 3,Min 16,2026-08-28 16:16 PST,Gen-3 Hydro-Coupled,27.88,25.9,1.98,32.07,30.2,1.87,51.1%,3.67,0.4,3.53,3.44,9.0,43.2,40.8,
Gen 3,Min 17,2026-08-28 16:17 PST,Gen-3 Hydro-Coupled,27.83,25.9,1.93,32.04,30.2,1.84,51.2%,3.69,0.4,3.54,3.44,9.8,43.2,40.4,
Gen 3,Min 18,2026-08-28 16:18 PST,Gen-3 Hydro-Coupled,27.78,25.9,1.88,32.0,30.2,1.8,51.2%,3.72,0.4,3.54,3.44,10.5,43.1,40.5,
Gen 3,Min 19,2026-08-28 16:19 PST,Gen-3 Hydro-Coupled,27.73,25.9,1.83,31.96,30.2,1.76,51.3%,3.74,0.4,3.55,3.44,11.2,43.1,40.0,
Gen 3,Min 20,2026-08-28 16:20 PST,Gen-3 Hydro-Coupled,27.68,25.9,1.78,31.93,30.2,1.73,51.4%,3.76,0.4,3.56,3.44,11.9,43.1,41.1,
Gen 3,Min 21,2026-08-28 16:21 PST,Gen-3 Hydro-Coupled,27.63,25.9,1.73,31.89,30.2,1.69,51.5%,3.78,0.4,3.57,3.44,12.6,43.1,41.9,
Gen 3,Min 22,2026-08-28 16:22 PST,Gen-3 Hydro-Coupled,27.58,25.9,1.68,31.86,30.2,1.66,51.5%,3.8,0.4,3.57,3.44,13.3,43.1,41.3,
Gen 3,Min 23,2026-08-28 16:23 PST,Gen-3 Hydro-Coupled,27.52,25.9,1.62,31.81,30.2,1.61,51.6%,3.82,0.4,3.58,3.44,14.0,43.1,40.5,
Gen 3,Min 24,2026-08-28 16:24 PST,Gen-3 Hydro-Coupled,27.47,25.9,1.57,31.78,30.2,1.58,51.7%,3.84,0.4,3.59,3.44,14.8,43.0,40.5,
Gen 3,Min 25,2026-08-28 16:25 PST,Gen-3 Hydro-Coupled,27.42,25.9,1.52,31.74,30.2,1.54,51.8%,3.87,0.4,3.6,3.44,15.5,43.0,39.7,
Gen 3,Min 26,2026-08-28 16:26 PST,Gen-3 Hydro-Coupled,27.36,25.9,1.46,31.7,30.2,1.5,51.8%,3.89,0.4,3.6,3.44,16.2,43.0,40.0,
Gen 3,Min 27,2026-08-28 16:27 PST,Gen-3 Hydro-Coupled,27.31,25.9,1.41,31.66,30.2,1.46,51.9%,3.91,0.4,3.61,3.44,16.9,43.0,39.7,
Gen 3,Min 28,2026-08-28 16:28 PST,Gen-3 Hydro-Coupled,27.26,25.9,1.36,31.63,30.2,1.43,52.0%,3.93,0.4,3.62,3.44,17.7,43.0,24.0,
Gen 3,Min 29,2026-08-28 16:29 PST,Gen-3 Hydro-Coupled,27.21,25.9,1.31,31.59,30.2,1.39,52.1%,3.96,0.4,3.62,3.44,18.4,43.0,24.8,
Gen 3,Min 30,2026-08-28 16:30 PST,Gen-3 Hydro-Coupled,27.15,25.9,1.25,31.54,30.2,1.34,52.2%,3.98,0.4,3.63,3.44,19.1,42.9,26.2,15-MIN CHECKPOINT (Min 30)
Gen 3,Min 31,2026-08-28 16:31 PST,Gen-3 Hydro-Coupled,27.1,25.9,1.2,31.51,30.2,1.31,52.2%,4.0,0.4,3.64,3.44,19.9,42.9,24.6,
Gen 3,Min 32,2026-08-28 16:32 PST,Gen-3 Hydro-Coupled,27.05,25.9,1.15,31.47,30.2,1.27,52.3%,4.02,0.4,3.65,3.44,20.6,42.9,25.0,
Gen 3,Min 33,2026-08-28 16:33 PST,Gen-3 Hydro-Coupled,27.0,25.9,1.1,31.44,30.2,1.24,52.4%,4.05,0.4,3.65,3.44,21.4,42.9,24.2,
Gen 3,Min 34,2026-08-28 16:34 PST,Gen-3 Hydro-Coupled,26.95,25.9,1.05,31.4,30.2,1.2,52.5%,4.07,0.4,3.66,3.44,22.1,42.9,26.1,
Gen 3,Min 35,2026-08-28 16:35 PST,Gen-3 Hydro-Coupled,26.91,25.9,1.01,31.38,30.2,1.18,52.6%,4.09,0.4,3.67,3.44,22.9,42.9,24.6,
Gen 3,Min 36,2026-08-28 16:36 PST,Gen-3 Hydro-Coupled,26.86,25.9,0.96,31.34,30.2,1.14,52.6%,4.12,0.4,3.68,3.44,23.6,42.8,25.2,
Gen 3,Min 37,2026-08-28 16:37 PST,Gen-3 Hydro-Coupled,26.82,25.9,0.92,31.32,30.2,1.12,52.7%,4.14,0.4,3.68,3.44,24.4,42.8,24.7,
Gen 3,Min 38,2026-08-28 16:38 PST,Gen-3 Hydro-Coupled,26.77,25.9,0.87,31.28,30.2,1.08,52.8%,4.16,0.4,3.69,3.44,25.1,42.8,26.4,
Gen 3,Min 39,2026-08-28 16:39 PST,Gen-3 Hydro-Coupled,26.73,25.9,0.83,31.25,30.2,1.05,52.9%,4.19,0.4,3.7,3.44,25.9,42.8,26.4,
Gen 3,Min 40,2026-08-28 16:40 PST,Gen-3 Hydro-Coupled,26.69,25.9,0.79,31.23,30.2,1.03,53.0%,4.21,0.4,3.71,3.44,26.6,42.8,32.0,
Gen 3,Min 41,2026-08-28 16:41 PST,Gen-3 Hydro-Coupled,26.65,25.9,0.75,31.2,30.2,1.0,53.1%,4.24,0.4,3.71,3.44,27.4,42.8,24.4,
Gen 3,Min 42,2026-08-28 16:42 PST,Gen-3 Hydro-Coupled,26.61,25.9,0.71,31.18,30.2,0.98,53.2%,4.26,0.4,3.72,3.44,28.2,42.8,25.1,
Gen 3,Min 43,2026-08-28 16:43 PST,Gen-3 Hydro-Coupled,26.57,25.9,0.67,31.15,30.2,0.95,53.3%,4.28,0.4,3.73,3.44,28.9,42.8,24.8,
Gen 3,Min 44,2026-08-28 16:44 PST,Gen-3 Hydro-Coupled,26.54,25.9,0.64,31.14,30.2,0.94,53.3%,4.31,0.4,3.74,3.44,29.7,42.7,24.1,
Gen 3,Min 45,2026-08-28 16:45 PST,Gen-3 Hydro-Coupled,26.5,25.9,0.6,31.11,30.2,0.91,53.4%,4.33,0.4,3.75,3.44,30.5,42.7,24.3,15-MIN CHECKPOINT (Min 45)
Gen 3,Min 46,2026-08-28 16:46 PST,Gen-3 Hydro-Coupled,26.47,25.9,0.57,31.1,30.2,0.9,53.5%,4.36,0.4,3.75,3.44,31.3,42.7,24.4,
Gen 3,Min 47,2026-08-28 16:47 PST,Gen-3 Hydro-Coupled,26.43,25.9,0.53,31.07,30.2,0.87,53.6%,4.38,0.4,3.76,3.44,32.0,42.7,24.6,
Gen 3,Min 48,2026-08-28 16:48 PST,Gen-3 Hydro-Coupled,26.4,25.9,0.5,31.05,30.2,0.85,53.7%,4.4,0.4,3.77,3.44,32.8,42.7,24.2,
Gen 3,Min 49,2026-08-28 16:49 PST,Gen-3 Hydro-Coupled,26.36,25.9,0.46,31.03,30.2,0.83,53.8%,4.43,0.4,3.78,3.44,33.6,42.7,24.6,
Gen 3,Min 50,2026-08-28 16:50 PST,Gen-3 Hydro-Coupled,26.33,25.9,0.43,31.01,30.2,0.81,53.9%,4.45,0.4,3.78,3.44,34.4,42.7,24.4,
Gen 3,Min 51,2026-08-28 16:51 PST,Gen-3 Hydro-Coupled,26.3,25.9,0.4,31.0,30.2,0.8,54.0%,4.48,0.4,3.79,3.44,35.2,42.7,24.0,
Gen 3,Min 52,2026-08-28 16:52 PST,Gen-3 Hydro-Coupled,26.26,25.9,0.36,30.97,30.2,0.77,54.1%,4.5,0.4,3.8,3.44,36.0,42.7,23.7,
Gen 3,Min 53,2026-08-28 16:53 PST,Gen-3 Hydro-Coupled,26.23,25.9,0.33,30.96,30.2,0.76,54.1%,4.53,0.4,3.81,3.44,36.8,42.6,24.2,
Gen 3,Min 54,2026-08-28 16:54 PST,Gen-3 Hydro-Coupled,26.2,25.9,0.3,30.94,30.2,0.74,54.2%,4.55,0.4,3.82,3.44,37.6,42.6,24.2,
Gen 3,Min 55,2026-08-28 16:55 PST,Gen-3 Hydro-Coupled,26.16,25.9,0.26,30.92,30.2,0.72,54.3%,4.58,0.4,3.82,3.44,38.4,42.6,27.5,
Gen 3,Min 56,2026-08-28 16:56 PST,Gen-3 Hydro-Coupled,26.13,25.9,0.23,30.9,30.2,0.7,54.4%,4.6,0.4,3.83,3.44,39.2,42.6,26.1,
Gen 3,Min 57,2026-08-28 16:57 PST,Gen-3 Hydro-Coupled,26.09,25.9,0.19,30.87,30.2,0.67,54.5%,4.63,0.4,3.84,3.44,40.0,42.6,26.0,
Gen 3,Min 58,2026-08-28 16:58 PST,Gen-3 Hydro-Coupled,26.05,25.9,0.15,30.85,30.2,0.65,54.6%,4.65,0.4,3.85,3.44,40.8,42.6,25.4,
Gen 3,Min 59,2026-08-28 16:59 PST,Gen-3 Hydro-Coupled,26.01,25.9,0.11,30.82,30.2,0.62,54.7%,4.68,0.4,3.86,3.44,41.6,42.6,24.5,
Gen 3,Min 60,2026-08-28 17:00 PST,Gen-3 Hydro-Coupled,25.98,25.9,0.08,30.81,30.2,0.61,54.8%,4.7,0.4,3.86,3.44,42.4,42.6,24.1,15-MIN CHECKPOINT (Min 60)
Gen 3,Min 01,2026-08-28 16:01 PST,Gen-3 Stochastic-Explorer,28.47,25.9,2.57,32.44,30.2,2.24,50.1%,3.37,0.4,3.43,3.44,1.3,43.4,28.2,
Gen 3,Min 02,2026-08-28 16:02 PST,Gen-3 Stochastic-Explorer,28.43,25.9,2.53,32.42,30.2,2.22,50.2%,3.39,0.4,3.43,3.44,0.6,43.3,25.0,
Gen 3,Min 03,2026-08-28 16:03 PST,Gen-3 Stochastic-Explorer,28.4,25.9,2.5,32.4,30.2,2.2,50.2%,3.41,0.4,3.44,3.44,0.0,43.3,24.7,
Gen 3,Min 04,2026-08-28 16:04 PST,Gen-3 Stochastic-Explorer,28.37,25.9,2.47,32.39,30.2,2.19,50.3%,3.43,0.4,3.45,3.44,0.7,43.3,24.8,
Gen 3,Min 05,2026-08-28 16:05 PST,Gen-3 Stochastic-Explorer,28.33,25.9,2.43,32.36,30.2,2.16,50.4%,3.45,0.4,3.45,3.44,1.4,43.3,24.7,
Gen 3,Min 06,2026-08-28 16:06 PST,Gen-3 Stochastic-Explorer,28.29,25.9,2.39,32.34,30.2,2.14,50.4%,3.47,0.4,3.46,3.44,2.1,43.3,24.4,
Gen 3,Min 07,2026-08-28 16:07 PST,Gen-3 Stochastic-Explorer,28.26,25.9,2.36,32.32,30.2,2.12,50.5%,3.5,0.4,3.47,3.44,2.8,43.3,24.1,
Gen 3,Min 08,2026-08-28 16:08 PST,Gen-3 Stochastic-Explorer,28.22,25.9,2.32,32.3,30.2,2.1,50.6%,3.52,0.4,3.48,3.44,3.5,43.3,24.7,
Gen 3,Min 09,2026-08-28 16:09 PST,Gen-3 Stochastic-Explorer,28.18,25.9,2.28,32.27,30.2,2.07,50.7%,3.54,0.4,3.48,3.44,4.2,43.3,24.1,
Gen 3,Min 10,2026-08-28 16:10 PST,Gen-3 Stochastic-Explorer,28.14,25.9,2.24,32.24,30.2,2.04,50.7%,3.56,0.4,3.49,3.44,4.9,43.3,24.6,
Gen 3,Min 11,2026-08-28 16:11 PST,Gen-3 Stochastic-Explorer,28.1,25.9,2.2,32.22,30.2,2.02,50.8%,3.58,0.4,3.5,3.44,5.5,43.2,24.5,
Gen 3,Min 12,2026-08-28 16:12 PST,Gen-3 Stochastic-Explorer,28.06,25.9,2.16,32.19,30.2,1.99,50.9%,3.6,0.4,3.5,3.44,6.2,43.2,26.5,
Gen 3,Min 13,2026-08-28 16:13 PST,Gen-3 Stochastic-Explorer,28.02,25.9,2.12,32.17,30.2,1.97,50.9%,3.62,0.4,3.51,3.44,6.9,43.2,27.0,
Gen 3,Min 14,2026-08-28 16:14 PST,Gen-3 Stochastic-Explorer,27.97,25.9,2.07,32.13,30.2,1.93,51.0%,3.64,0.4,3.52,3.44,7.6,43.2,29.5,
Gen 3,Min 15,2026-08-28 16:15 PST,Gen-3 Stochastic-Explorer,27.93,25.9,2.03,32.11,30.2,1.91,51.1%,3.66,0.4,3.52,3.44,8.4,43.2,24.5,15-MIN CHECKPOINT (Min 15)
Gen 3,Min 16,2026-08-28 16:16 PST,Gen-3 Stochastic-Explorer,27.88,25.9,1.98,32.07,30.2,1.87,51.1%,3.68,0.4,3.53,3.44,9.1,43.2,24.3,
Gen 3,Min 17,2026-08-28 16:17 PST,Gen-3 Stochastic-Explorer,27.83,25.9,1.93,32.04,30.2,1.84,51.2%,3.7,0.4,3.54,3.44,9.8,43.2,24.3,
Gen 3,Min 18,2026-08-28 16:18 PST,Gen-3 Stochastic-Explorer,27.78,25.9,1.88,32.0,30.2,1.8,51.3%,3.72,0.4,3.54,3.44,10.5,43.1,24.6,
Gen 3,Min 19,2026-08-28 16:19 PST,Gen-3 Stochastic-Explorer,27.73,25.9,1.83,31.96,30.2,1.76,51.3%,3.74,0.4,3.55,3.44,11.2,43.1,24.2,
Gen 3,Min 20,2026-08-28 16:20 PST,Gen-3 Stochastic-Explorer,27.68,25.9,1.78,31.93,30.2,1.73,51.4%,3.76,0.4,3.56,3.44,11.9,43.1,25.0,
Gen 3,Min 21,2026-08-28 16:21 PST,Gen-3 Stochastic-Explorer,27.63,25.9,1.73,31.89,30.2,1.69,51.5%,3.78,0.4,3.57,3.44,12.6,43.1,24.7,
Gen 3,Min 22,2026-08-28 16:22 PST,Gen-3 Stochastic-Explorer,27.58,25.9,1.68,31.86,30.2,1.66,51.5%,3.8,0.4,3.57,3.44,13.3,43.1,24.8,
Gen 3,Min 23,2026-08-28 16:23 PST,Gen-3 Stochastic-Explorer,27.52,25.9,1.62,31.81,30.2,1.61,51.6%,3.82,0.4,3.58,3.44,14.1,43.1,24.6,
Gen 3,Min 24,2026-08-28 16:24 PST,Gen-3 Stochastic-Explorer,27.47,25.9,1.57,31.78,30.2,1.58,51.7%,3.84,0.4,3.59,3.44,14.8,43.0,24.7,
Gen 3,Min 25,2026-08-28 16:25 PST,Gen-3 Stochastic-Explorer,27.42,25.9,1.52,31.74,30.2,1.54,51.7%,3.86,0.4,3.6,3.44,15.5,43.0,24.2,
Gen 3,Min 26,2026-08-28 16:26 PST,Gen-3 Stochastic-Explorer,27.36,25.9,1.46,31.7,30.2,1.5,51.8%,3.88,0.4,3.6,3.44,16.2,43.0,24.1,
Gen 3,Min 27,2026-08-28 16:27 PST,Gen-3 Stochastic-Explorer,27.31,25.9,1.41,31.66,30.2,1.46,51.9%,3.9,0.4,3.61,3.44,17.0,43.0,24.3,
Gen 3,Min 28,2026-08-28 16:28 PST,Gen-3 Stochastic-Explorer,27.26,25.9,1.36,31.63,30.2,1.43,51.9%,3.93,0.4,3.62,3.44,17.7,43.0,24.2,
Gen 3,Min 29,2026-08-28 16:29 PST,Gen-3 Stochastic-Explorer,27.2,25.9,1.3,31.58,30.2,1.38,52.0%,3.95,0.4,3.62,3.44,18.4,43.0,28.0,
Gen 3,Min 30,2026-08-28 16:30 PST,Gen-3 Stochastic-Explorer,27.15,25.9,1.25,31.54,30.2,1.34,52.1%,3.97,0.4,3.63,3.44,19.2,42.9,24.8,15-MIN CHECKPOINT (Min 30)
Gen 3,Min 31,2026-08-28 16:31 PST,Gen-3 Stochastic-Explorer,27.1,25.9,1.2,31.51,30.2,1.31,52.1%,3.99,0.4,3.64,3.44,19.9,42.9,24.9,
Gen 3,Min 32,2026-08-28 16:32 PST,Gen-3 Stochastic-Explorer,27.05,25.9,1.15,31.47,30.2,1.27,52.2%,4.01,0.4,3.65,3.44,20.6,42.9,25.4,
Gen 3,Min 33,2026-08-28 16:33 PST,Gen-3 Stochastic-Explorer,27.0,25.9,1.1,31.44,30.2,1.24,52.2%,4.03,0.4,3.65,3.44,21.4,42.9,25.0,
Gen 3,Min 34,2026-08-28 16:34 PST,Gen-3 Stochastic-Explorer,26.95,25.9,1.05,31.4,30.2,1.2,52.3%,4.05,0.4,3.66,3.44,22.1,42.9,25.7,
Gen 3,Min 35,2026-08-28 16:35 PST,Gen-3 Stochastic-Explorer,26.9,25.9,1.0,31.37,30.2,1.17,52.4%,4.07,0.4,3.67,3.44,22.9,42.9,24.6,
Gen 3,Min 36,2026-08-28 16:36 PST,Gen-3 Stochastic-Explorer,26.86,25.9,0.96,31.34,30.2,1.14,52.4%,4.09,0.4,3.68,3.44,23.6,42.8,24.2,
Gen 3,Min 37,2026-08-28 16:37 PST,Gen-3 Stochastic-Explorer,26.81,25.9,0.91,31.31,30.2,1.11,52.5%,4.11,0.4,3.68,3.44,24.3,42.8,24.4,
Gen 3,Min 38,2026-08-28 16:38 PST,Gen-3 Stochastic-Explorer,26.77,25.9,0.87,31.28,30.2,1.08,52.5%,4.13,0.4,3.69,3.44,25.1,42.8,24.0,
Gen 3,Min 39,2026-08-28 16:39 PST,Gen-3 Stochastic-Explorer,26.73,25.9,0.83,31.25,30.2,1.05,52.6%,4.15,0.4,3.7,3.44,25.8,42.8,25.0,
Gen 3,Min 40,2026-08-28 16:40 PST,Gen-3 Stochastic-Explorer,26.69,25.9,0.79,31.23,30.2,1.03,52.7%,4.17,0.4,3.71,3.44,26.6,42.8,25.7,
Gen 3,Min 41,2026-08-28 16:41 PST,Gen-3 Stochastic-Explorer,26.65,25.9,0.75,31.2,30.2,1.0,52.7%,4.19,0.4,3.71,3.44,27.3,42.8,24.3,
Gen 3,Min 42,2026-08-28 16:42 PST,Gen-3 Stochastic-Explorer,26.61,25.9,0.71,31.18,30.2,0.98,52.8%,4.21,0.4,3.72,3.44,28.1,42.8,27.1,
Gen 3,Min 43,2026-08-28 16:43 PST,Gen-3 Stochastic-Explorer,26.57,25.9,0.67,31.15,30.2,0.95,52.8%,4.23,0.4,3.73,3.44,28.9,42.8,27.0,
Gen 3,Min 44,2026-08-28 16:44 PST,Gen-3 Stochastic-Explorer,26.53,25.9,0.63,31.13,30.2,0.93,52.9%,4.25,0.4,3.74,3.44,29.6,42.7,26.4,
Gen 3,Min 45,2026-08-28 16:45 PST,Gen-3 Stochastic-Explorer,26.5,25.9,0.6,31.11,30.2,0.91,52.9%,4.27,0.4,3.74,3.44,30.4,42.7,25.4,15-MIN CHECKPOINT (Min 45)
Gen 3,Min 46,2026-08-28 16:46 PST,Gen-3 Stochastic-Explorer,26.46,25.9,0.56,31.09,30.2,0.89,53.0%,4.29,0.4,3.75,3.44,31.1,42.7,23.9,
Gen 3,Min 47,2026-08-28 16:47 PST,Gen-3 Stochastic-Explorer,26.43,25.9,0.53,31.07,30.2,0.87,53.1%,4.31,0.4,3.76,3.44,31.9,42.7,24.9,
Gen 3,Min 48,2026-08-28 16:48 PST,Gen-3 Stochastic-Explorer,26.39,25.9,0.49,31.04,30.2,0.84,53.1%,4.33,0.4,3.77,3.44,32.7,42.7,25.0,
Gen 3,Min 49,2026-08-28 16:49 PST,Gen-3 Stochastic-Explorer,26.36,25.9,0.46,31.03,30.2,0.83,53.2%,4.35,0.4,3.77,3.44,33.4,42.7,25.0,
Gen 3,Min 50,2026-08-28 16:50 PST,Gen-3 Stochastic-Explorer,26.32,25.9,0.42,31.0,30.2,0.8,53.2%,4.37,0.4,3.78,3.44,34.2,42.7,24.4,
Gen 3,Min 51,2026-08-28 16:51 PST,Gen-3 Stochastic-Explorer,26.29,25.9,0.39,30.99,30.2,0.79,53.3%,4.39,0.4,3.79,3.44,35.0,42.7,25.1,
Gen 3,Min 52,2026-08-28 16:52 PST,Gen-3 Stochastic-Explorer,26.26,25.9,0.36,30.97,30.2,0.77,53.3%,4.4,0.4,3.8,3.44,35.7,42.7,25.5,
Gen 3,Min 53,2026-08-28 16:53 PST,Gen-3 Stochastic-Explorer,26.22,25.9,0.32,30.95,30.2,0.75,53.4%,4.42,0.4,3.81,3.44,36.5,42.6,24.7,
Gen 3,Min 54,2026-08-28 16:54 PST,Gen-3 Stochastic-Explorer,26.19,25.9,0.29,30.93,30.2,0.73,53.4%,4.44,0.4,3.81,3.44,37.3,42.6,25.1,
Gen 3,Min 55,2026-08-28 16:55 PST,Gen-3 Stochastic-Explorer,26.15,25.9,0.25,30.91,30.2,0.71,53.5%,4.46,0.4,3.82,3.44,38.1,42.6,25.3,
Gen 3,Min 56,2026-08-28 16:56 PST,Gen-3 Stochastic-Explorer,26.12,25.9,0.22,30.89,30.2,0.69,53.5%,4.48,0.4,3.83,3.44,38.9,42.6,26.3,
Gen 3,Min 57,2026-08-28 16:57 PST,Gen-3 Stochastic-Explorer,26.08,25.9,0.18,30.86,30.2,0.66,53.6%,4.5,0.4,3.84,3.44,39.6,42.6,24.5,
Gen 3,Min 58,2026-08-28 16:58 PST,Gen-3 Stochastic-Explorer,26.04,25.9,0.14,30.84,30.2,0.64,53.6%,4.52,0.4,3.84,3.44,40.4,42.6,24.1,
Gen 3,Min 59,2026-08-28 16:59 PST,Gen-3 Stochastic-Explorer,26.01,25.9,0.11,30.82,30.2,0.62,53.7%,4.54,0.4,3.85,3.44,41.2,42.6,26.1,
Gen 3,Min 60,2026-08-28 17:00 PST,Gen-3 Stochastic-Explorer,25.97,25.9,0.07,30.8,30.2,0.6,53.7%,4.56,0.4,3.86,3.44,42.0,42.6,26.0,15-MIN CHECKPOINT (Min 60)
