Station ID,Station Name,Microclimate Type,Elevation (m),Minute,Timestamp,PINN Pred Temp (°C),Regional GT Temp (°C),Δ Temp (°C),PINN Pred HI (°C),PINN Rain Prob (%),PINN Rain Vol (mm),PINN Pred Water (m),Baseline Water (m),LCL Cloud Base (m),Inference Latency (μs)
KT-6CBD47DC5194,Old Cabcaben Pier - Bataan,COASTAL_MARINE,4.0,Min 01,2026-08-28 16:01 PST,28.46,25.3,3.16,33.54,50.0%,3.35,1.9,1.85,43.4,109.7
KT-6CBD47DC5194,Old Cabcaben Pier - Bataan,COASTAL_MARINE,4.0,Min 02,2026-08-28 16:02 PST,28.41,25.3,3.11,33.49,50.0%,3.36,1.951,1.85,43.3,60.7
KT-6CBD47DC5194,Old Cabcaben Pier - Bataan,COASTAL_MARINE,4.0,Min 03,2026-08-28 16:03 PST,28.36,25.3,3.06,33.44,50.1%,3.36,2.001,1.85,43.3,54.1
KT-6CBD47DC5194,Old Cabcaben Pier - Bataan,COASTAL_MARINE,4.0,Min 04,2026-08-28 16:04 PST,28.32,25.3,3.02,33.4,50.1%,3.37,2.051,1.85,43.3,52.2
KT-6CBD47DC5194,Old Cabcaben Pier - Bataan,COASTAL_MARINE,4.0,Min 05,2026-08-28 16:05 PST,28.27,25.3,2.97,33.35,50.1%,3.38,2.102,1.85,43.3,52.9
KT-6CBD47DC5194,Old Cabcaben Pier - Bataan,COASTAL_MARINE,4.0,Min 06,2026-08-28 16:06 PST,28.22,25.3,2.92,33.3,50.2%,3.38,2.152,1.85,43.3,42.0
KT-6CBD47DC5194,Old Cabcaben Pier - Bataan,COASTAL_MARINE,4.0,Min 07,2026-08-28 16:07 PST,28.18,25.3,2.88,33.26,50.2%,3.39,2.202,1.85,43.3,33.8
KT-6CBD47DC5194,Old Cabcaben Pier - Bataan,COASTAL_MARINE,4.0,Min 08,2026-08-28 16:08 PST,28.13,25.3,2.83,33.21,50.3%,3.4,2.253,1.85,43.2,38.9
KT-6CBD47DC5194,Old Cabcaben Pier - Bataan,COASTAL_MARINE,4.0,Min 09,2026-08-28 16:09 PST,28.08,25.3,2.78,33.16,50.3%,3.41,2.304,1.85,43.2,35.7
KT-6CBD47DC5194,Old Cabcaben Pier - Bataan,COASTAL_MARINE,4.0,Min 10,2026-08-28 16:10 PST,28.02,25.3,2.72,33.1,50.4%,3.42,2.354,1.85,43.2,32.6
KT-6CBD47DC5194,Old Cabcaben Pier - Bataan,COASTAL_MARINE,4.0,Min 11,2026-08-28 16:11 PST,27.97,25.3,2.67,33.05,50.4%,3.43,2.405,1.85,43.2,36.6
KT-6CBD47DC5194,Old Cabcaben Pier - Bataan,COASTAL_MARINE,4.0,Min 12,2026-08-28 16:12 PST,27.92,25.3,2.62,33.0,50.5%,3.44,2.456,1.85,43.2,33.0
KT-6CBD47DC5194,Old Cabcaben Pier - Bataan,COASTAL_MARINE,4.0,Min 13,2026-08-28 16:13 PST,27.86,25.3,2.56,32.94,50.6%,3.45,2.507,1.85,43.2,33.4
KT-6CBD47DC5194,Old Cabcaben Pier - Bataan,COASTAL_MARINE,4.0,Min 14,2026-08-28 16:14 PST,27.8,25.3,2.5,32.88,50.7%,3.47,2.558,1.85,43.1,30.9
KT-6CBD47DC5194,Old Cabcaben Pier - Bataan,COASTAL_MARINE,4.0,Min 15,2026-08-28 16:15 PST,27.75,25.3,2.45,32.83,50.8%,3.48,2.609,1.85,43.1,30.8
KT-6CBD47DC5194,Old Cabcaben Pier - Bataan,COASTAL_MARINE,4.0,Min 16,2026-08-28 16:16 PST,27.69,25.3,2.39,32.77,50.9%,3.5,2.661,1.85,43.1,33.5
KT-6CBD47DC5194,Old Cabcaben Pier - Bataan,COASTAL_MARINE,4.0,Min 17,2026-08-28 16:17 PST,27.63,25.3,2.33,32.71,51.0%,3.51,2.712,1.85,43.1,31.8
KT-6CBD47DC5194,Old Cabcaben Pier - Bataan,COASTAL_MARINE,4.0,Min 18,2026-08-28 16:18 PST,27.57,25.3,2.27,32.65,51.1%,3.53,2.764,1.85,43.1,31.3
KT-6CBD47DC5194,Old Cabcaben Pier - Bataan,COASTAL_MARINE,4.0,Min 19,2026-08-28 16:19 PST,27.51,25.3,2.21,32.59,51.2%,3.54,2.816,1.85,43.1,32.3
KT-6CBD47DC5194,Old Cabcaben Pier - Bataan,COASTAL_MARINE,4.0,Min 20,2026-08-28 16:20 PST,27.44,25.3,2.14,32.52,51.3%,3.56,2.868,1.85,43.0,30.7
KT-6CBD47DC5194,Old Cabcaben Pier - Bataan,COASTAL_MARINE,4.0,Min 21,2026-08-28 16:21 PST,27.38,25.3,2.08,32.46,51.4%,3.58,2.92,1.85,43.0,30.4
KT-6CBD47DC5194,Old Cabcaben Pier - Bataan,COASTAL_MARINE,4.0,Min 22,2026-08-28 16:22 PST,27.32,25.3,2.02,32.4,51.5%,3.59,2.973,1.85,43.0,33.0
KT-6CBD47DC5194,Old Cabcaben Pier - Bataan,COASTAL_MARINE,4.0,Min 23,2026-08-28 16:23 PST,27.26,25.3,1.96,32.34,51.6%,3.61,3.025,1.85,43.0,31.0
KT-6CBD47DC5194,Old Cabcaben Pier - Bataan,COASTAL_MARINE,4.0,Min 24,2026-08-28 16:24 PST,27.2,25.3,1.9,32.28,51.8%,3.63,3.078,1.85,43.0,30.5
KT-6CBD47DC5194,Old Cabcaben Pier - Bataan,COASTAL_MARINE,4.0,Min 25,2026-08-28 16:25 PST,27.13,25.3,1.83,32.21,51.9%,3.65,3.131,1.85,42.9,31.8
KT-6CBD47DC5194,Old Cabcaben Pier - Bataan,COASTAL_MARINE,4.0,Min 26,2026-08-28 16:26 PST,27.07,25.3,1.77,32.15,52.0%,3.67,3.185,1.85,42.9,31.2
KT-6CBD47DC5194,Old Cabcaben Pier - Bataan,COASTAL_MARINE,4.0,Min 27,2026-08-28 16:27 PST,27.01,25.3,1.71,32.09,52.1%,3.69,3.238,1.85,42.9,31.3
KT-6CBD47DC5194,Old Cabcaben Pier - Bataan,COASTAL_MARINE,4.0,Min 28,2026-08-28 16:28 PST,26.95,25.3,1.65,32.03,52.3%,3.71,3.292,1.85,42.9,31.0
KT-6CBD47DC5194,Old Cabcaben Pier - Bataan,COASTAL_MARINE,4.0,Min 29,2026-08-28 16:29 PST,26.89,25.3,1.59,31.97,52.4%,3.73,3.346,1.85,42.9,30.4
KT-6CBD47DC5194,Old Cabcaben Pier - Bataan,COASTAL_MARINE,4.0,Min 30,2026-08-28 16:30 PST,26.83,25.3,1.53,31.91,52.6%,3.75,3.4,1.85,42.8,31.9
KT-6CBD47DC5194,Old Cabcaben Pier - Bataan,COASTAL_MARINE,4.0,Min 31,2026-08-28 16:31 PST,26.78,25.3,1.48,31.86,52.7%,3.77,3.455,1.85,42.8,30.3
KT-6CBD47DC5194,Old Cabcaben Pier - Bataan,COASTAL_MARINE,4.0,Min 32,2026-08-28 16:32 PST,26.72,25.3,1.42,31.8,52.9%,3.8,3.51,1.85,42.8,30.4
KT-6CBD47DC5194,Old Cabcaben Pier - Bataan,COASTAL_MARINE,4.0,Min 33,2026-08-28 16:33 PST,26.67,25.3,1.37,31.75,53.0%,3.82,3.565,1.85,42.8,30.8
KT-6CBD47DC5194,Old Cabcaben Pier - Bataan,COASTAL_MARINE,4.0,Min 34,2026-08-28 16:34 PST,26.61,25.3,1.31,31.69,53.2%,3.84,3.62,1.85,42.8,34.6
KT-6CBD47DC5194,Old Cabcaben Pier - Bataan,COASTAL_MARINE,4.0,Min 35,2026-08-28 16:35 PST,26.56,25.3,1.26,31.64,53.3%,3.86,3.676,1.85,42.8,31.0
KT-6CBD47DC5194,Old Cabcaben Pier - Bataan,COASTAL_MARINE,4.0,Min 36,2026-08-28 16:36 PST,26.51,25.3,1.21,31.59,53.5%,3.89,3.732,1.85,42.7,30.5
KT-6CBD47DC5194,Old Cabcaben Pier - Bataan,COASTAL_MARINE,4.0,Min 37,2026-08-28 16:37 PST,26.46,25.3,1.16,31.54,53.6%,3.91,3.788,1.85,42.7,30.5
KT-6CBD47DC5194,Old Cabcaben Pier - Bataan,COASTAL_MARINE,4.0,Min 38,2026-08-28 16:38 PST,26.41,25.3,1.11,31.49,53.8%,3.93,3.844,1.85,42.7,30.4
KT-6CBD47DC5194,Old Cabcaben Pier - Bataan,COASTAL_MARINE,4.0,Min 39,2026-08-28 16:39 PST,26.36,25.3,1.06,31.44,53.9%,3.96,3.901,1.85,42.7,32.0
KT-6CBD47DC5194,Old Cabcaben Pier - Bataan,COASTAL_MARINE,4.0,Min 40,2026-08-28 16:40 PST,26.32,25.3,1.02,31.4,54.1%,3.98,3.958,1.85,42.7,30.3
KT-6CBD47DC5194,Old Cabcaben Pier - Bataan,COASTAL_MARINE,4.0,Min 41,2026-08-28 16:41 PST,26.27,25.3,0.97,31.35,54.3%,4.0,4.015,1.85,42.7,30.5
KT-6CBD47DC5194,Old Cabcaben Pier - Bataan,COASTAL_MARINE,4.0,Min 42,2026-08-28 16:42 PST,26.23,25.3,0.93,31.31,54.4%,4.03,4.073,1.85,42.7,30.8
KT-6CBD47DC5194,Old Cabcaben Pier - Bataan,COASTAL_MARINE,4.0,Min 43,2026-08-28 16:43 PST,26.18,25.3,0.88,31.26,54.6%,4.05,4.131,1.85,42.6,30.4
KT-6CBD47DC5194,Old Cabcaben Pier - Bataan,COASTAL_MARINE,4.0,Min 44,2026-08-28 16:44 PST,26.13,25.3,0.83,31.21,54.8%,4.07,4.189,1.85,42.6,30.6
KT-6CBD47DC5194,Old Cabcaben Pier - Bataan,COASTAL_MARINE,4.0,Min 45,2026-08-28 16:45 PST,26.09,25.3,0.79,31.17,54.9%,4.1,4.247,1.85,42.6,29.8
KT-6CBD47DC5194,Old Cabcaben Pier - Bataan,COASTAL_MARINE,4.0,Min 46,2026-08-28 16:46 PST,26.04,25.3,0.74,31.12,55.1%,4.12,4.306,1.85,42.6,29.5
KT-6CBD47DC5194,Old Cabcaben Pier - Bataan,COASTAL_MARINE,4.0,Min 47,2026-08-28 16:47 PST,26.0,25.3,0.7,31.08,55.2%,4.15,4.365,1.85,42.6,31.9
KT-6CBD47DC5194,Old Cabcaben Pier - Bataan,COASTAL_MARINE,4.0,Min 48,2026-08-28 16:48 PST,25.95,25.3,0.65,31.03,55.4%,4.17,4.424,1.85,42.6,29.9
KT-6CBD47DC5194,Old Cabcaben Pier - Bataan,COASTAL_MARINE,4.0,Min 49,2026-08-28 16:49 PST,25.9,25.3,0.6,30.98,55.6%,4.19,4.483,1.85,42.6,30.0
KT-6CBD47DC5194,Old Cabcaben Pier - Bataan,COASTAL_MARINE,4.0,Min 50,2026-08-28 16:50 PST,25.86,25.3,0.56,30.94,55.7%,4.22,4.543,1.85,42.5,29.6
KT-6CBD47DC5194,Old Cabcaben Pier - Bataan,COASTAL_MARINE,4.0,Min 51,2026-08-28 16:51 PST,25.81,25.3,0.51,30.89,55.9%,4.24,4.603,1.85,42.5,29.5
KT-6CBD47DC5194,Old Cabcaben Pier - Bataan,COASTAL_MARINE,4.0,Min 52,2026-08-28 16:52 PST,25.76,25.3,0.46,30.84,56.1%,4.27,4.664,1.85,42.5,29.6
KT-6CBD47DC5194,Old Cabcaben Pier - Bataan,COASTAL_MARINE,4.0,Min 53,2026-08-28 16:53 PST,25.71,25.3,0.41,30.79,56.2%,4.29,4.724,1.85,42.5,29.1
KT-6CBD47DC5194,Old Cabcaben Pier - Bataan,COASTAL_MARINE,4.0,Min 54,2026-08-28 16:54 PST,25.66,25.3,0.36,30.74,56.4%,4.32,4.785,1.85,42.5,29.7
KT-6CBD47DC5194,Old Cabcaben Pier - Bataan,COASTAL_MARINE,4.0,Min 55,2026-08-28 16:55 PST,25.6,25.3,0.3,30.68,56.6%,4.34,4.846,1.85,42.5,29.8
KT-6CBD47DC5194,Old Cabcaben Pier - Bataan,COASTAL_MARINE,4.0,Min 56,2026-08-28 16:56 PST,25.55,25.3,0.25,30.63,56.7%,4.36,4.908,1.85,42.4,32.5
KT-6CBD47DC5194,Old Cabcaben Pier - Bataan,COASTAL_MARINE,4.0,Min 57,2026-08-28 16:57 PST,25.49,25.3,0.19,30.57,56.9%,4.39,4.97,1.85,42.4,29.8
KT-6CBD47DC5194,Old Cabcaben Pier - Bataan,COASTAL_MARINE,4.0,Min 58,2026-08-28 16:58 PST,25.43,25.3,0.13,30.51,57.0%,4.41,5.032,1.85,42.4,30.0
KT-6CBD47DC5194,Old Cabcaben Pier - Bataan,COASTAL_MARINE,4.0,Min 59,2026-08-28 16:59 PST,25.38,25.3,0.08,30.46,57.2%,4.43,5.094,1.85,42.4,30.2
KT-6CBD47DC5194,Old Cabcaben Pier - Bataan,COASTAL_MARINE,4.0,Min 60,2026-08-28 17:00 PST,25.32,25.3,0.02,30.4,57.4%,4.46,5.157,1.85,42.4,29.8
KT-CC380371FE68,Dinalupihan,LOWLAND_VALLEY,28.0,Min 01,2026-08-28 16:01 PST,28.46,25.5,2.96,33.54,50.1%,3.37,2.451,2.4,43.4,108.7
KT-CC380371FE68,Dinalupihan,LOWLAND_VALLEY,28.0,Min 02,2026-08-28 16:02 PST,28.42,25.5,2.92,33.5,50.2%,3.4,2.501,2.4,43.3,57.2
KT-CC380371FE68,Dinalupihan,LOWLAND_VALLEY,28.0,Min 03,2026-08-28 16:03 PST,28.37,25.5,2.87,33.45,50.2%,3.42,2.552,2.4,43.3,50.4
KT-CC380371FE68,Dinalupihan,LOWLAND_VALLEY,28.0,Min 04,2026-08-28 16:04 PST,28.33,25.5,2.83,33.41,50.3%,3.44,2.603,2.4,43.3,56.5
KT-CC380371FE68,Dinalupihan,LOWLAND_VALLEY,28.0,Min 05,2026-08-28 16:05 PST,28.29,25.5,2.79,33.37,50.4%,3.47,2.655,2.4,43.3,59.1
KT-CC380371FE68,Dinalupihan,LOWLAND_VALLEY,28.0,Min 06,2026-08-28 16:06 PST,28.25,25.5,2.75,33.33,50.5%,3.49,2.706,2.4,43.3,57.3
KT-CC380371FE68,Dinalupihan,LOWLAND_VALLEY,28.0,Min 07,2026-08-28 16:07 PST,28.2,25.5,2.7,33.28,50.5%,3.51,2.758,2.4,43.3,56.4
KT-CC380371FE68,Dinalupihan,LOWLAND_VALLEY,28.0,Min 08,2026-08-28 16:08 PST,28.15,25.5,2.65,33.23,50.6%,3.53,2.809,2.4,43.3,55.1
KT-CC380371FE68,Dinalupihan,LOWLAND_VALLEY,28.0,Min 09,2026-08-28 16:09 PST,28.11,25.5,2.61,33.19,50.7%,3.56,2.861,2.4,43.2,56.8
KT-CC380371FE68,Dinalupihan,LOWLAND_VALLEY,28.0,Min 10,2026-08-28 16:10 PST,28.06,25.5,2.56,33.14,50.7%,3.58,2.913,2.4,43.2,53.5
KT-CC380371FE68,Dinalupihan,LOWLAND_VALLEY,28.0,Min 11,2026-08-28 16:11 PST,28.01,25.5,2.51,33.09,50.8%,3.6,2.965,2.4,43.2,52.9
KT-CC380371FE68,Dinalupihan,LOWLAND_VALLEY,28.0,Min 12,2026-08-28 16:12 PST,27.96,25.5,2.46,33.04,50.9%,3.62,3.018,2.4,43.2,55.3
KT-CC380371FE68,Dinalupihan,LOWLAND_VALLEY,28.0,Min 13,2026-08-28 16:13 PST,27.91,25.5,2.41,32.99,51.0%,3.65,3.07,2.4,43.2,55.7
KT-CC380371FE68,Dinalupihan,LOWLAND_VALLEY,28.0,Min 14,2026-08-28 16:14 PST,27.85,25.5,2.35,32.93,51.0%,3.67,3.123,2.4,43.2,55.3
KT-CC380371FE68,Dinalupihan,LOWLAND_VALLEY,28.0,Min 15,2026-08-28 16:15 PST,27.8,25.5,2.3,32.88,51.1%,3.69,3.175,2.4,43.1,54.5
KT-CC380371FE68,Dinalupihan,LOWLAND_VALLEY,28.0,Min 16,2026-08-28 16:16 PST,27.74,25.5,2.24,32.82,51.1%,3.71,3.228,2.4,43.1,54.4
KT-CC380371FE68,Dinalupihan,LOWLAND_VALLEY,28.0,Min 17,2026-08-28 16:17 PST,27.69,25.5,2.19,32.77,51.2%,3.73,3.281,2.4,43.1,53.4
KT-CC380371FE68,Dinalupihan,LOWLAND_VALLEY,28.0,Min 18,2026-08-28 16:18 PST,27.63,25.5,2.13,32.71,51.3%,3.76,3.334,2.4,43.1,55.9
KT-CC380371FE68,Dinalupihan,LOWLAND_VALLEY,28.0,Min 19,2026-08-28 16:19 PST,27.57,25.5,2.07,32.65,51.3%,3.78,3.387,2.4,43.1,29.5
KT-CC380371FE68,Dinalupihan,LOWLAND_VALLEY,28.0,Min 20,2026-08-28 16:20 PST,27.52,25.5,2.02,32.6,51.4%,3.8,3.441,2.4,43.1,30.8
KT-CC380371FE68,Dinalupihan,LOWLAND_VALLEY,28.0,Min 21,2026-08-28 16:21 PST,27.46,25.5,1.96,32.54,51.5%,3.82,3.494,2.4,43.0,30.4
KT-CC380371FE68,Dinalupihan,LOWLAND_VALLEY,28.0,Min 22,2026-08-28 16:22 PST,27.4,25.5,1.9,32.48,51.5%,3.84,3.548,2.4,43.0,29.3
KT-CC380371FE68,Dinalupihan,LOWLAND_VALLEY,28.0,Min 23,2026-08-28 16:23 PST,27.34,25.5,1.84,32.42,51.6%,3.87,3.602,2.4,43.0,29.3
KT-CC380371FE68,Dinalupihan,LOWLAND_VALLEY,28.0,Min 24,2026-08-28 16:24 PST,27.28,25.5,1.78,32.36,51.6%,3.89,3.655,2.4,43.0,28.6
KT-CC380371FE68,Dinalupihan,LOWLAND_VALLEY,28.0,Min 25,2026-08-28 16:25 PST,27.22,25.5,1.72,32.3,51.7%,3.91,3.709,2.4,43.0,28.8
KT-CC380371FE68,Dinalupihan,LOWLAND_VALLEY,28.0,Min 26,2026-08-28 16:26 PST,27.16,25.5,1.66,32.24,51.7%,3.93,3.764,2.4,42.9,28.6
KT-CC380371FE68,Dinalupihan,LOWLAND_VALLEY,28.0,Min 27,2026-08-28 16:27 PST,27.11,25.5,1.61,32.19,51.8%,3.95,3.818,2.4,42.9,33.4
KT-CC380371FE68,Dinalupihan,LOWLAND_VALLEY,28.0,Min 28,2026-08-28 16:28 PST,27.05,25.5,1.55,32.13,51.9%,3.97,3.872,2.4,42.9,29.0
KT-CC380371FE68,Dinalupihan,LOWLAND_VALLEY,28.0,Min 29,2026-08-28 16:29 PST,27.0,25.5,1.5,32.08,51.9%,3.99,3.927,2.4,42.9,28.8
KT-CC380371FE68,Dinalupihan,LOWLAND_VALLEY,28.0,Min 30,2026-08-28 16:30 PST,26.94,25.5,1.44,32.02,52.0%,4.02,3.981,2.4,42.9,27.5
KT-CC380371FE68,Dinalupihan,LOWLAND_VALLEY,28.0,Min 31,2026-08-28 16:31 PST,26.89,25.5,1.39,31.97,52.0%,4.04,4.036,2.4,42.9,28.6
KT-CC380371FE68,Dinalupihan,LOWLAND_VALLEY,28.0,Min 32,2026-08-28 16:32 PST,26.84,25.5,1.34,31.92,52.1%,4.06,4.091,2.4,42.8,28.6
KT-CC380371FE68,Dinalupihan,LOWLAND_VALLEY,28.0,Min 33,2026-08-28 16:33 PST,26.79,25.5,1.29,31.87,52.1%,4.08,4.146,2.4,42.8,27.7
KT-CC380371FE68,Dinalupihan,LOWLAND_VALLEY,28.0,Min 34,2026-08-28 16:34 PST,26.74,25.5,1.24,31.82,52.2%,4.1,4.201,2.4,42.8,29.1
KT-CC380371FE68,Dinalupihan,LOWLAND_VALLEY,28.0,Min 35,2026-08-28 16:35 PST,26.69,25.5,1.19,31.77,52.2%,4.12,4.256,2.4,42.8,29.3
KT-CC380371FE68,Dinalupihan,LOWLAND_VALLEY,28.0,Min 36,2026-08-28 16:36 PST,26.64,25.5,1.14,31.72,52.3%,4.15,4.311,2.4,42.8,28.8
KT-CC380371FE68,Dinalupihan,LOWLAND_VALLEY,28.0,Min 37,2026-08-28 16:37 PST,26.59,25.5,1.09,31.67,52.4%,4.17,4.367,2.4,42.8,28.8
KT-CC380371FE68,Dinalupihan,LOWLAND_VALLEY,28.0,Min 38,2026-08-28 16:38 PST,26.55,25.5,1.05,31.63,52.4%,4.19,4.423,2.4,42.8,28.7
KT-CC380371FE68,Dinalupihan,LOWLAND_VALLEY,28.0,Min 39,2026-08-28 16:39 PST,26.51,25.5,1.01,31.59,52.5%,4.21,4.478,2.4,42.7,28.4
KT-CC380371FE68,Dinalupihan,LOWLAND_VALLEY,28.0,Min 40,2026-08-28 16:40 PST,26.46,25.5,0.96,31.54,52.5%,4.23,4.534,2.4,42.7,28.7
KT-CC380371FE68,Dinalupihan,LOWLAND_VALLEY,28.0,Min 41,2026-08-28 16:41 PST,26.42,25.5,0.92,31.5,52.6%,4.25,4.59,2.4,42.7,29.7
KT-CC380371FE68,Dinalupihan,LOWLAND_VALLEY,28.0,Min 42,2026-08-28 16:42 PST,26.38,25.5,0.88,31.46,52.6%,4.28,4.646,2.4,42.7,29.0
KT-CC380371FE68,Dinalupihan,LOWLAND_VALLEY,28.0,Min 43,2026-08-28 16:43 PST,26.34,25.5,0.84,31.42,52.7%,4.3,4.702,2.4,42.7,28.1
KT-CC380371FE68,Dinalupihan,LOWLAND_VALLEY,28.0,Min 44,2026-08-28 16:44 PST,26.29,25.5,0.79,31.37,52.7%,4.32,4.759,2.4,42.7,28.7
KT-CC380371FE68,Dinalupihan,LOWLAND_VALLEY,28.0,Min 45,2026-08-28 16:45 PST,26.25,25.5,0.75,31.33,52.8%,4.34,4.815,2.4,42.7,28.0
KT-CC380371FE68,Dinalupihan,LOWLAND_VALLEY,28.0,Min 46,2026-08-28 16:46 PST,26.21,25.5,0.71,31.29,52.9%,4.37,4.872,2.4,42.6,28.2
KT-CC380371FE68,Dinalupihan,LOWLAND_VALLEY,28.0,Min 47,2026-08-28 16:47 PST,26.17,25.5,0.67,31.25,52.9%,4.39,4.928,2.4,42.6,29.0
KT-CC380371FE68,Dinalupihan,LOWLAND_VALLEY,28.0,Min 48,2026-08-28 16:48 PST,26.13,25.5,0.63,31.21,53.0%,4.41,4.985,2.4,42.6,28.2
KT-CC380371FE68,Dinalupihan,LOWLAND_VALLEY,28.0,Min 49,2026-08-28 16:49 PST,26.08,25.5,0.58,31.16,53.0%,4.43,5.042,2.4,42.6,28.2
KT-CC380371FE68,Dinalupihan,LOWLAND_VALLEY,28.0,Min 50,2026-08-28 16:50 PST,26.04,25.5,0.54,31.12,53.1%,4.46,5.099,2.4,42.6,27.5
KT-CC380371FE68,Dinalupihan,LOWLAND_VALLEY,28.0,Min 51,2026-08-28 16:51 PST,25.99,25.5,0.49,31.07,53.2%,4.48,5.157,2.4,42.6,27.9
KT-CC380371FE68,Dinalupihan,LOWLAND_VALLEY,28.0,Min 52,2026-08-28 16:52 PST,25.95,25.5,0.45,31.03,53.2%,4.5,5.214,2.4,42.6,30.4
KT-CC380371FE68,Dinalupihan,LOWLAND_VALLEY,28.0,Min 53,2026-08-28 16:53 PST,25.9,25.5,0.4,30.98,53.3%,4.53,5.272,2.4,42.5,28.1
KT-CC380371FE68,Dinalupihan,LOWLAND_VALLEY,28.0,Min 54,2026-08-28 16:54 PST,25.85,25.5,0.35,30.93,53.3%,4.55,5.329,2.4,42.5,28.6
KT-CC380371FE68,Dinalupihan,LOWLAND_VALLEY,28.0,Min 55,2026-08-28 16:55 PST,25.8,25.5,0.3,30.88,53.4%,4.58,5.387,2.4,42.5,28.0
KT-CC380371FE68,Dinalupihan,LOWLAND_VALLEY,28.0,Min 56,2026-08-28 16:56 PST,25.75,25.5,0.25,30.83,53.5%,4.6,5.445,2.4,42.5,27.3
KT-CC380371FE68,Dinalupihan,LOWLAND_VALLEY,28.0,Min 57,2026-08-28 16:57 PST,25.7,25.5,0.2,30.78,53.5%,4.62,5.503,2.4,42.5,27.3
KT-CC380371FE68,Dinalupihan,LOWLAND_VALLEY,28.0,Min 58,2026-08-28 16:58 PST,25.64,25.5,0.14,30.72,53.6%,4.65,5.561,2.4,42.5,27.4
KT-CC380371FE68,Dinalupihan,LOWLAND_VALLEY,28.0,Min 59,2026-08-28 16:59 PST,25.59,25.5,0.09,30.67,53.7%,4.67,5.62,2.4,42.4,27.6
KT-CC380371FE68,Dinalupihan,LOWLAND_VALLEY,28.0,Min 60,2026-08-28 17:00 PST,25.54,25.5,0.04,30.62,53.8%,4.7,5.678,2.4,42.4,29.3
KT-B850AD182EC8,Dona Maria,URBAN_PLAIN,16.0,Min 01,2026-08-28 16:01 PST,28.46,25.5,2.96,33.54,50.1%,3.37,2.151,2.1,43.4,131.0
KT-B850AD182EC8,Dona Maria,URBAN_PLAIN,16.0,Min 02,2026-08-28 16:02 PST,28.42,25.5,2.92,33.5,50.1%,3.39,2.201,2.1,43.3,104.3
KT-B850AD182EC8,Dona Maria,URBAN_PLAIN,16.0,Min 03,2026-08-28 16:03 PST,28.37,25.5,2.87,33.45,50.2%,3.41,2.252,2.1,43.3,85.8
KT-B850AD182EC8,Dona Maria,URBAN_PLAIN,16.0,Min 04,2026-08-28 16:04 PST,28.33,25.5,2.83,33.41,50.2%,3.42,2.303,2.1,43.3,77.5
KT-B850AD182EC8,Dona Maria,URBAN_PLAIN,16.0,Min 05,2026-08-28 16:05 PST,28.29,25.5,2.79,33.37,50.3%,3.44,2.354,2.1,43.3,76.4
KT-B850AD182EC8,Dona Maria,URBAN_PLAIN,16.0,Min 06,2026-08-28 16:06 PST,28.25,25.5,2.75,33.33,50.4%,3.46,2.405,2.1,43.3,74.2
KT-B850AD182EC8,Dona Maria,URBAN_PLAIN,16.0,Min 07,2026-08-28 16:07 PST,28.2,25.5,2.7,33.28,50.4%,3.47,2.456,2.1,43.3,97.2
KT-B850AD182EC8,Dona Maria,URBAN_PLAIN,16.0,Min 08,2026-08-28 16:08 PST,28.15,25.5,2.65,33.23,50.5%,3.49,2.508,2.1,43.3,48.4
KT-B850AD182EC8,Dona Maria,URBAN_PLAIN,16.0,Min 09,2026-08-28 16:09 PST,28.11,25.5,2.61,33.19,50.5%,3.51,2.559,2.1,43.2,32.3
KT-B850AD182EC8,Dona Maria,URBAN_PLAIN,16.0,Min 10,2026-08-28 16:10 PST,28.06,25.5,2.56,33.14,50.6%,3.52,2.611,2.1,43.2,30.6
KT-B850AD182EC8,Dona Maria,URBAN_PLAIN,16.0,Min 11,2026-08-28 16:11 PST,28.01,25.5,2.51,33.09,50.6%,3.54,2.663,2.1,43.2,29.1
KT-B850AD182EC8,Dona Maria,URBAN_PLAIN,16.0,Min 12,2026-08-28 16:12 PST,27.96,25.5,2.46,33.04,50.6%,3.56,2.714,2.1,43.2,29.1
KT-B850AD182EC8,Dona Maria,URBAN_PLAIN,16.0,Min 13,2026-08-28 16:13 PST,27.91,25.5,2.41,32.99,50.7%,3.57,2.766,2.1,43.2,28.7
KT-B850AD182EC8,Dona Maria,URBAN_PLAIN,16.0,Min 14,2026-08-28 16:14 PST,27.85,25.5,2.35,32.93,50.7%,3.59,2.818,2.1,43.2,28.9
KT-B850AD182EC8,Dona Maria,URBAN_PLAIN,16.0,Min 15,2026-08-28 16:15 PST,27.8,25.5,2.3,32.88,50.8%,3.6,2.87,2.1,43.1,29.3
KT-B850AD182EC8,Dona Maria,URBAN_PLAIN,16.0,Min 16,2026-08-28 16:16 PST,27.75,25.5,2.25,32.83,50.8%,3.62,2.923,2.1,43.1,37.2
KT-B850AD182EC8,Dona Maria,URBAN_PLAIN,16.0,Min 17,2026-08-28 16:17 PST,27.69,25.5,2.19,32.77,50.8%,3.64,2.975,2.1,43.1,38.1
KT-B850AD182EC8,Dona Maria,URBAN_PLAIN,16.0,Min 18,2026-08-28 16:18 PST,27.63,25.5,2.13,32.71,50.9%,3.65,3.027,2.1,43.1,31.5
KT-B850AD182EC8,Dona Maria,URBAN_PLAIN,16.0,Min 19,2026-08-28 16:19 PST,27.57,25.5,2.07,32.65,50.9%,3.67,3.08,2.1,43.1,36.6
KT-B850AD182EC8,Dona Maria,URBAN_PLAIN,16.0,Min 20,2026-08-28 16:20 PST,27.52,25.5,2.02,32.6,51.0%,3.68,3.132,2.1,43.1,29.9
KT-B850AD182EC8,Dona Maria,URBAN_PLAIN,16.0,Min 21,2026-08-28 16:21 PST,27.46,25.5,1.96,32.54,51.0%,3.7,3.185,2.1,43.0,30.5
KT-B850AD182EC8,Dona Maria,URBAN_PLAIN,16.0,Min 22,2026-08-28 16:22 PST,27.4,25.5,1.9,32.48,51.0%,3.71,3.237,2.1,43.0,30.7
KT-B850AD182EC8,Dona Maria,URBAN_PLAIN,16.0,Min 23,2026-08-28 16:23 PST,27.34,25.5,1.84,32.42,51.1%,3.73,3.29,2.1,43.0,36.3
KT-B850AD182EC8,Dona Maria,URBAN_PLAIN,16.0,Min 24,2026-08-28 16:24 PST,27.28,25.5,1.78,32.36,51.1%,3.74,3.343,2.1,43.0,29.4
KT-B850AD182EC8,Dona Maria,URBAN_PLAIN,16.0,Min 25,2026-08-28 16:25 PST,27.22,25.5,1.72,32.3,51.1%,3.76,3.396,2.1,43.0,28.9
KT-B850AD182EC8,Dona Maria,URBAN_PLAIN,16.0,Min 26,2026-08-28 16:26 PST,27.17,25.5,1.67,32.25,51.1%,3.77,3.449,2.1,42.9,29.4
KT-B850AD182EC8,Dona Maria,URBAN_PLAIN,16.0,Min 27,2026-08-28 16:27 PST,27.11,25.5,1.61,32.19,51.2%,3.79,3.502,2.1,42.9,29.3
KT-B850AD182EC8,Dona Maria,URBAN_PLAIN,16.0,Min 28,2026-08-28 16:28 PST,27.05,25.5,1.55,32.13,51.2%,3.8,3.555,2.1,42.9,30.4
KT-B850AD182EC8,Dona Maria,URBAN_PLAIN,16.0,Min 29,2026-08-28 16:29 PST,27.0,25.5,1.5,32.08,51.2%,3.81,3.608,2.1,42.9,29.4
KT-B850AD182EC8,Dona Maria,URBAN_PLAIN,16.0,Min 30,2026-08-28 16:30 PST,26.95,25.5,1.45,32.03,51.3%,3.83,3.662,2.1,42.9,29.2
KT-B850AD182EC8,Dona Maria,URBAN_PLAIN,16.0,Min 31,2026-08-28 16:31 PST,26.89,25.5,1.39,31.97,51.3%,3.84,3.715,2.1,42.9,34.5
KT-B850AD182EC8,Dona Maria,URBAN_PLAIN,16.0,Min 32,2026-08-28 16:32 PST,26.84,25.5,1.34,31.92,51.3%,3.86,3.769,2.1,42.8,28.8
KT-B850AD182EC8,Dona Maria,URBAN_PLAIN,16.0,Min 33,2026-08-28 16:33 PST,26.79,25.5,1.29,31.87,51.4%,3.87,3.822,2.1,42.8,28.5
KT-B850AD182EC8,Dona Maria,URBAN_PLAIN,16.0,Min 34,2026-08-28 16:34 PST,26.74,25.5,1.24,31.82,51.4%,3.89,3.876,2.1,42.8,28.6
KT-B850AD182EC8,Dona Maria,URBAN_PLAIN,16.0,Min 35,2026-08-28 16:35 PST,26.69,25.5,1.19,31.77,51.4%,3.9,3.929,2.1,42.8,28.5
KT-B850AD182EC8,Dona Maria,URBAN_PLAIN,16.0,Min 36,2026-08-28 16:36 PST,26.65,25.5,1.15,31.73,51.5%,3.92,3.983,2.1,42.8,28.5
KT-B850AD182EC8,Dona Maria,URBAN_PLAIN,16.0,Min 37,2026-08-28 16:37 PST,26.6,25.5,1.1,31.68,51.5%,3.93,4.037,2.1,42.8,28.7
KT-B850AD182EC8,Dona Maria,URBAN_PLAIN,16.0,Min 38,2026-08-28 16:38 PST,26.55,25.5,1.05,31.63,51.5%,3.95,4.091,2.1,42.8,27.9
KT-B850AD182EC8,Dona Maria,URBAN_PLAIN,16.0,Min 39,2026-08-28 16:39 PST,26.51,25.5,1.01,31.59,51.6%,3.97,4.145,2.1,42.7,46.6
KT-B850AD182EC8,Dona Maria,URBAN_PLAIN,16.0,Min 40,2026-08-28 16:40 PST,26.47,25.5,0.97,31.55,51.6%,3.98,4.199,2.1,42.7,35.0
KT-B850AD182EC8,Dona Maria,URBAN_PLAIN,16.0,Min 41,2026-08-28 16:41 PST,26.43,25.5,0.93,31.51,51.6%,4.0,4.253,2.1,42.7,30.2
KT-B850AD182EC8,Dona Maria,URBAN_PLAIN,16.0,Min 42,2026-08-28 16:42 PST,26.38,25.5,0.88,31.46,51.7%,4.01,4.308,2.1,42.7,29.4
KT-B850AD182EC8,Dona Maria,URBAN_PLAIN,16.0,Min 43,2026-08-28 16:43 PST,26.34,25.5,0.84,31.42,51.7%,4.03,4.362,2.1,42.7,29.4
KT-B850AD182EC8,Dona Maria,URBAN_PLAIN,16.0,Min 44,2026-08-28 16:44 PST,26.3,25.5,0.8,31.38,51.7%,4.04,4.416,2.1,42.7,35.2
KT-B850AD182EC8,Dona Maria,URBAN_PLAIN,16.0,Min 45,2026-08-28 16:45 PST,26.26,25.5,0.76,31.34,51.8%,4.06,4.471,2.1,42.7,28.6
KT-B850AD182EC8,Dona Maria,URBAN_PLAIN,16.0,Min 46,2026-08-28 16:46 PST,26.22,25.5,0.72,31.3,51.8%,4.08,4.526,2.1,42.6,29.0
KT-B850AD182EC8,Dona Maria,URBAN_PLAIN,16.0,Min 47,2026-08-28 16:47 PST,26.18,25.5,0.68,31.26,51.8%,4.09,4.58,2.1,42.6,28.6
KT-B850AD182EC8,Dona Maria,URBAN_PLAIN,16.0,Min 48,2026-08-28 16:48 PST,26.13,25.5,0.63,31.21,51.9%,4.11,4.635,2.1,42.6,31.2
KT-B850AD182EC8,Dona Maria,URBAN_PLAIN,16.0,Min 49,2026-08-28 16:49 PST,26.09,25.5,0.59,31.17,51.9%,4.13,4.69,2.1,42.6,28.8
KT-B850AD182EC8,Dona Maria,URBAN_PLAIN,16.0,Min 50,2026-08-28 16:50 PST,26.05,25.5,0.55,31.13,52.0%,4.14,4.745,2.1,42.6,28.4
KT-B850AD182EC8,Dona Maria,URBAN_PLAIN,16.0,Min 51,2026-08-28 16:51 PST,26.0,25.5,0.5,31.08,52.0%,4.16,4.8,2.1,42.6,29.6
KT-B850AD182EC8,Dona Maria,URBAN_PLAIN,16.0,Min 52,2026-08-28 16:52 PST,25.95,25.5,0.45,31.03,52.0%,4.18,4.856,2.1,42.6,32.2
KT-B850AD182EC8,Dona Maria,URBAN_PLAIN,16.0,Min 53,2026-08-28 16:53 PST,25.91,25.5,0.41,30.99,52.1%,4.19,4.911,2.1,42.5,29.0
KT-B850AD182EC8,Dona Maria,URBAN_PLAIN,16.0,Min 54,2026-08-28 16:54 PST,25.86,25.5,0.36,30.94,52.1%,4.21,4.966,2.1,42.5,30.1
KT-B850AD182EC8,Dona Maria,URBAN_PLAIN,16.0,Min 55,2026-08-28 16:55 PST,25.81,25.5,0.31,30.89,52.2%,4.23,5.022,2.1,42.5,28.9
KT-B850AD182EC8,Dona Maria,URBAN_PLAIN,16.0,Min 56,2026-08-28 16:56 PST,25.76,25.5,0.26,30.84,52.2%,4.24,5.078,2.1,42.5,30.9
KT-B850AD182EC8,Dona Maria,URBAN_PLAIN,16.0,Min 57,2026-08-28 16:57 PST,25.71,25.5,0.21,30.79,52.2%,4.26,5.133,2.1,42.5,33.6
KT-B850AD182EC8,Dona Maria,URBAN_PLAIN,16.0,Min 58,2026-08-28 16:58 PST,25.65,25.5,0.15,30.73,52.3%,4.28,5.189,2.1,42.5,28.5
KT-B850AD182EC8,Dona Maria,URBAN_PLAIN,16.0,Min 59,2026-08-28 16:59 PST,25.6,25.5,0.1,30.68,52.3%,4.29,5.245,2.1,42.4,29.7
KT-B850AD182EC8,Dona Maria,URBAN_PLAIN,16.0,Min 60,2026-08-28 17:00 PST,25.55,25.5,0.05,30.63,52.4%,4.31,5.301,2.1,42.4,30.8
KT-A86039DC5194,Pag Asa Orani,COASTAL_PLAIN,12.0,Min 01,2026-08-28 16:01 PST,28.45,25.0,3.45,33.53,50.1%,3.37,2.351,2.3,43.4,101.7
KT-A86039DC5194,Pag Asa Orani,COASTAL_PLAIN,12.0,Min 02,2026-08-28 16:02 PST,28.4,25.0,3.4,33.48,50.2%,3.39,2.401,2.3,43.3,60.3
KT-A86039DC5194,Pag Asa Orani,COASTAL_PLAIN,12.0,Min 03,2026-08-28 16:03 PST,28.35,25.0,3.35,33.43,50.2%,3.41,2.452,2.3,43.3,49.7
KT-A86039DC5194,Pag Asa Orani,COASTAL_PLAIN,12.0,Min 04,2026-08-28 16:04 PST,28.3,25.0,3.3,33.38,50.3%,3.44,2.503,2.3,43.3,48.7
KT-A86039DC5194,Pag Asa Orani,COASTAL_PLAIN,12.0,Min 05,2026-08-28 16:05 PST,28.25,25.0,3.25,33.33,50.4%,3.46,2.554,2.3,43.3,52.8
KT-A86039DC5194,Pag Asa Orani,COASTAL_PLAIN,12.0,Min 06,2026-08-28 16:06 PST,28.2,25.0,3.2,33.28,50.5%,3.48,2.606,2.3,43.3,49.4
KT-A86039DC5194,Pag Asa Orani,COASTAL_PLAIN,12.0,Min 07,2026-08-28 16:07 PST,28.14,25.0,3.14,33.22,50.6%,3.51,2.657,2.3,43.3,49.3
KT-A86039DC5194,Pag Asa Orani,COASTAL_PLAIN,12.0,Min 08,2026-08-28 16:08 PST,28.09,25.0,3.09,33.17,50.8%,3.53,2.709,2.3,43.2,48.7
KT-A86039DC5194,Pag Asa Orani,COASTAL_PLAIN,12.0,Min 09,2026-08-28 16:09 PST,28.03,25.0,3.03,33.11,50.9%,3.56,2.761,2.3,43.2,51.8
KT-A86039DC5194,Pag Asa Orani,COASTAL_PLAIN,12.0,Min 10,2026-08-28 16:10 PST,27.98,25.0,2.98,33.06,51.0%,3.59,2.814,2.3,43.2,46.7
KT-A86039DC5194,Pag Asa Orani,COASTAL_PLAIN,12.0,Min 11,2026-08-28 16:11 PST,27.92,25.0,2.92,33.0,51.1%,3.62,2.866,2.3,43.2,33.1
KT-A86039DC5194,Pag Asa Orani,COASTAL_PLAIN,12.0,Min 12,2026-08-28 16:12 PST,27.86,25.0,2.86,32.94,51.3%,3.65,2.919,2.3,43.2,33.0
KT-A86039DC5194,Pag Asa Orani,COASTAL_PLAIN,12.0,Min 13,2026-08-28 16:13 PST,27.8,25.0,2.8,32.88,51.4%,3.68,2.972,2.3,43.1,29.3
KT-A86039DC5194,Pag Asa Orani,COASTAL_PLAIN,12.0,Min 14,2026-08-28 16:14 PST,27.74,25.0,2.74,32.82,51.6%,3.71,3.025,2.3,43.1,28.6
KT-A86039DC5194,Pag Asa Orani,COASTAL_PLAIN,12.0,Min 15,2026-08-28 16:15 PST,27.68,25.0,2.68,32.76,51.7%,3.74,3.079,2.3,43.1,31.4
KT-A86039DC5194,Pag Asa Orani,COASTAL_PLAIN,12.0,Min 16,2026-08-28 16:16 PST,27.61,25.0,2.61,32.69,51.9%,3.77,3.133,2.3,43.1,42.2
KT-A86039DC5194,Pag Asa Orani,COASTAL_PLAIN,12.0,Min 17,2026-08-28 16:17 PST,27.55,25.0,2.55,32.63,52.0%,3.8,3.187,2.3,43.1,43.7
KT-A86039DC5194,Pag Asa Orani,COASTAL_PLAIN,12.0,Min 18,2026-08-28 16:18 PST,27.48,25.0,2.48,32.56,52.2%,3.84,3.242,2.3,43.0,57.2
KT-A86039DC5194,Pag Asa Orani,COASTAL_PLAIN,12.0,Min 19,2026-08-28 16:19 PST,27.42,25.0,2.42,32.5,52.4%,3.87,3.297,2.3,43.0,48.6
KT-A86039DC5194,Pag Asa Orani,COASTAL_PLAIN,12.0,Min 20,2026-08-28 16:20 PST,27.35,25.0,2.35,32.43,52.5%,3.9,3.352,2.3,43.0,37.8
KT-A86039DC5194,Pag Asa Orani,COASTAL_PLAIN,12.0,Min 21,2026-08-28 16:21 PST,27.28,25.0,2.28,32.36,52.7%,3.94,3.408,2.3,43.0,49.1
KT-A86039DC5194,Pag Asa Orani,COASTAL_PLAIN,12.0,Min 22,2026-08-28 16:22 PST,27.22,25.0,2.22,32.3,52.9%,3.98,3.464,2.3,43.0,33.1
KT-A86039DC5194,Pag Asa Orani,COASTAL_PLAIN,12.0,Min 23,2026-08-28 16:23 PST,27.15,25.0,2.15,32.23,53.1%,4.01,3.52,2.3,42.9,40.3
KT-A86039DC5194,Pag Asa Orani,COASTAL_PLAIN,12.0,Min 24,2026-08-28 16:24 PST,27.08,25.0,2.08,32.16,53.3%,4.05,3.577,2.3,42.9,46.8
KT-A86039DC5194,Pag Asa Orani,COASTAL_PLAIN,12.0,Min 25,2026-08-28 16:25 PST,27.02,25.0,2.02,32.1,53.5%,4.09,3.634,2.3,42.9,47.9
KT-A86039DC5194,Pag Asa Orani,COASTAL_PLAIN,12.0,Min 26,2026-08-28 16:26 PST,26.95,25.0,1.95,32.03,53.7%,4.12,3.691,2.3,42.9,46.8
KT-A86039DC5194,Pag Asa Orani,COASTAL_PLAIN,12.0,Min 27,2026-08-28 16:27 PST,26.89,25.0,1.89,31.97,53.9%,4.16,3.749,2.3,42.9,44.7
KT-A86039DC5194,Pag Asa Orani,COASTAL_PLAIN,12.0,Min 28,2026-08-28 16:28 PST,26.82,25.0,1.82,31.9,54.1%,4.2,3.807,2.3,42.8,44.4
KT-A86039DC5194,Pag Asa Orani,COASTAL_PLAIN,12.0,Min 29,2026-08-28 16:29 PST,26.76,25.0,1.76,31.84,54.3%,4.24,3.866,2.3,42.8,56.4
KT-A86039DC5194,Pag Asa Orani,COASTAL_PLAIN,12.0,Min 30,2026-08-28 16:30 PST,26.7,25.0,1.7,31.78,54.5%,4.28,3.925,2.3,42.8,46.7
KT-A86039DC5194,Pag Asa Orani,COASTAL_PLAIN,12.0,Min 31,2026-08-28 16:31 PST,26.63,25.0,1.63,31.71,54.7%,4.32,3.984,2.3,42.8,46.3
KT-A86039DC5194,Pag Asa Orani,COASTAL_PLAIN,12.0,Min 32,2026-08-28 16:32 PST,26.57,25.0,1.57,31.65,54.9%,4.36,4.044,2.3,42.8,47.4
KT-A86039DC5194,Pag Asa Orani,COASTAL_PLAIN,12.0,Min 33,2026-08-28 16:33 PST,26.51,25.0,1.51,31.59,55.2%,4.4,4.104,2.3,42.7,48.1
KT-A86039DC5194,Pag Asa Orani,COASTAL_PLAIN,12.0,Min 34,2026-08-28 16:34 PST,26.46,25.0,1.46,31.54,55.4%,4.44,4.165,2.3,42.7,46.9
KT-A86039DC5194,Pag Asa Orani,COASTAL_PLAIN,12.0,Min 35,2026-08-28 16:35 PST,26.4,25.0,1.4,31.48,55.6%,4.48,4.226,2.3,42.7,48.7
KT-A86039DC5194,Pag Asa Orani,COASTAL_PLAIN,12.0,Min 36,2026-08-28 16:36 PST,26.34,25.0,1.34,31.42,55.8%,4.53,4.287,2.3,42.7,47.2
KT-A86039DC5194,Pag Asa Orani,COASTAL_PLAIN,12.0,Min 37,2026-08-28 16:37 PST,26.29,25.0,1.29,31.37,56.0%,4.57,4.349,2.3,42.7,47.1
KT-A86039DC5194,Pag Asa Orani,COASTAL_PLAIN,12.0,Min 38,2026-08-28 16:38 PST,26.24,25.0,1.24,31.32,56.3%,4.61,4.412,2.3,42.6,47.7
KT-A86039DC5194,Pag Asa Orani,COASTAL_PLAIN,12.0,Min 39,2026-08-28 16:39 PST,26.19,25.0,1.19,31.27,56.5%,4.65,4.474,2.3,42.6,49.5
KT-A86039DC5194,Pag Asa Orani,COASTAL_PLAIN,12.0,Min 40,2026-08-28 16:40 PST,26.13,25.0,1.13,31.21,56.7%,4.69,4.537,2.3,42.6,47.5
KT-A86039DC5194,Pag Asa Orani,COASTAL_PLAIN,12.0,Min 41,2026-08-28 16:41 PST,26.08,25.0,1.08,31.16,56.9%,4.74,4.601,2.3,42.6,48.3
KT-A86039DC5194,Pag Asa Orani,COASTAL_PLAIN,12.0,Min 42,2026-08-28 16:42 PST,26.03,25.0,1.03,31.11,57.2%,4.78,4.665,2.3,42.6,47.4
KT-A86039DC5194,Pag Asa Orani,COASTAL_PLAIN,12.0,Min 43,2026-08-28 16:43 PST,25.98,25.0,0.98,31.06,57.4%,4.82,4.729,2.3,42.6,47.2
KT-A86039DC5194,Pag Asa Orani,COASTAL_PLAIN,12.0,Min 44,2026-08-28 16:44 PST,25.93,25.0,0.93,31.01,57.6%,4.86,4.794,2.3,42.6,51.8
KT-A86039DC5194,Pag Asa Orani,COASTAL_PLAIN,12.0,Min 45,2026-08-28 16:45 PST,25.88,25.0,0.88,30.96,57.8%,4.9,4.86,2.3,42.5,54.4
KT-A86039DC5194,Pag Asa Orani,COASTAL_PLAIN,12.0,Min 46,2026-08-28 16:46 PST,25.83,25.0,0.83,30.91,58.1%,4.95,4.925,2.3,42.5,47.9
KT-A86039DC5194,Pag Asa Orani,COASTAL_PLAIN,12.0,Min 47,2026-08-28 16:47 PST,25.78,25.0,0.78,30.86,58.3%,4.99,4.991,2.3,42.5,48.6
KT-A86039DC5194,Pag Asa Orani,COASTAL_PLAIN,12.0,Min 48,2026-08-28 16:48 PST,25.73,25.0,0.73,30.81,58.5%,5.03,5.058,2.3,42.5,50.3
KT-A86039DC5194,Pag Asa Orani,COASTAL_PLAIN,12.0,Min 49,2026-08-28 16:49 PST,25.68,25.0,0.68,30.76,58.8%,5.07,5.125,2.3,42.5,48.1
KT-A86039DC5194,Pag Asa Orani,COASTAL_PLAIN,12.0,Min 50,2026-08-28 16:50 PST,25.63,25.0,0.63,30.71,59.0%,5.11,5.192,2.3,42.5,46.7
KT-A86039DC5194,Pag Asa Orani,COASTAL_PLAIN,12.0,Min 51,2026-08-28 16:51 PST,25.57,25.0,0.57,30.65,59.2%,5.16,5.26,2.3,42.4,49.7
KT-A86039DC5194,Pag Asa Orani,COASTAL_PLAIN,12.0,Min 52,2026-08-28 16:52 PST,25.52,25.0,0.52,30.6,59.4%,5.2,5.328,2.3,42.4,46.5
KT-A86039DC5194,Pag Asa Orani,COASTAL_PLAIN,12.0,Min 53,2026-08-28 16:53 PST,25.46,25.0,0.46,30.54,59.6%,5.24,5.396,2.3,42.4,31.7
KT-A86039DC5194,Pag Asa Orani,COASTAL_PLAIN,12.0,Min 54,2026-08-28 16:54 PST,25.41,25.0,0.41,30.49,59.9%,5.28,5.465,2.3,42.4,61.9
KT-A86039DC5194,Pag Asa Orani,COASTAL_PLAIN,12.0,Min 55,2026-08-28 16:55 PST,25.35,25.0,0.35,30.43,60.1%,5.32,5.535,2.3,42.4,56.7
KT-A86039DC5194,Pag Asa Orani,COASTAL_PLAIN,12.0,Min 56,2026-08-28 16:56 PST,25.29,25.0,0.29,30.37,60.3%,5.37,5.604,2.3,42.4,52.0
KT-A86039DC5194,Pag Asa Orani,COASTAL_PLAIN,12.0,Min 57,2026-08-28 16:57 PST,25.23,25.0,0.23,30.31,60.5%,5.41,5.675,2.3,42.3,47.0
KT-A86039DC5194,Pag Asa Orani,COASTAL_PLAIN,12.0,Min 58,2026-08-28 16:58 PST,25.17,25.0,0.17,30.25,60.7%,5.45,5.745,2.3,42.3,49.4
KT-A86039DC5194,Pag Asa Orani,COASTAL_PLAIN,12.0,Min 59,2026-08-28 16:59 PST,25.11,25.0,0.11,30.19,60.9%,5.49,5.816,2.3,42.3,49.7
KT-A86039DC5194,Pag Asa Orani,COASTAL_PLAIN,12.0,Min 60,2026-08-28 17:00 PST,25.04,25.0,0.04,30.12,61.2%,5.53,5.887,2.3,42.3,72.2
KT-8CEE47DC5194,1Bataan Command Center,REGIONAL_HUB,22.0,Min 01,2026-08-28 16:01 PST,28.46,25.6,2.86,33.54,50.1%,3.37,2.051,2.0,43.4,100.5
KT-8CEE47DC5194,1Bataan Command Center,REGIONAL_HUB,22.0,Min 02,2026-08-28 16:02 PST,28.42,25.6,2.82,33.5,50.1%,3.38,2.101,2.0,43.3,54.6
KT-8CEE47DC5194,1Bataan Command Center,REGIONAL_HUB,22.0,Min 03,2026-08-28 16:03 PST,28.38,25.6,2.78,33.46,50.2%,3.4,2.152,2.0,43.3,47.0
KT-8CEE47DC5194,1Bataan Command Center,REGIONAL_HUB,22.0,Min 04,2026-08-28 16:04 PST,28.34,25.6,2.74,33.42,50.2%,3.41,2.203,2.0,43.3,43.4
KT-8CEE47DC5194,1Bataan Command Center,REGIONAL_HUB,22.0,Min 05,2026-08-28 16:05 PST,28.3,25.6,2.7,33.38,50.3%,3.43,2.253,2.0,43.3,49.8
KT-8CEE47DC5194,1Bataan Command Center,REGIONAL_HUB,22.0,Min 06,2026-08-28 16:06 PST,28.26,25.6,2.66,33.34,50.3%,3.44,2.304,2.0,43.3,43.9
KT-8CEE47DC5194,1Bataan Command Center,REGIONAL_HUB,22.0,Min 07,2026-08-28 16:07 PST,28.21,25.6,2.61,33.29,50.3%,3.46,2.355,2.0,43.3,42.6
KT-8CEE47DC5194,1Bataan Command Center,REGIONAL_HUB,22.0,Min 08,2026-08-28 16:08 PST,28.17,25.6,2.57,33.25,50.4%,3.47,2.407,2.0,43.3,39.2
KT-8CEE47DC5194,1Bataan Command Center,REGIONAL_HUB,22.0,Min 09,2026-08-28 16:09 PST,28.12,25.6,2.52,33.2,50.4%,3.48,2.458,2.0,43.2,39.5
KT-8CEE47DC5194,1Bataan Command Center,REGIONAL_HUB,22.0,Min 10,2026-08-28 16:10 PST,28.08,25.6,2.48,33.16,50.4%,3.5,2.509,2.0,43.2,41.6
KT-8CEE47DC5194,1Bataan Command Center,REGIONAL_HUB,22.0,Min 11,2026-08-28 16:11 PST,28.03,25.6,2.43,33.11,50.5%,3.51,2.56,2.0,43.2,36.2
KT-8CEE47DC5194,1Bataan Command Center,REGIONAL_HUB,22.0,Min 12,2026-08-28 16:12 PST,27.98,25.6,2.38,33.06,50.5%,3.52,2.611,2.0,43.2,39.3
KT-8CEE47DC5194,1Bataan Command Center,REGIONAL_HUB,22.0,Min 13,2026-08-28 16:13 PST,27.93,25.6,2.33,33.01,50.5%,3.54,2.663,2.0,43.2,35.6
KT-8CEE47DC5194,1Bataan Command Center,REGIONAL_HUB,22.0,Min 14,2026-08-28 16:14 PST,27.88,25.6,2.28,32.96,50.5%,3.55,2.714,2.0,43.2,34.9
KT-8CEE47DC5194,1Bataan Command Center,REGIONAL_HUB,22.0,Min 15,2026-08-28 16:15 PST,27.83,25.6,2.23,32.91,50.5%,3.56,2.765,2.0,43.2,35.7
KT-8CEE47DC5194,1Bataan Command Center,REGIONAL_HUB,22.0,Min 16,2026-08-28 16:16 PST,27.78,25.6,2.18,32.86,50.6%,3.57,2.817,2.0,43.1,37.7
KT-8CEE47DC5194,1Bataan Command Center,REGIONAL_HUB,22.0,Min 17,2026-08-28 16:17 PST,27.72,25.6,2.12,32.8,50.6%,3.58,2.868,2.0,43.1,53.2
KT-8CEE47DC5194,1Bataan Command Center,REGIONAL_HUB,22.0,Min 18,2026-08-28 16:18 PST,27.67,25.6,2.07,32.75,50.6%,3.59,2.92,2.0,43.1,51.6
KT-8CEE47DC5194,1Bataan Command Center,REGIONAL_HUB,22.0,Min 19,2026-08-28 16:19 PST,27.61,25.6,2.01,32.69,50.6%,3.61,2.971,2.0,43.1,38.3
KT-8CEE47DC5194,1Bataan Command Center,REGIONAL_HUB,22.0,Min 20,2026-08-28 16:20 PST,27.55,25.6,1.95,32.63,50.6%,3.62,3.023,2.0,43.1,36.2
KT-8CEE47DC5194,1Bataan Command Center,REGIONAL_HUB,22.0,Min 21,2026-08-28 16:21 PST,27.5,25.6,1.9,32.58,50.6%,3.63,3.075,2.0,43.0,36.0
KT-8CEE47DC5194,1Bataan Command Center,REGIONAL_HUB,22.0,Min 22,2026-08-28 16:22 PST,27.44,25.6,1.84,32.52,50.7%,3.64,3.126,2.0,43.0,35.3
KT-8CEE47DC5194,1Bataan Command Center,REGIONAL_HUB,22.0,Min 23,2026-08-28 16:23 PST,27.39,25.6,1.79,32.47,50.7%,3.65,3.178,2.0,43.0,35.7
KT-8CEE47DC5194,1Bataan Command Center,REGIONAL_HUB,22.0,Min 24,2026-08-28 16:24 PST,27.33,25.6,1.73,32.41,50.7%,3.66,3.23,2.0,43.0,37.5
KT-8CEE47DC5194,1Bataan Command Center,REGIONAL_HUB,22.0,Min 25,2026-08-28 16:25 PST,27.27,25.6,1.67,32.35,50.7%,3.67,3.281,2.0,43.0,38.0
KT-8CEE47DC5194,1Bataan Command Center,REGIONAL_HUB,22.0,Min 26,2026-08-28 16:26 PST,27.22,25.6,1.62,32.3,50.7%,3.68,3.333,2.0,43.0,38.9
KT-8CEE47DC5194,1Bataan Command Center,REGIONAL_HUB,22.0,Min 27,2026-08-28 16:27 PST,27.16,25.6,1.56,32.24,50.7%,3.69,3.385,2.0,42.9,43.5
KT-8CEE47DC5194,1Bataan Command Center,REGIONAL_HUB,22.0,Min 28,2026-08-28 16:28 PST,27.11,25.6,1.51,32.19,50.7%,3.71,3.436,2.0,42.9,37.2
KT-8CEE47DC5194,1Bataan Command Center,REGIONAL_HUB,22.0,Min 29,2026-08-28 16:29 PST,27.06,25.6,1.46,32.14,50.7%,3.72,3.488,2.0,42.9,38.6
KT-8CEE47DC5194,1Bataan Command Center,REGIONAL_HUB,22.0,Min 30,2026-08-28 16:30 PST,27.01,25.6,1.41,32.09,50.7%,3.73,3.54,2.0,42.9,37.7
KT-8CEE47DC5194,1Bataan Command Center,REGIONAL_HUB,22.0,Min 31,2026-08-28 16:31 PST,26.95,25.6,1.35,32.03,50.7%,3.74,3.592,2.0,42.9,31.3
KT-8CEE47DC5194,1Bataan Command Center,REGIONAL_HUB,22.0,Min 32,2026-08-28 16:32 PST,26.91,25.6,1.31,31.99,50.8%,3.75,3.643,2.0,42.9,28.9
KT-8CEE47DC5194,1Bataan Command Center,REGIONAL_HUB,22.0,Min 33,2026-08-28 16:33 PST,26.86,25.6,1.26,31.94,50.8%,3.76,3.695,2.0,42.8,29.0
KT-8CEE47DC5194,1Bataan Command Center,REGIONAL_HUB,22.0,Min 34,2026-08-28 16:34 PST,26.81,25.6,1.21,31.89,50.8%,3.77,3.747,2.0,42.8,27.7
KT-8CEE47DC5194,1Bataan Command Center,REGIONAL_HUB,22.0,Min 35,2026-08-28 16:35 PST,26.76,25.6,1.16,31.84,50.8%,3.78,3.799,2.0,42.8,27.4
KT-8CEE47DC5194,1Bataan Command Center,REGIONAL_HUB,22.0,Min 36,2026-08-28 16:36 PST,26.72,25.6,1.12,31.8,50.8%,3.79,3.851,2.0,42.8,28.6
KT-8CEE47DC5194,1Bataan Command Center,REGIONAL_HUB,22.0,Min 37,2026-08-28 16:37 PST,26.68,25.6,1.08,31.76,50.8%,3.8,3.903,2.0,42.8,28.8
KT-8CEE47DC5194,1Bataan Command Center,REGIONAL_HUB,22.0,Min 38,2026-08-28 16:38 PST,26.63,25.6,1.03,31.71,50.8%,3.81,3.955,2.0,42.8,28.7
KT-8CEE47DC5194,1Bataan Command Center,REGIONAL_HUB,22.0,Min 39,2026-08-28 16:39 PST,26.59,25.6,0.99,31.67,50.8%,3.83,4.007,2.0,42.8,28.6
KT-8CEE47DC5194,1Bataan Command Center,REGIONAL_HUB,22.0,Min 40,2026-08-28 16:40 PST,26.55,25.6,0.95,31.63,50.8%,3.84,4.059,2.0,42.7,37.1
KT-8CEE47DC5194,1Bataan Command Center,REGIONAL_HUB,22.0,Min 41,2026-08-28 16:41 PST,26.51,25.6,0.91,31.59,50.8%,3.85,4.111,2.0,42.7,28.4
KT-8CEE47DC5194,1Bataan Command Center,REGIONAL_HUB,22.0,Min 42,2026-08-28 16:42 PST,26.47,25.6,0.87,31.55,50.9%,3.86,4.163,2.0,42.7,28.1
KT-8CEE47DC5194,1Bataan Command Center,REGIONAL_HUB,22.0,Min 43,2026-08-28 16:43 PST,26.43,25.6,0.83,31.51,50.9%,3.87,4.215,2.0,42.7,44.5
KT-8CEE47DC5194,1Bataan Command Center,REGIONAL_HUB,22.0,Min 44,2026-08-28 16:44 PST,26.39,25.6,0.79,31.47,50.9%,3.88,4.267,2.0,42.7,27.4
KT-8CEE47DC5194,1Bataan Command Center,REGIONAL_HUB,22.0,Min 45,2026-08-28 16:45 PST,26.35,25.6,0.75,31.43,50.9%,3.89,4.319,2.0,42.7,27.2
KT-8CEE47DC5194,1Bataan Command Center,REGIONAL_HUB,22.0,Min 46,2026-08-28 16:46 PST,26.31,25.6,0.71,31.39,50.9%,3.91,4.371,2.0,42.7,27.8
KT-8CEE47DC5194,1Bataan Command Center,REGIONAL_HUB,22.0,Min 47,2026-08-28 16:47 PST,26.27,25.6,0.67,31.35,50.9%,3.92,4.423,2.0,42.7,28.3
KT-8CEE47DC5194,1Bataan Command Center,REGIONAL_HUB,22.0,Min 48,2026-08-28 16:48 PST,26.23,25.6,0.63,31.31,50.9%,3.93,4.475,2.0,42.6,38.4
KT-8CEE47DC5194,1Bataan Command Center,REGIONAL_HUB,22.0,Min 49,2026-08-28 16:49 PST,26.19,25.6,0.59,31.27,50.9%,3.94,4.528,2.0,42.6,40.3
KT-8CEE47DC5194,1Bataan Command Center,REGIONAL_HUB,22.0,Min 50,2026-08-28 16:50 PST,26.15,25.6,0.55,31.23,51.0%,3.95,4.58,2.0,42.6,38.9
KT-8CEE47DC5194,1Bataan Command Center,REGIONAL_HUB,22.0,Min 51,2026-08-28 16:51 PST,26.11,25.6,0.51,31.19,51.0%,3.97,4.632,2.0,42.6,39.8
KT-8CEE47DC5194,1Bataan Command Center,REGIONAL_HUB,22.0,Min 52,2026-08-28 16:52 PST,26.07,25.6,0.47,31.15,51.0%,3.98,4.685,2.0,42.6,39.5
KT-8CEE47DC5194,1Bataan Command Center,REGIONAL_HUB,22.0,Min 53,2026-08-28 16:53 PST,26.02,25.6,0.42,31.1,51.0%,3.99,4.737,2.0,42.6,40.4
KT-8CEE47DC5194,1Bataan Command Center,REGIONAL_HUB,22.0,Min 54,2026-08-28 16:54 PST,25.97,25.6,0.37,31.05,51.0%,4.0,4.789,2.0,42.6,40.2
KT-8CEE47DC5194,1Bataan Command Center,REGIONAL_HUB,22.0,Min 55,2026-08-28 16:55 PST,25.93,25.6,0.33,31.01,51.0%,4.01,4.842,2.0,42.5,41.8
KT-8CEE47DC5194,1Bataan Command Center,REGIONAL_HUB,22.0,Min 56,2026-08-28 16:56 PST,25.88,25.6,0.28,30.96,51.1%,4.03,4.894,2.0,42.5,48.5
KT-8CEE47DC5194,1Bataan Command Center,REGIONAL_HUB,22.0,Min 57,2026-08-28 16:57 PST,25.83,25.6,0.23,30.91,51.1%,4.04,4.947,2.0,42.5,39.1
KT-8CEE47DC5194,1Bataan Command Center,REGIONAL_HUB,22.0,Min 58,2026-08-28 16:58 PST,25.78,25.6,0.18,30.86,51.1%,4.05,4.999,2.0,42.5,34.8
KT-8CEE47DC5194,1Bataan Command Center,REGIONAL_HUB,22.0,Min 59,2026-08-28 16:59 PST,25.73,25.6,0.13,30.81,51.1%,4.06,5.052,2.0,42.5,32.9
KT-8CEE47DC5194,1Bataan Command Center,REGIONAL_HUB,22.0,Min 60,2026-08-28 17:00 PST,25.67,25.6,0.07,30.75,51.1%,4.08,5.105,2.0,42.5,32.6
KT-E0B89EF7A608,General Natividad,OROGRAPHIC_FOOTHILL,75.0,Min 01,2026-08-28 16:01 PST,28.46,25.5,2.96,33.54,56.4%,5.05,3.176,3.1,43.4,115.9
KT-E0B89EF7A608,General Natividad,OROGRAPHIC_FOOTHILL,75.0,Min 02,2026-08-28 16:02 PST,28.42,25.5,2.92,33.5,56.7%,5.12,3.252,3.1,43.3,90.3
KT-E0B89EF7A608,General Natividad,OROGRAPHIC_FOOTHILL,75.0,Min 03,2026-08-28 16:03 PST,28.38,25.5,2.88,33.46,56.9%,5.2,3.329,3.1,43.3,41.0
KT-E0B89EF7A608,General Natividad,OROGRAPHIC_FOOTHILL,75.0,Min 04,2026-08-28 16:04 PST,28.33,25.5,2.83,33.41,57.2%,5.28,3.407,3.1,43.3,45.7
KT-E0B89EF7A608,General Natividad,OROGRAPHIC_FOOTHILL,75.0,Min 05,2026-08-28 16:05 PST,28.29,25.5,2.79,33.37,57.4%,5.36,3.486,3.1,43.3,46.6
KT-E0B89EF7A608,General Natividad,OROGRAPHIC_FOOTHILL,75.0,Min 06,2026-08-28 16:06 PST,28.25,25.5,2.75,33.33,57.7%,5.44,3.565,3.1,43.3,39.1
KT-E0B89EF7A608,General Natividad,OROGRAPHIC_FOOTHILL,75.0,Min 07,2026-08-28 16:07 PST,28.2,25.5,2.7,33.28,58.0%,5.52,3.646,3.1,43.3,40.2
KT-E0B89EF7A608,General Natividad,OROGRAPHIC_FOOTHILL,75.0,Min 08,2026-08-28 16:08 PST,28.16,25.5,2.66,33.24,58.3%,5.61,3.727,3.1,43.3,37.3
KT-E0B89EF7A608,General Natividad,OROGRAPHIC_FOOTHILL,75.0,Min 09,2026-08-28 16:09 PST,28.11,25.5,2.61,33.19,58.6%,5.69,3.809,3.1,43.2,36.6
KT-E0B89EF7A608,General Natividad,OROGRAPHIC_FOOTHILL,75.0,Min 10,2026-08-28 16:10 PST,28.06,25.5,2.56,33.14,58.9%,5.77,3.891,3.1,43.2,37.1
KT-E0B89EF7A608,General Natividad,OROGRAPHIC_FOOTHILL,75.0,Min 11,2026-08-28 16:11 PST,28.01,25.5,2.51,33.09,59.2%,5.86,3.975,3.1,43.2,35.6
KT-E0B89EF7A608,General Natividad,OROGRAPHIC_FOOTHILL,75.0,Min 12,2026-08-28 16:12 PST,27.96,25.5,2.46,33.04,59.5%,5.94,4.059,3.1,43.2,35.9
KT-E0B89EF7A608,General Natividad,OROGRAPHIC_FOOTHILL,75.0,Min 13,2026-08-28 16:13 PST,27.91,25.5,2.41,32.99,59.8%,6.03,4.144,3.1,43.2,35.2
KT-E0B89EF7A608,General Natividad,OROGRAPHIC_FOOTHILL,75.0,Min 14,2026-08-28 16:14 PST,27.86,25.5,2.36,32.94,60.1%,6.12,4.23,3.1,43.2,35.1
KT-E0B89EF7A608,General Natividad,OROGRAPHIC_FOOTHILL,75.0,Min 15,2026-08-28 16:15 PST,27.8,25.5,2.3,32.88,60.4%,6.21,4.317,3.1,43.1,41.1
KT-E0B89EF7A608,General Natividad,OROGRAPHIC_FOOTHILL,75.0,Min 16,2026-08-28 16:16 PST,27.75,25.5,2.25,32.83,60.7%,6.29,4.405,3.1,43.1,34.8
KT-E0B89EF7A608,General Natividad,OROGRAPHIC_FOOTHILL,75.0,Min 17,2026-08-28 16:17 PST,27.69,25.5,2.19,32.77,61.0%,6.38,4.493,3.1,43.1,36.4
KT-E0B89EF7A608,General Natividad,OROGRAPHIC_FOOTHILL,75.0,Min 18,2026-08-28 16:18 PST,27.64,25.5,2.14,32.72,61.3%,6.47,4.583,3.1,43.1,34.9
KT-E0B89EF7A608,General Natividad,OROGRAPHIC_FOOTHILL,75.0,Min 19,2026-08-28 16:19 PST,27.58,25.5,2.08,32.66,61.6%,6.56,4.673,3.1,43.1,30.1
KT-E0B89EF7A608,General Natividad,OROGRAPHIC_FOOTHILL,75.0,Min 20,2026-08-28 16:20 PST,27.52,25.5,2.02,32.6,61.9%,6.65,4.764,3.1,43.1,53.0
KT-E0B89EF7A608,General Natividad,OROGRAPHIC_FOOTHILL,75.0,Min 21,2026-08-28 16:21 PST,27.46,25.5,1.96,32.54,62.1%,6.72,4.855,3.1,43.0,29.4
KT-E0B89EF7A608,General Natividad,OROGRAPHIC_FOOTHILL,75.0,Min 22,2026-08-28 16:22 PST,27.41,25.5,1.91,32.49,62.2%,6.75,4.947,3.1,43.0,28.0
KT-E0B89EF7A608,General Natividad,OROGRAPHIC_FOOTHILL,75.0,Min 23,2026-08-28 16:23 PST,27.35,25.5,1.85,32.43,62.3%,6.77,5.038,3.1,43.0,28.9
KT-E0B89EF7A608,General Natividad,OROGRAPHIC_FOOTHILL,75.0,Min 24,2026-08-28 16:24 PST,27.29,25.5,1.79,32.37,62.3%,6.8,5.129,3.1,43.0,28.2
KT-E0B89EF7A608,General Natividad,OROGRAPHIC_FOOTHILL,75.0,Min 25,2026-08-28 16:25 PST,27.23,25.5,1.73,32.31,62.4%,6.82,5.221,3.1,43.0,28.0
KT-E0B89EF7A608,General Natividad,OROGRAPHIC_FOOTHILL,75.0,Min 26,2026-08-28 16:26 PST,27.18,25.5,1.68,32.26,62.5%,6.85,5.311,3.1,42.9,28.5
KT-E0B89EF7A608,General Natividad,OROGRAPHIC_FOOTHILL,75.0,Min 27,2026-08-28 16:27 PST,27.12,25.5,1.62,32.2,62.6%,6.87,5.402,3.1,42.9,29.2
KT-E0B89EF7A608,General Natividad,OROGRAPHIC_FOOTHILL,75.0,Min 28,2026-08-28 16:28 PST,27.06,25.5,1.56,32.14,62.6%,6.9,5.493,3.1,42.9,28.9
KT-E0B89EF7A608,General Natividad,OROGRAPHIC_FOOTHILL,75.0,Min 29,2026-08-28 16:29 PST,27.01,25.5,1.51,32.09,62.7%,6.92,5.584,3.1,42.9,29.5
KT-E0B89EF7A608,General Natividad,OROGRAPHIC_FOOTHILL,75.0,Min 30,2026-08-28 16:30 PST,26.96,25.5,1.46,32.04,62.8%,6.95,5.674,3.1,42.9,28.7
KT-E0B89EF7A608,General Natividad,OROGRAPHIC_FOOTHILL,75.0,Min 31,2026-08-28 16:31 PST,26.9,25.5,1.4,31.98,62.9%,6.97,5.764,3.1,42.9,29.2
KT-E0B89EF7A608,General Natividad,OROGRAPHIC_FOOTHILL,75.0,Min 32,2026-08-28 16:32 PST,26.85,25.5,1.35,31.93,62.9%,7.0,5.855,3.1,42.8,29.5
KT-E0B89EF7A608,General Natividad,OROGRAPHIC_FOOTHILL,75.0,Min 33,2026-08-28 16:33 PST,26.8,25.5,1.3,31.88,63.0%,7.03,5.945,3.1,42.8,28.2
KT-E0B89EF7A608,General Natividad,OROGRAPHIC_FOOTHILL,75.0,Min 34,2026-08-28 16:34 PST,26.75,25.5,1.25,31.83,63.1%,7.05,6.035,3.1,42.8,28.0
KT-E0B89EF7A608,General Natividad,OROGRAPHIC_FOOTHILL,75.0,Min 35,2026-08-28 16:35 PST,26.71,25.5,1.21,31.79,63.2%,7.08,6.125,3.1,42.8,27.8
KT-E0B89EF7A608,General Natividad,OROGRAPHIC_FOOTHILL,75.0,Min 36,2026-08-28 16:36 PST,26.66,25.5,1.16,31.74,63.2%,7.1,6.214,3.1,42.8,29.6
KT-E0B89EF7A608,General Natividad,OROGRAPHIC_FOOTHILL,75.0,Min 37,2026-08-28 16:37 PST,26.61,25.5,1.11,31.69,63.3%,7.13,6.304,3.1,42.8,31.2
KT-E0B89EF7A608,General Natividad,OROGRAPHIC_FOOTHILL,75.0,Min 38,2026-08-28 16:38 PST,26.57,25.5,1.07,31.65,63.4%,7.15,6.393,3.1,42.8,28.7
KT-E0B89EF7A608,General Natividad,OROGRAPHIC_FOOTHILL,75.0,Min 39,2026-08-28 16:39 PST,26.53,25.5,1.03,31.61,63.5%,7.18,6.483,3.1,42.7,28.2
KT-E0B89EF7A608,General Natividad,OROGRAPHIC_FOOTHILL,75.0,Min 40,2026-08-28 16:40 PST,26.48,25.5,0.98,31.56,63.5%,7.2,6.572,3.1,42.7,28.5
KT-E0B89EF7A608,General Natividad,OROGRAPHIC_FOOTHILL,75.0,Min 41,2026-08-28 16:41 PST,26.44,25.5,0.94,31.52,63.6%,7.23,6.661,3.1,42.7,28.6
KT-E0B89EF7A608,General Natividad,OROGRAPHIC_FOOTHILL,75.0,Min 42,2026-08-28 16:42 PST,26.4,25.5,0.9,31.48,63.7%,7.25,6.75,3.1,42.7,31.9
KT-E0B89EF7A608,General Natividad,OROGRAPHIC_FOOTHILL,75.0,Min 43,2026-08-28 16:43 PST,26.36,25.5,0.86,31.44,63.8%,7.28,6.839,3.1,42.7,28.2
KT-E0B89EF7A608,General Natividad,OROGRAPHIC_FOOTHILL,75.0,Min 44,2026-08-28 16:44 PST,26.32,25.5,0.82,31.4,63.8%,7.3,6.928,3.1,42.7,28.4
KT-E0B89EF7A608,General Natividad,OROGRAPHIC_FOOTHILL,75.0,Min 45,2026-08-28 16:45 PST,26.28,25.5,0.78,31.36,63.9%,7.33,7.017,3.1,42.7,30.1
KT-E0B89EF7A608,General Natividad,OROGRAPHIC_FOOTHILL,75.0,Min 46,2026-08-28 16:46 PST,26.24,25.5,0.74,31.32,64.0%,7.35,7.105,3.1,42.6,27.9
KT-E0B89EF7A608,General Natividad,OROGRAPHIC_FOOTHILL,75.0,Min 47,2026-08-28 16:47 PST,26.19,25.5,0.69,31.27,64.1%,7.38,7.194,3.1,42.6,28.3
KT-E0B89EF7A608,General Natividad,OROGRAPHIC_FOOTHILL,75.0,Min 48,2026-08-28 16:48 PST,26.15,25.5,0.65,31.23,64.1%,7.41,7.282,3.1,42.6,27.7
KT-E0B89EF7A608,General Natividad,OROGRAPHIC_FOOTHILL,75.0,Min 49,2026-08-28 16:49 PST,26.11,25.5,0.61,31.19,64.2%,7.43,7.37,3.1,42.6,28.3
KT-E0B89EF7A608,General Natividad,OROGRAPHIC_FOOTHILL,75.0,Min 50,2026-08-28 16:50 PST,26.07,25.5,0.57,31.15,64.3%,7.46,7.459,3.1,42.6,27.9
KT-E0B89EF7A608,General Natividad,OROGRAPHIC_FOOTHILL,75.0,Min 51,2026-08-28 16:51 PST,26.02,25.5,0.52,31.1,64.4%,7.48,7.547,3.1,42.6,27.8
KT-E0B89EF7A608,General Natividad,OROGRAPHIC_FOOTHILL,75.0,Min 52,2026-08-28 16:52 PST,25.98,25.5,0.48,31.06,64.4%,7.51,7.635,3.1,42.6,29.4
KT-E0B89EF7A608,General Natividad,OROGRAPHIC_FOOTHILL,75.0,Min 53,2026-08-28 16:53 PST,25.93,25.5,0.43,31.01,64.5%,7.53,7.722,3.1,42.5,35.1
KT-E0B89EF7A608,General Natividad,OROGRAPHIC_FOOTHILL,75.0,Min 54,2026-08-28 16:54 PST,25.88,25.5,0.38,30.96,64.6%,7.56,7.81,3.1,42.5,29.1
KT-E0B89EF7A608,General Natividad,OROGRAPHIC_FOOTHILL,75.0,Min 55,2026-08-28 16:55 PST,25.83,25.5,0.33,30.91,64.6%,7.58,7.898,3.1,42.5,28.3
KT-E0B89EF7A608,General Natividad,OROGRAPHIC_FOOTHILL,75.0,Min 56,2026-08-28 16:56 PST,25.78,25.5,0.28,30.86,64.7%,7.61,7.985,3.1,42.5,28.0
KT-E0B89EF7A608,General Natividad,OROGRAPHIC_FOOTHILL,75.0,Min 57,2026-08-28 16:57 PST,25.73,25.5,0.23,30.81,64.8%,7.63,8.073,3.1,42.5,31.1
KT-E0B89EF7A608,General Natividad,OROGRAPHIC_FOOTHILL,75.0,Min 58,2026-08-28 16:58 PST,25.68,25.5,0.18,30.76,64.9%,7.66,8.16,3.1,42.5,29.4
KT-E0B89EF7A608,General Natividad,OROGRAPHIC_FOOTHILL,75.0,Min 59,2026-08-28 16:59 PST,25.63,25.5,0.13,30.71,64.9%,7.68,8.247,3.1,42.4,28.0
KT-E0B89EF7A608,General Natividad,OROGRAPHIC_FOOTHILL,75.0,Min 60,2026-08-28 17:00 PST,25.57,25.5,0.07,30.65,65.0%,7.71,8.334,3.1,42.4,27.6
KT-4049D3215788,Calumpit WLMS,RIVER_CONFLUENCE,6.0,Min 01,2026-08-28 16:01 PST,28.46,25.3,3.16,33.54,50.1%,3.36,3.49,3.44,43.4,79.6
KT-4049D3215788,Calumpit WLMS,RIVER_CONFLUENCE,6.0,Min 02,2026-08-28 16:02 PST,28.41,25.3,3.11,33.49,50.1%,3.38,3.541,3.44,43.3,38.1
KT-4049D3215788,Calumpit WLMS,RIVER_CONFLUENCE,6.0,Min 03,2026-08-28 16:03 PST,28.36,25.3,3.06,33.44,50.1%,3.39,3.592,3.44,43.3,41.1
KT-4049D3215788,Calumpit WLMS,RIVER_CONFLUENCE,6.0,Min 04,2026-08-28 16:04 PST,28.32,25.3,3.02,33.4,50.1%,3.4,3.642,3.44,43.3,34.7
KT-4049D3215788,Calumpit WLMS,RIVER_CONFLUENCE,6.0,Min 05,2026-08-28 16:05 PST,28.27,25.3,2.97,33.35,50.2%,3.41,3.693,3.44,43.3,40.9
KT-4049D3215788,Calumpit WLMS,RIVER_CONFLUENCE,6.0,Min 06,2026-08-28 16:06 PST,28.23,25.3,2.93,33.31,50.2%,3.42,3.744,3.44,43.3,35.1
KT-4049D3215788,Calumpit WLMS,RIVER_CONFLUENCE,6.0,Min 07,2026-08-28 16:07 PST,28.18,25.3,2.88,33.26,50.2%,3.44,3.795,3.44,43.3,34.5
KT-4049D3215788,Calumpit WLMS,RIVER_CONFLUENCE,6.0,Min 08,2026-08-28 16:08 PST,28.13,25.3,2.83,33.21,50.2%,3.45,3.846,3.44,43.2,34.2
KT-4049D3215788,Calumpit WLMS,RIVER_CONFLUENCE,6.0,Min 09,2026-08-28 16:09 PST,28.08,25.3,2.78,33.16,50.2%,3.46,3.897,3.44,43.2,38.6
KT-4049D3215788,Calumpit WLMS,RIVER_CONFLUENCE,6.0,Min 10,2026-08-28 16:10 PST,28.03,25.3,2.73,33.11,50.3%,3.47,3.948,3.44,43.2,48.1
KT-4049D3215788,Calumpit WLMS,RIVER_CONFLUENCE,6.0,Min 11,2026-08-28 16:11 PST,27.97,25.3,2.67,33.05,50.3%,3.48,3.999,3.44,43.2,50.5
KT-4049D3215788,Calumpit WLMS,RIVER_CONFLUENCE,6.0,Min 12,2026-08-28 16:12 PST,27.92,25.3,2.62,33.0,50.3%,3.49,4.05,3.44,43.2,48.0
KT-4049D3215788,Calumpit WLMS,RIVER_CONFLUENCE,6.0,Min 13,2026-08-28 16:13 PST,27.86,25.3,2.56,32.94,50.3%,3.49,4.101,3.44,43.2,51.6
KT-4049D3215788,Calumpit WLMS,RIVER_CONFLUENCE,6.0,Min 14,2026-08-28 16:14 PST,27.81,25.3,2.51,32.89,50.3%,3.5,4.152,3.44,43.1,52.0
KT-4049D3215788,Calumpit WLMS,RIVER_CONFLUENCE,6.0,Min 15,2026-08-28 16:15 PST,27.75,25.3,2.45,32.83,50.3%,3.51,4.204,3.44,43.1,49.0
KT-4049D3215788,Calumpit WLMS,RIVER_CONFLUENCE,6.0,Min 16,2026-08-28 16:16 PST,27.69,25.3,2.39,32.77,50.3%,3.52,4.255,3.44,43.1,48.9
KT-4049D3215788,Calumpit WLMS,RIVER_CONFLUENCE,6.0,Min 17,2026-08-28 16:17 PST,27.63,25.3,2.33,32.71,50.3%,3.53,4.306,3.44,43.1,50.9
KT-4049D3215788,Calumpit WLMS,RIVER_CONFLUENCE,6.0,Min 18,2026-08-28 16:18 PST,27.57,25.3,2.27,32.65,50.3%,3.54,4.357,3.44,43.1,49.4
KT-4049D3215788,Calumpit WLMS,RIVER_CONFLUENCE,6.0,Min 19,2026-08-28 16:19 PST,27.51,25.3,2.21,32.59,50.3%,3.55,4.409,3.44,43.1,56.8
KT-4049D3215788,Calumpit WLMS,RIVER_CONFLUENCE,6.0,Min 20,2026-08-28 16:20 PST,27.45,25.3,2.15,32.53,50.3%,3.56,4.46,3.44,43.0,60.8
KT-4049D3215788,Calumpit WLMS,RIVER_CONFLUENCE,6.0,Min 21,2026-08-28 16:21 PST,27.39,25.3,2.09,32.47,50.3%,3.57,4.511,3.44,43.0,45.9
KT-4049D3215788,Calumpit WLMS,RIVER_CONFLUENCE,6.0,Min 22,2026-08-28 16:22 PST,27.33,25.3,2.03,32.41,50.4%,3.58,4.563,3.44,43.0,51.9
KT-4049D3215788,Calumpit WLMS,RIVER_CONFLUENCE,6.0,Min 23,2026-08-28 16:23 PST,27.26,25.3,1.96,32.34,50.4%,3.59,4.614,3.44,43.0,46.4
KT-4049D3215788,Calumpit WLMS,RIVER_CONFLUENCE,6.0,Min 24,2026-08-28 16:24 PST,27.2,25.3,1.9,32.28,50.4%,3.6,4.666,3.44,43.0,55.5
KT-4049D3215788,Calumpit WLMS,RIVER_CONFLUENCE,6.0,Min 25,2026-08-28 16:25 PST,27.14,25.3,1.84,32.22,50.4%,3.61,4.717,3.44,42.9,46.8
KT-4049D3215788,Calumpit WLMS,RIVER_CONFLUENCE,6.0,Min 26,2026-08-28 16:26 PST,27.08,25.3,1.78,32.16,50.4%,3.61,4.769,3.44,42.9,49.3
KT-4049D3215788,Calumpit WLMS,RIVER_CONFLUENCE,6.0,Min 27,2026-08-28 16:27 PST,27.02,25.3,1.72,32.1,50.4%,3.62,4.82,3.44,42.9,56.1
KT-4049D3215788,Calumpit WLMS,RIVER_CONFLUENCE,6.0,Min 28,2026-08-28 16:28 PST,26.96,25.3,1.66,32.04,50.4%,3.63,4.872,3.44,42.9,55.8
KT-4049D3215788,Calumpit WLMS,RIVER_CONFLUENCE,6.0,Min 29,2026-08-28 16:29 PST,26.9,25.3,1.6,31.98,50.4%,3.64,4.924,3.44,42.9,57.4
KT-4049D3215788,Calumpit WLMS,RIVER_CONFLUENCE,6.0,Min 30,2026-08-28 16:30 PST,26.84,25.3,1.54,31.92,50.4%,3.65,4.975,3.44,42.8,51.6
KT-4049D3215788,Calumpit WLMS,RIVER_CONFLUENCE,6.0,Min 31,2026-08-28 16:31 PST,26.79,25.3,1.49,31.87,50.4%,3.66,5.027,3.44,42.8,35.9
KT-4049D3215788,Calumpit WLMS,RIVER_CONFLUENCE,6.0,Min 32,2026-08-28 16:32 PST,26.73,25.3,1.43,31.81,50.5%,3.68,5.079,3.44,42.8,33.5
KT-4049D3215788,Calumpit WLMS,RIVER_CONFLUENCE,6.0,Min 33,2026-08-28 16:33 PST,26.68,25.3,1.38,31.76,50.5%,3.69,5.131,3.44,42.8,40.0
KT-4049D3215788,Calumpit WLMS,RIVER_CONFLUENCE,6.0,Min 34,2026-08-28 16:34 PST,26.62,25.3,1.32,31.7,50.5%,3.7,5.183,3.44,42.8,29.2
KT-4049D3215788,Calumpit WLMS,RIVER_CONFLUENCE,6.0,Min 35,2026-08-28 16:35 PST,26.57,25.3,1.27,31.65,50.5%,3.71,5.235,3.44,42.8,28.7
KT-4049D3215788,Calumpit WLMS,RIVER_CONFLUENCE,6.0,Min 36,2026-08-28 16:36 PST,26.52,25.3,1.22,31.6,50.5%,3.72,5.287,3.44,42.7,28.1
KT-4049D3215788,Calumpit WLMS,RIVER_CONFLUENCE,6.0,Min 37,2026-08-28 16:37 PST,26.47,25.3,1.17,31.55,50.6%,3.73,5.339,3.44,42.7,27.9
KT-4049D3215788,Calumpit WLMS,RIVER_CONFLUENCE,6.0,Min 38,2026-08-28 16:38 PST,26.43,25.3,1.13,31.51,50.6%,3.74,5.391,3.44,42.7,27.5
KT-4049D3215788,Calumpit WLMS,RIVER_CONFLUENCE,6.0,Min 39,2026-08-28 16:39 PST,26.38,25.3,1.08,31.46,50.6%,3.76,5.443,3.44,42.7,27.3
KT-4049D3215788,Calumpit WLMS,RIVER_CONFLUENCE,6.0,Min 40,2026-08-28 16:40 PST,26.33,25.3,1.03,31.41,50.6%,3.77,5.496,3.44,42.7,28.6
KT-4049D3215788,Calumpit WLMS,RIVER_CONFLUENCE,6.0,Min 41,2026-08-28 16:41 PST,26.29,25.3,0.99,31.37,50.7%,3.78,5.548,3.44,42.7,27.6
KT-4049D3215788,Calumpit WLMS,RIVER_CONFLUENCE,6.0,Min 42,2026-08-28 16:42 PST,26.24,25.3,0.94,31.32,50.7%,3.79,5.6,3.44,42.7,27.9
KT-4049D3215788,Calumpit WLMS,RIVER_CONFLUENCE,6.0,Min 43,2026-08-28 16:43 PST,26.2,25.3,0.9,31.28,50.7%,3.81,5.653,3.44,42.6,28.0
KT-4049D3215788,Calumpit WLMS,RIVER_CONFLUENCE,6.0,Min 44,2026-08-28 16:44 PST,26.15,25.3,0.85,31.23,50.8%,3.82,5.706,3.44,42.6,38.5
KT-4049D3215788,Calumpit WLMS,RIVER_CONFLUENCE,6.0,Min 45,2026-08-28 16:45 PST,26.11,25.3,0.81,31.19,50.8%,3.83,5.758,3.44,42.6,42.8
KT-4049D3215788,Calumpit WLMS,RIVER_CONFLUENCE,6.0,Min 46,2026-08-28 16:46 PST,26.06,25.3,0.76,31.14,50.8%,3.85,5.811,3.44,42.6,51.2
KT-4049D3215788,Calumpit WLMS,RIVER_CONFLUENCE,6.0,Min 47,2026-08-28 16:47 PST,26.02,25.3,0.72,31.1,50.9%,3.86,5.864,3.44,42.6,50.5
KT-4049D3215788,Calumpit WLMS,RIVER_CONFLUENCE,6.0,Min 48,2026-08-28 16:48 PST,25.97,25.3,0.67,31.05,50.9%,3.88,5.917,3.44,42.6,44.3
KT-4049D3215788,Calumpit WLMS,RIVER_CONFLUENCE,6.0,Min 49,2026-08-28 16:49 PST,25.92,25.3,0.62,31.0,51.0%,3.89,5.97,3.44,42.6,45.9
KT-4049D3215788,Calumpit WLMS,RIVER_CONFLUENCE,6.0,Min 50,2026-08-28 16:50 PST,25.88,25.3,0.58,30.96,51.0%,3.91,6.024,3.44,42.5,39.4
KT-4049D3215788,Calumpit WLMS,RIVER_CONFLUENCE,6.0,Min 51,2026-08-28 16:51 PST,25.83,25.3,0.53,30.91,51.0%,3.92,6.077,3.44,42.5,45.7
KT-4049D3215788,Calumpit WLMS,RIVER_CONFLUENCE,6.0,Min 52,2026-08-28 16:52 PST,25.78,25.3,0.48,30.86,51.1%,3.93,6.13,3.44,42.5,42.4
KT-4049D3215788,Calumpit WLMS,RIVER_CONFLUENCE,6.0,Min 53,2026-08-28 16:53 PST,25.73,25.3,0.43,30.81,51.1%,3.95,6.184,3.44,42.5,43.7
KT-4049D3215788,Calumpit WLMS,RIVER_CONFLUENCE,6.0,Min 54,2026-08-28 16:54 PST,25.68,25.3,0.38,30.76,51.2%,3.96,6.238,3.44,42.5,43.9
KT-4049D3215788,Calumpit WLMS,RIVER_CONFLUENCE,6.0,Min 55,2026-08-28 16:55 PST,25.62,25.3,0.32,30.7,51.2%,3.98,6.292,3.44,42.5,42.7
KT-4049D3215788,Calumpit WLMS,RIVER_CONFLUENCE,6.0,Min 56,2026-08-28 16:56 PST,25.57,25.3,0.27,30.65,51.3%,3.99,6.345,3.44,42.4,44.2
KT-4049D3215788,Calumpit WLMS,RIVER_CONFLUENCE,6.0,Min 57,2026-08-28 16:57 PST,25.51,25.3,0.21,30.59,51.3%,4.01,6.399,3.44,42.4,42.4
KT-4049D3215788,Calumpit WLMS,RIVER_CONFLUENCE,6.0,Min 58,2026-08-28 16:58 PST,25.46,25.3,0.16,30.54,51.4%,4.03,6.454,3.44,42.4,47.9
KT-4049D3215788,Calumpit WLMS,RIVER_CONFLUENCE,6.0,Min 59,2026-08-28 16:59 PST,25.4,25.3,0.1,30.48,51.4%,4.04,6.508,3.44,42.4,46.0
KT-4049D3215788,Calumpit WLMS,RIVER_CONFLUENCE,6.0,Min 60,2026-08-28 17:00 PST,25.34,25.3,0.04,30.42,51.4%,4.06,6.562,3.44,42.4,47.5
KT-4C31325C7BCC,Calumpit AWS,RIVER_BASIN,7.0,Min 01,2026-08-28 16:01 PST,28.46,25.3,3.16,33.54,50.1%,3.37,3.471,3.42,43.4,90.0
KT-4C31325C7BCC,Calumpit AWS,RIVER_BASIN,7.0,Min 02,2026-08-28 16:02 PST,28.41,25.3,3.11,33.49,50.1%,3.39,3.521,3.42,43.3,47.6
KT-4C31325C7BCC,Calumpit AWS,RIVER_BASIN,7.0,Min 03,2026-08-28 16:03 PST,28.37,25.3,3.07,33.45,50.2%,3.41,3.572,3.42,43.3,50.1
KT-4C31325C7BCC,Calumpit AWS,RIVER_BASIN,7.0,Min 04,2026-08-28 16:04 PST,28.32,25.3,3.02,33.4,50.3%,3.43,3.623,3.42,43.3,36.5
KT-4C31325C7BCC,Calumpit AWS,RIVER_BASIN,7.0,Min 05,2026-08-28 16:05 PST,28.27,25.3,2.97,33.35,50.4%,3.45,3.674,3.42,43.3,36.8
KT-4C31325C7BCC,Calumpit AWS,RIVER_BASIN,7.0,Min 06,2026-08-28 16:06 PST,28.23,25.3,2.93,33.31,50.5%,3.47,3.726,3.42,43.3,37.2
KT-4C31325C7BCC,Calumpit AWS,RIVER_BASIN,7.0,Min 07,2026-08-28 16:07 PST,28.18,25.3,2.88,33.26,50.6%,3.5,3.778,3.42,43.3,37.3
KT-4C31325C7BCC,Calumpit AWS,RIVER_BASIN,7.0,Min 08,2026-08-28 16:08 PST,28.13,25.3,2.83,33.21,50.8%,3.52,3.83,3.42,43.2,36.4
KT-4C31325C7BCC,Calumpit AWS,RIVER_BASIN,7.0,Min 09,2026-08-28 16:09 PST,28.08,25.3,2.78,33.16,50.9%,3.55,3.882,3.42,43.2,42.6
KT-4C31325C7BCC,Calumpit AWS,RIVER_BASIN,7.0,Min 10,2026-08-28 16:10 PST,28.03,25.3,2.73,33.11,51.0%,3.58,3.935,3.42,43.2,36.7
KT-4C31325C7BCC,Calumpit AWS,RIVER_BASIN,7.0,Min 11,2026-08-28 16:11 PST,27.98,25.3,2.68,33.06,51.2%,3.6,3.988,3.42,43.2,35.6
KT-4C31325C7BCC,Calumpit AWS,RIVER_BASIN,7.0,Min 12,2026-08-28 16:12 PST,27.92,25.3,2.62,33.0,51.3%,3.63,4.041,3.42,43.2,35.8
KT-4C31325C7BCC,Calumpit AWS,RIVER_BASIN,7.0,Min 13,2026-08-28 16:13 PST,27.87,25.3,2.57,32.95,51.5%,3.66,4.094,3.42,43.2,35.3
KT-4C31325C7BCC,Calumpit AWS,RIVER_BASIN,7.0,Min 14,2026-08-28 16:14 PST,27.81,25.3,2.51,32.89,51.7%,3.69,4.148,3.42,43.1,36.7
KT-4C31325C7BCC,Calumpit AWS,RIVER_BASIN,7.0,Min 15,2026-08-28 16:15 PST,27.75,25.3,2.45,32.83,51.8%,3.72,4.203,3.42,43.1,54.3
KT-4C31325C7BCC,Calumpit AWS,RIVER_BASIN,7.0,Min 16,2026-08-28 16:16 PST,27.7,25.3,2.4,32.78,52.0%,3.76,4.257,3.42,43.1,50.1
KT-4C31325C7BCC,Calumpit AWS,RIVER_BASIN,7.0,Min 17,2026-08-28 16:17 PST,27.64,25.3,2.34,32.72,52.2%,3.79,4.312,3.42,43.1,36.6
KT-4C31325C7BCC,Calumpit AWS,RIVER_BASIN,7.0,Min 18,2026-08-28 16:18 PST,27.58,25.3,2.28,32.66,52.4%,3.82,4.368,3.42,43.1,35.4
KT-4C31325C7BCC,Calumpit AWS,RIVER_BASIN,7.0,Min 19,2026-08-28 16:19 PST,27.52,25.3,2.22,32.6,52.6%,3.86,4.423,3.42,43.1,34.6
KT-4C31325C7BCC,Calumpit AWS,RIVER_BASIN,7.0,Min 20,2026-08-28 16:20 PST,27.46,25.3,2.16,32.54,52.7%,3.89,4.48,3.42,43.0,34.2
KT-4C31325C7BCC,Calumpit AWS,RIVER_BASIN,7.0,Min 21,2026-08-28 16:21 PST,27.39,25.3,2.09,32.47,52.9%,3.93,4.536,3.42,43.0,35.4
KT-4C31325C7BCC,Calumpit AWS,RIVER_BASIN,7.0,Min 22,2026-08-28 16:22 PST,27.33,25.3,2.03,32.41,53.1%,3.96,4.593,3.42,43.0,34.5
KT-4C31325C7BCC,Calumpit AWS,RIVER_BASIN,7.0,Min 23,2026-08-28 16:23 PST,27.27,25.3,1.97,32.35,53.3%,4.0,4.651,3.42,43.0,33.9
KT-4C31325C7BCC,Calumpit AWS,RIVER_BASIN,7.0,Min 24,2026-08-28 16:24 PST,27.21,25.3,1.91,32.29,53.6%,4.04,4.708,3.42,43.0,29.5
KT-4C31325C7BCC,Calumpit AWS,RIVER_BASIN,7.0,Min 25,2026-08-28 16:25 PST,27.15,25.3,1.85,32.23,53.8%,4.08,4.767,3.42,42.9,30.2
KT-4C31325C7BCC,Calumpit AWS,RIVER_BASIN,7.0,Min 26,2026-08-28 16:26 PST,27.09,25.3,1.79,32.17,54.0%,4.11,4.825,3.42,42.9,33.1
KT-4C31325C7BCC,Calumpit AWS,RIVER_BASIN,7.0,Min 27,2026-08-28 16:27 PST,27.03,25.3,1.73,32.11,54.2%,4.15,4.885,3.42,42.9,30.2
KT-4C31325C7BCC,Calumpit AWS,RIVER_BASIN,7.0,Min 28,2026-08-28 16:28 PST,26.97,25.3,1.67,32.05,54.4%,4.19,4.944,3.42,42.9,37.5
KT-4C31325C7BCC,Calumpit AWS,RIVER_BASIN,7.0,Min 29,2026-08-28 16:29 PST,26.91,25.3,1.61,31.99,54.6%,4.23,5.004,3.42,42.9,30.9
KT-4C31325C7BCC,Calumpit AWS,RIVER_BASIN,7.0,Min 30,2026-08-28 16:30 PST,26.86,25.3,1.56,31.94,54.8%,4.26,5.065,3.42,42.8,37.4
KT-4C31325C7BCC,Calumpit AWS,RIVER_BASIN,7.0,Min 31,2026-08-28 16:31 PST,26.8,25.3,1.5,31.88,55.0%,4.3,5.126,3.42,42.8,30.5
KT-4C31325C7BCC,Calumpit AWS,RIVER_BASIN,7.0,Min 32,2026-08-28 16:32 PST,26.74,25.3,1.44,31.82,55.3%,4.34,5.187,3.42,42.8,31.3
KT-4C31325C7BCC,Calumpit AWS,RIVER_BASIN,7.0,Min 33,2026-08-28 16:33 PST,26.69,25.3,1.39,31.77,55.5%,4.38,5.249,3.42,42.8,30.6
KT-4C31325C7BCC,Calumpit AWS,RIVER_BASIN,7.0,Min 34,2026-08-28 16:34 PST,26.64,25.3,1.34,31.72,55.7%,4.42,5.311,3.42,42.8,30.4
KT-4C31325C7BCC,Calumpit AWS,RIVER_BASIN,7.0,Min 35,2026-08-28 16:35 PST,26.59,25.3,1.29,31.67,55.9%,4.45,5.374,3.42,42.8,31.6
KT-4C31325C7BCC,Calumpit AWS,RIVER_BASIN,7.0,Min 36,2026-08-28 16:36 PST,26.54,25.3,1.24,31.62,56.1%,4.49,5.437,3.42,42.7,30.5
KT-4C31325C7BCC,Calumpit AWS,RIVER_BASIN,7.0,Min 37,2026-08-28 16:37 PST,26.49,25.3,1.19,31.57,56.3%,4.53,5.5,3.42,42.7,30.0
KT-4C31325C7BCC,Calumpit AWS,RIVER_BASIN,7.0,Min 38,2026-08-28 16:38 PST,26.44,25.3,1.14,31.52,56.5%,4.57,5.564,3.42,42.7,30.1
KT-4C31325C7BCC,Calumpit AWS,RIVER_BASIN,7.0,Min 39,2026-08-28 16:39 PST,26.4,25.3,1.1,31.48,56.7%,4.6,5.628,3.42,42.7,30.2
KT-4C31325C7BCC,Calumpit AWS,RIVER_BASIN,7.0,Min 40,2026-08-28 16:40 PST,26.35,25.3,1.05,31.43,56.9%,4.64,5.693,3.42,42.7,30.1
KT-4C31325C7BCC,Calumpit AWS,RIVER_BASIN,7.0,Min 41,2026-08-28 16:41 PST,26.3,25.3,1.0,31.38,57.2%,4.68,5.758,3.42,42.7,30.0
KT-4C31325C7BCC,Calumpit AWS,RIVER_BASIN,7.0,Min 42,2026-08-28 16:42 PST,26.26,25.3,0.96,31.34,57.4%,4.71,5.824,3.42,42.7,30.0
KT-4C31325C7BCC,Calumpit AWS,RIVER_BASIN,7.0,Min 43,2026-08-28 16:43 PST,26.21,25.3,0.91,31.29,57.6%,4.75,5.89,3.42,42.6,30.2
KT-4C31325C7BCC,Calumpit AWS,RIVER_BASIN,7.0,Min 44,2026-08-28 16:44 PST,26.17,25.3,0.87,31.25,57.7%,4.79,5.956,3.42,42.6,29.9
KT-4C31325C7BCC,Calumpit AWS,RIVER_BASIN,7.0,Min 45,2026-08-28 16:45 PST,26.13,25.3,0.83,31.21,57.9%,4.82,6.023,3.42,42.6,32.3
KT-4C31325C7BCC,Calumpit AWS,RIVER_BASIN,7.0,Min 46,2026-08-28 16:46 PST,26.08,25.3,0.78,31.16,58.1%,4.86,6.09,3.42,42.6,30.1
KT-4C31325C7BCC,Calumpit AWS,RIVER_BASIN,7.0,Min 47,2026-08-28 16:47 PST,26.04,25.3,0.74,31.12,58.3%,4.89,6.158,3.42,42.6,29.8
KT-4C31325C7BCC,Calumpit AWS,RIVER_BASIN,7.0,Min 48,2026-08-28 16:48 PST,25.99,25.3,0.69,31.07,58.5%,4.93,6.225,3.42,42.6,29.5
KT-4C31325C7BCC,Calumpit AWS,RIVER_BASIN,7.0,Min 49,2026-08-28 16:49 PST,25.94,25.3,0.64,31.02,58.7%,4.96,6.294,3.42,42.6,30.0
KT-4C31325C7BCC,Calumpit AWS,RIVER_BASIN,7.0,Min 50,2026-08-28 16:50 PST,25.9,25.3,0.6,30.98,58.9%,5.0,6.362,3.42,42.5,34.3
KT-4C31325C7BCC,Calumpit AWS,RIVER_BASIN,7.0,Min 51,2026-08-28 16:51 PST,25.85,25.3,0.55,30.93,59.1%,5.03,6.431,3.42,42.5,29.9
KT-4C31325C7BCC,Calumpit AWS,RIVER_BASIN,7.0,Min 52,2026-08-28 16:52 PST,25.8,25.3,0.5,30.88,59.3%,5.07,6.501,3.42,42.5,29.6
KT-4C31325C7BCC,Calumpit AWS,RIVER_BASIN,7.0,Min 53,2026-08-28 16:53 PST,25.75,25.3,0.45,30.83,59.4%,5.1,6.57,3.42,42.5,29.4
KT-4C31325C7BCC,Calumpit AWS,RIVER_BASIN,7.0,Min 54,2026-08-28 16:54 PST,25.7,25.3,0.4,30.78,59.6%,5.13,6.64,3.42,42.5,31.8
KT-4C31325C7BCC,Calumpit AWS,RIVER_BASIN,7.0,Min 55,2026-08-28 16:55 PST,25.65,25.3,0.35,30.73,59.8%,5.17,6.711,3.42,42.5,29.2
KT-4C31325C7BCC,Calumpit AWS,RIVER_BASIN,7.0,Min 56,2026-08-28 16:56 PST,25.59,25.3,0.29,30.67,60.0%,5.2,6.782,3.42,42.4,30.1
KT-4C31325C7BCC,Calumpit AWS,RIVER_BASIN,7.0,Min 57,2026-08-28 16:57 PST,25.54,25.3,0.24,30.62,60.2%,5.23,6.853,3.42,42.4,30.7
KT-4C31325C7BCC,Calumpit AWS,RIVER_BASIN,7.0,Min 58,2026-08-28 16:58 PST,25.48,25.3,0.18,30.56,60.3%,5.27,6.924,3.42,42.4,29.6
KT-4C31325C7BCC,Calumpit AWS,RIVER_BASIN,7.0,Min 59,2026-08-28 16:59 PST,25.43,25.3,0.13,30.51,60.5%,5.3,6.996,3.42,42.4,32.7
KT-4C31325C7BCC,Calumpit AWS,RIVER_BASIN,7.0,Min 60,2026-08-28 17:00 PST,25.37,25.3,0.07,30.45,60.7%,5.33,7.068,3.42,42.4,29.4
KT-245EAD182EC8,Bongabon,OROGRAPHIC_FOOTHILL,92.0,Min 01,2026-08-28 16:01 PST,28.45,24.7,3.75,33.53,56.5%,5.06,2.876,2.8,43.4,113.0
KT-245EAD182EC8,Bongabon,OROGRAPHIC_FOOTHILL,92.0,Min 02,2026-08-28 16:02 PST,28.39,24.7,3.69,33.47,56.8%,5.16,2.953,2.8,43.3,58.5
KT-245EAD182EC8,Bongabon,OROGRAPHIC_FOOTHILL,92.0,Min 03,2026-08-28 16:03 PST,28.33,24.7,3.63,33.41,57.1%,5.25,3.031,2.8,43.3,58.8
KT-245EAD182EC8,Bongabon,OROGRAPHIC_FOOTHILL,92.0,Min 04,2026-08-28 16:04 PST,28.28,24.7,3.58,33.36,57.4%,5.35,3.109,2.8,43.3,56.7
KT-245EAD182EC8,Bongabon,OROGRAPHIC_FOOTHILL,92.0,Min 05,2026-08-28 16:05 PST,28.22,24.7,3.52,33.3,57.8%,5.44,3.189,2.8,43.3,56.2
KT-245EAD182EC8,Bongabon,OROGRAPHIC_FOOTHILL,92.0,Min 06,2026-08-28 16:06 PST,28.17,24.7,3.47,33.25,58.2%,5.55,3.27,2.8,43.3,56.4
KT-245EAD182EC8,Bongabon,OROGRAPHIC_FOOTHILL,92.0,Min 07,2026-08-28 16:07 PST,28.11,24.7,3.41,33.19,58.5%,5.65,3.352,2.8,43.2,57.4
KT-245EAD182EC8,Bongabon,OROGRAPHIC_FOOTHILL,92.0,Min 08,2026-08-28 16:08 PST,28.05,24.7,3.35,33.13,58.9%,5.76,3.435,2.8,43.2,55.8
KT-245EAD182EC8,Bongabon,OROGRAPHIC_FOOTHILL,92.0,Min 09,2026-08-28 16:09 PST,27.99,24.7,3.29,33.07,59.3%,5.86,3.519,2.8,43.2,53.8
KT-245EAD182EC8,Bongabon,OROGRAPHIC_FOOTHILL,92.0,Min 10,2026-08-28 16:10 PST,27.93,24.7,3.23,33.01,59.7%,5.97,3.605,2.8,43.2,55.8
KT-245EAD182EC8,Bongabon,OROGRAPHIC_FOOTHILL,92.0,Min 11,2026-08-28 16:11 PST,27.86,24.7,3.16,32.94,60.2%,6.08,3.691,2.8,43.2,54.8
KT-245EAD182EC8,Bongabon,OROGRAPHIC_FOOTHILL,92.0,Min 12,2026-08-28 16:12 PST,27.8,24.7,3.1,32.88,60.6%,6.2,3.779,2.8,43.1,53.5
KT-245EAD182EC8,Bongabon,OROGRAPHIC_FOOTHILL,92.0,Min 13,2026-08-28 16:13 PST,27.73,24.7,3.03,32.81,61.0%,6.31,3.868,2.8,43.1,53.1
KT-245EAD182EC8,Bongabon,OROGRAPHIC_FOOTHILL,92.0,Min 14,2026-08-28 16:14 PST,27.67,24.7,2.97,32.75,61.5%,6.43,3.958,2.8,43.1,55.0
KT-245EAD182EC8,Bongabon,OROGRAPHIC_FOOTHILL,92.0,Min 15,2026-08-28 16:15 PST,27.6,24.7,2.9,32.68,61.9%,6.55,4.049,2.8,43.1,55.0
KT-245EAD182EC8,Bongabon,OROGRAPHIC_FOOTHILL,92.0,Min 16,2026-08-28 16:16 PST,27.53,24.7,2.83,32.61,62.4%,6.67,4.142,2.8,43.1,54.4
KT-245EAD182EC8,Bongabon,OROGRAPHIC_FOOTHILL,92.0,Min 17,2026-08-28 16:17 PST,27.46,24.7,2.76,32.54,62.9%,6.79,4.236,2.8,43.0,54.2
KT-245EAD182EC8,Bongabon,OROGRAPHIC_FOOTHILL,92.0,Min 18,2026-08-28 16:18 PST,27.39,24.7,2.69,32.47,63.2%,6.88,4.33,2.8,43.0,32.6
KT-245EAD182EC8,Bongabon,OROGRAPHIC_FOOTHILL,92.0,Min 19,2026-08-28 16:19 PST,27.32,24.7,2.62,32.4,63.4%,6.92,4.425,2.8,43.0,31.1
KT-245EAD182EC8,Bongabon,OROGRAPHIC_FOOTHILL,92.0,Min 20,2026-08-28 16:20 PST,27.25,24.7,2.55,32.33,63.6%,6.97,4.52,2.8,43.0,38.2
KT-245EAD182EC8,Bongabon,OROGRAPHIC_FOOTHILL,92.0,Min 21,2026-08-28 16:21 PST,27.18,24.7,2.48,32.26,63.9%,7.01,4.615,2.8,42.9,33.8
KT-245EAD182EC8,Bongabon,OROGRAPHIC_FOOTHILL,92.0,Min 22,2026-08-28 16:22 PST,27.11,24.7,2.41,32.19,64.1%,7.06,4.71,2.8,42.9,29.6
KT-245EAD182EC8,Bongabon,OROGRAPHIC_FOOTHILL,92.0,Min 23,2026-08-28 16:23 PST,27.03,24.7,2.33,32.11,64.3%,7.11,4.805,2.8,42.9,29.8
KT-245EAD182EC8,Bongabon,OROGRAPHIC_FOOTHILL,92.0,Min 24,2026-08-28 16:24 PST,26.96,24.7,2.26,32.04,64.5%,7.16,4.901,2.8,42.9,29.7
KT-245EAD182EC8,Bongabon,OROGRAPHIC_FOOTHILL,92.0,Min 25,2026-08-28 16:25 PST,26.89,24.7,2.19,31.97,64.7%,7.2,4.996,2.8,42.9,27.8
KT-245EAD182EC8,Bongabon,OROGRAPHIC_FOOTHILL,92.0,Min 26,2026-08-28 16:26 PST,26.82,24.7,2.12,31.9,65.0%,7.25,5.092,2.8,42.8,33.9
KT-245EAD182EC8,Bongabon,OROGRAPHIC_FOOTHILL,92.0,Min 27,2026-08-28 16:27 PST,26.75,24.7,2.05,31.83,65.2%,7.3,5.188,2.8,42.8,29.0
KT-245EAD182EC8,Bongabon,OROGRAPHIC_FOOTHILL,92.0,Min 28,2026-08-28 16:28 PST,26.68,24.7,1.98,31.76,65.4%,7.35,5.284,2.8,42.8,27.6
KT-245EAD182EC8,Bongabon,OROGRAPHIC_FOOTHILL,92.0,Min 29,2026-08-28 16:29 PST,26.61,24.7,1.91,31.69,65.6%,7.39,5.38,2.8,42.8,28.3
KT-245EAD182EC8,Bongabon,OROGRAPHIC_FOOTHILL,92.0,Min 30,2026-08-28 16:30 PST,26.55,24.7,1.85,31.63,65.8%,7.44,5.476,2.8,42.7,30.3
KT-245EAD182EC8,Bongabon,OROGRAPHIC_FOOTHILL,92.0,Min 31,2026-08-28 16:31 PST,26.48,24.7,1.78,31.56,66.0%,7.49,5.573,2.8,42.7,28.1
KT-245EAD182EC8,Bongabon,OROGRAPHIC_FOOTHILL,92.0,Min 32,2026-08-28 16:32 PST,26.41,24.7,1.71,31.49,66.3%,7.54,5.669,2.8,42.7,28.9
KT-245EAD182EC8,Bongabon,OROGRAPHIC_FOOTHILL,92.0,Min 33,2026-08-28 16:33 PST,26.35,24.7,1.65,31.43,66.5%,7.58,5.766,2.8,42.7,30.0
KT-245EAD182EC8,Bongabon,OROGRAPHIC_FOOTHILL,92.0,Min 34,2026-08-28 16:34 PST,26.29,24.7,1.59,31.37,66.7%,7.63,5.863,2.8,42.7,29.0
KT-245EAD182EC8,Bongabon,OROGRAPHIC_FOOTHILL,92.0,Min 35,2026-08-28 16:35 PST,26.23,24.7,1.53,31.31,66.9%,7.67,5.96,2.8,42.6,28.4
KT-245EAD182EC8,Bongabon,OROGRAPHIC_FOOTHILL,92.0,Min 36,2026-08-28 16:36 PST,26.17,24.7,1.47,31.25,67.1%,7.72,6.057,2.8,42.6,28.4
KT-245EAD182EC8,Bongabon,OROGRAPHIC_FOOTHILL,92.0,Min 37,2026-08-28 16:37 PST,26.11,24.7,1.41,31.19,67.3%,7.76,6.154,2.8,42.6,28.2
KT-245EAD182EC8,Bongabon,OROGRAPHIC_FOOTHILL,92.0,Min 38,2026-08-28 16:38 PST,26.05,24.7,1.35,31.13,67.5%,7.81,6.251,2.8,42.6,29.1
KT-245EAD182EC8,Bongabon,OROGRAPHIC_FOOTHILL,92.0,Min 39,2026-08-28 16:39 PST,25.99,24.7,1.29,31.07,67.7%,7.85,6.348,2.8,42.6,28.4
KT-245EAD182EC8,Bongabon,OROGRAPHIC_FOOTHILL,92.0,Min 40,2026-08-28 16:40 PST,25.93,24.7,1.23,31.01,67.8%,7.89,6.445,2.8,42.6,31.3
KT-245EAD182EC8,Bongabon,OROGRAPHIC_FOOTHILL,92.0,Min 41,2026-08-28 16:41 PST,25.88,24.7,1.18,30.96,68.0%,7.94,6.543,2.8,42.5,30.1
KT-245EAD182EC8,Bongabon,OROGRAPHIC_FOOTHILL,92.0,Min 42,2026-08-28 16:42 PST,25.82,24.7,1.12,30.9,68.2%,7.98,6.64,2.8,42.5,30.5
KT-245EAD182EC8,Bongabon,OROGRAPHIC_FOOTHILL,92.0,Min 43,2026-08-28 16:43 PST,25.77,24.7,1.07,30.85,68.4%,8.02,6.737,2.8,42.5,29.7
KT-245EAD182EC8,Bongabon,OROGRAPHIC_FOOTHILL,92.0,Min 44,2026-08-28 16:44 PST,25.71,24.7,1.01,30.79,68.5%,8.06,6.835,2.8,42.5,28.5
KT-245EAD182EC8,Bongabon,OROGRAPHIC_FOOTHILL,92.0,Min 45,2026-08-28 16:45 PST,25.66,24.7,0.96,30.74,68.7%,8.1,6.932,2.8,42.5,29.7
KT-245EAD182EC8,Bongabon,OROGRAPHIC_FOOTHILL,92.0,Min 46,2026-08-28 16:46 PST,25.6,24.7,0.9,30.68,68.8%,8.14,7.03,2.8,42.4,27.7
KT-245EAD182EC8,Bongabon,OROGRAPHIC_FOOTHILL,92.0,Min 47,2026-08-28 16:47 PST,25.55,24.7,0.85,30.63,69.0%,8.18,7.127,2.8,42.4,28.1
KT-245EAD182EC8,Bongabon,OROGRAPHIC_FOOTHILL,92.0,Min 48,2026-08-28 16:48 PST,25.49,24.7,0.79,30.57,69.1%,8.22,7.225,2.8,42.4,28.2
KT-245EAD182EC8,Bongabon,OROGRAPHIC_FOOTHILL,92.0,Min 49,2026-08-28 16:49 PST,25.44,24.7,0.74,30.52,69.3%,8.25,7.322,2.8,42.4,28.1
KT-245EAD182EC8,Bongabon,OROGRAPHIC_FOOTHILL,92.0,Min 50,2026-08-28 16:50 PST,25.38,24.7,0.68,30.46,69.4%,8.29,7.42,2.8,42.4,33.5
KT-245EAD182EC8,Bongabon,OROGRAPHIC_FOOTHILL,92.0,Min 51,2026-08-28 16:51 PST,25.32,24.7,0.62,30.4,69.6%,8.33,7.517,2.8,42.4,28.1
KT-245EAD182EC8,Bongabon,OROGRAPHIC_FOOTHILL,92.0,Min 52,2026-08-28 16:52 PST,25.26,24.7,0.56,30.34,69.7%,8.36,7.614,2.8,42.3,27.1
KT-245EAD182EC8,Bongabon,OROGRAPHIC_FOOTHILL,92.0,Min 53,2026-08-28 16:53 PST,25.2,24.7,0.5,30.28,69.8%,8.4,7.712,2.8,42.3,27.5
KT-245EAD182EC8,Bongabon,OROGRAPHIC_FOOTHILL,92.0,Min 54,2026-08-28 16:54 PST,25.14,24.7,0.44,30.22,69.9%,8.43,7.809,2.8,42.3,27.2
KT-245EAD182EC8,Bongabon,OROGRAPHIC_FOOTHILL,92.0,Min 55,2026-08-28 16:55 PST,25.08,24.7,0.38,30.16,70.1%,8.46,7.906,2.8,42.3,27.1
KT-245EAD182EC8,Bongabon,OROGRAPHIC_FOOTHILL,92.0,Min 56,2026-08-28 16:56 PST,25.01,24.7,0.31,30.09,70.2%,8.5,8.003,2.8,42.3,27.1
KT-245EAD182EC8,Bongabon,OROGRAPHIC_FOOTHILL,92.0,Min 57,2026-08-28 16:57 PST,24.95,24.7,0.25,30.03,70.3%,8.53,8.1,2.8,42.2,27.3
KT-245EAD182EC8,Bongabon,OROGRAPHIC_FOOTHILL,92.0,Min 58,2026-08-28 16:58 PST,24.88,24.7,0.18,29.96,70.4%,8.56,8.197,2.8,42.2,29.3
KT-245EAD182EC8,Bongabon,OROGRAPHIC_FOOTHILL,92.0,Min 59,2026-08-28 16:59 PST,24.81,24.7,0.11,29.89,70.5%,8.59,8.294,2.8,42.2,27.0
KT-245EAD182EC8,Bongabon,OROGRAPHIC_FOOTHILL,92.0,Min 60,2026-08-28 17:00 PST,24.75,24.7,0.05,29.83,70.6%,8.62,8.391,2.8,42.2,27.0
KT-3CCCAC182EC8,Pag-Asa Bagac,COASTAL_MARINE,15.0,Min 01,2026-08-28 16:01 PST,28.45,25.0,3.45,33.53,50.1%,3.37,2.001,1.95,43.4,80.7
KT-3CCCAC182EC8,Pag-Asa Bagac,COASTAL_MARINE,15.0,Min 02,2026-08-28 16:02 PST,28.4,25.0,3.4,33.48,50.1%,3.38,2.051,1.95,43.3,46.4
KT-3CCCAC182EC8,Pag-Asa Bagac,COASTAL_MARINE,15.0,Min 03,2026-08-28 16:03 PST,28.35,25.0,3.35,33.43,50.2%,3.4,2.102,1.95,43.3,45.7
KT-3CCCAC182EC8,Pag-Asa Bagac,COASTAL_MARINE,15.0,Min 04,2026-08-28 16:04 PST,28.3,25.0,3.3,33.38,50.2%,3.42,2.153,1.95,43.3,42.8
KT-3CCCAC182EC8,Pag-Asa Bagac,COASTAL_MARINE,15.0,Min 05,2026-08-28 16:05 PST,28.25,25.0,3.25,33.33,50.3%,3.44,2.204,1.95,43.3,43.3
KT-3CCCAC182EC8,Pag-Asa Bagac,COASTAL_MARINE,15.0,Min 06,2026-08-28 16:06 PST,28.2,25.0,3.2,33.28,50.4%,3.45,2.256,1.95,43.3,42.4
KT-3CCCAC182EC8,Pag-Asa Bagac,COASTAL_MARINE,15.0,Min 07,2026-08-28 16:07 PST,28.14,25.0,3.14,33.22,50.4%,3.47,2.307,1.95,43.3,42.5
KT-3CCCAC182EC8,Pag-Asa Bagac,COASTAL_MARINE,15.0,Min 08,2026-08-28 16:08 PST,28.09,25.0,3.09,33.17,50.5%,3.49,2.359,1.95,43.2,42.3
KT-3CCCAC182EC8,Pag-Asa Bagac,COASTAL_MARINE,15.0,Min 09,2026-08-28 16:09 PST,28.03,25.0,3.03,33.11,50.5%,3.5,2.411,1.95,43.2,42.0
KT-3CCCAC182EC8,Pag-Asa Bagac,COASTAL_MARINE,15.0,Min 10,2026-08-28 16:10 PST,27.98,25.0,2.98,33.06,50.6%,3.52,2.463,1.95,43.2,39.6
KT-3CCCAC182EC8,Pag-Asa Bagac,COASTAL_MARINE,15.0,Min 11,2026-08-28 16:11 PST,27.92,25.0,2.92,33.0,50.6%,3.54,2.516,1.95,43.2,31.2
KT-3CCCAC182EC8,Pag-Asa Bagac,COASTAL_MARINE,15.0,Min 12,2026-08-28 16:12 PST,27.86,25.0,2.86,32.94,50.7%,3.55,2.568,1.95,43.2,31.0
KT-3CCCAC182EC8,Pag-Asa Bagac,COASTAL_MARINE,15.0,Min 13,2026-08-28 16:13 PST,27.8,25.0,2.8,32.88,50.8%,3.57,2.621,1.95,43.1,31.9
KT-3CCCAC182EC8,Pag-Asa Bagac,COASTAL_MARINE,15.0,Min 14,2026-08-28 16:14 PST,27.74,25.0,2.74,32.82,50.8%,3.59,2.674,1.95,43.1,31.0
KT-3CCCAC182EC8,Pag-Asa Bagac,COASTAL_MARINE,15.0,Min 15,2026-08-28 16:15 PST,27.67,25.0,2.67,32.75,50.9%,3.6,2.727,1.95,43.1,30.9
KT-3CCCAC182EC8,Pag-Asa Bagac,COASTAL_MARINE,15.0,Min 16,2026-08-28 16:16 PST,27.61,25.0,2.61,32.69,50.9%,3.62,2.78,1.95,43.1,31.2
KT-3CCCAC182EC8,Pag-Asa Bagac,COASTAL_MARINE,15.0,Min 17,2026-08-28 16:17 PST,27.55,25.0,2.55,32.63,51.0%,3.64,2.833,1.95,43.1,30.5
KT-3CCCAC182EC8,Pag-Asa Bagac,COASTAL_MARINE,15.0,Min 18,2026-08-28 16:18 PST,27.48,25.0,2.48,32.56,51.0%,3.65,2.887,1.95,43.0,30.1
KT-3CCCAC182EC8,Pag-Asa Bagac,COASTAL_MARINE,15.0,Min 19,2026-08-28 16:19 PST,27.42,25.0,2.42,32.5,51.1%,3.67,2.941,1.95,43.0,29.6
KT-3CCCAC182EC8,Pag-Asa Bagac,COASTAL_MARINE,15.0,Min 20,2026-08-28 16:20 PST,27.35,25.0,2.35,32.43,51.1%,3.69,2.994,1.95,43.0,29.8
KT-3CCCAC182EC8,Pag-Asa Bagac,COASTAL_MARINE,15.0,Min 21,2026-08-28 16:21 PST,27.28,25.0,2.28,32.36,51.2%,3.7,3.049,1.95,43.0,29.4
KT-3CCCAC182EC8,Pag-Asa Bagac,COASTAL_MARINE,15.0,Min 22,2026-08-28 16:22 PST,27.22,25.0,2.22,32.3,51.2%,3.72,3.103,1.95,43.0,29.8
KT-3CCCAC182EC8,Pag-Asa Bagac,COASTAL_MARINE,15.0,Min 23,2026-08-28 16:23 PST,27.15,25.0,2.15,32.23,51.3%,3.74,3.157,1.95,42.9,29.7
KT-3CCCAC182EC8,Pag-Asa Bagac,COASTAL_MARINE,15.0,Min 24,2026-08-28 16:24 PST,27.08,25.0,2.08,32.16,51.3%,3.75,3.212,1.95,42.9,29.2
KT-3CCCAC182EC8,Pag-Asa Bagac,COASTAL_MARINE,15.0,Min 25,2026-08-28 16:25 PST,27.02,25.0,2.02,32.1,51.4%,3.77,3.267,1.95,42.9,30.2
KT-3CCCAC182EC8,Pag-Asa Bagac,COASTAL_MARINE,15.0,Min 26,2026-08-28 16:26 PST,26.95,25.0,1.95,32.03,51.4%,3.78,3.321,1.95,42.9,29.7
KT-3CCCAC182EC8,Pag-Asa Bagac,COASTAL_MARINE,15.0,Min 27,2026-08-28 16:27 PST,26.88,25.0,1.88,31.96,51.5%,3.8,3.377,1.95,42.9,29.5
KT-3CCCAC182EC8,Pag-Asa Bagac,COASTAL_MARINE,15.0,Min 28,2026-08-28 16:28 PST,26.82,25.0,1.82,31.9,51.6%,3.82,3.432,1.95,42.8,29.8
KT-3CCCAC182EC8,Pag-Asa Bagac,COASTAL_MARINE,15.0,Min 29,2026-08-28 16:29 PST,26.76,25.0,1.76,31.84,51.6%,3.83,3.487,1.95,42.8,30.0
KT-3CCCAC182EC8,Pag-Asa Bagac,COASTAL_MARINE,15.0,Min 30,2026-08-28 16:30 PST,26.69,25.0,1.69,31.77,51.7%,3.85,3.543,1.95,42.8,29.5
KT-3CCCAC182EC8,Pag-Asa Bagac,COASTAL_MARINE,15.0,Min 31,2026-08-28 16:31 PST,26.63,25.0,1.63,31.71,51.7%,3.87,3.599,1.95,42.8,29.7
KT-3CCCAC182EC8,Pag-Asa Bagac,COASTAL_MARINE,15.0,Min 32,2026-08-28 16:32 PST,26.57,25.0,1.57,31.65,51.8%,3.88,3.655,1.95,42.8,30.2
KT-3CCCAC182EC8,Pag-Asa Bagac,COASTAL_MARINE,15.0,Min 33,2026-08-28 16:33 PST,26.51,25.0,1.51,31.59,51.8%,3.9,3.711,1.95,42.7,31.0
KT-3CCCAC182EC8,Pag-Asa Bagac,COASTAL_MARINE,15.0,Min 34,2026-08-28 16:34 PST,26.45,25.0,1.45,31.53,51.9%,3.92,3.767,1.95,42.7,30.6
KT-3CCCAC182EC8,Pag-Asa Bagac,COASTAL_MARINE,15.0,Min 35,2026-08-28 16:35 PST,26.4,25.0,1.4,31.48,51.9%,3.93,3.823,1.95,42.7,30.2
KT-3CCCAC182EC8,Pag-Asa Bagac,COASTAL_MARINE,15.0,Min 36,2026-08-28 16:36 PST,26.34,25.0,1.34,31.42,51.9%,3.95,3.88,1.95,42.7,29.0
KT-3CCCAC182EC8,Pag-Asa Bagac,COASTAL_MARINE,15.0,Min 37,2026-08-28 16:37 PST,26.29,25.0,1.29,31.37,52.0%,3.96,3.937,1.95,42.7,30.9
KT-3CCCAC182EC8,Pag-Asa Bagac,COASTAL_MARINE,15.0,Min 38,2026-08-28 16:38 PST,26.23,25.0,1.23,31.31,52.0%,3.98,3.994,1.95,42.6,29.1
KT-3CCCAC182EC8,Pag-Asa Bagac,COASTAL_MARINE,15.0,Min 39,2026-08-28 16:39 PST,26.18,25.0,1.18,31.26,52.1%,4.0,4.051,1.95,42.6,28.7
KT-3CCCAC182EC8,Pag-Asa Bagac,COASTAL_MARINE,15.0,Min 40,2026-08-28 16:40 PST,26.13,25.0,1.13,31.21,52.1%,4.01,4.108,1.95,42.6,27.8
KT-3CCCAC182EC8,Pag-Asa Bagac,COASTAL_MARINE,15.0,Min 41,2026-08-28 16:41 PST,26.08,25.0,1.08,31.16,52.2%,4.03,4.165,1.95,42.6,28.2
KT-3CCCAC182EC8,Pag-Asa Bagac,COASTAL_MARINE,15.0,Min 42,2026-08-28 16:42 PST,26.03,25.0,1.03,31.11,52.2%,4.04,4.223,1.95,42.6,28.0
KT-3CCCAC182EC8,Pag-Asa Bagac,COASTAL_MARINE,15.0,Min 43,2026-08-28 16:43 PST,25.98,25.0,0.98,31.06,52.3%,4.06,4.281,1.95,42.6,28.9
KT-3CCCAC182EC8,Pag-Asa Bagac,COASTAL_MARINE,15.0,Min 44,2026-08-28 16:44 PST,25.93,25.0,0.93,31.01,52.3%,4.07,4.339,1.95,42.6,28.2
KT-3CCCAC182EC8,Pag-Asa Bagac,COASTAL_MARINE,15.0,Min 45,2026-08-28 16:45 PST,25.88,25.0,0.88,30.96,52.3%,4.09,4.397,1.95,42.5,31.6
KT-3CCCAC182EC8,Pag-Asa Bagac,COASTAL_MARINE,15.0,Min 46,2026-08-28 16:46 PST,25.83,25.0,0.83,30.91,52.4%,4.11,4.455,1.95,42.5,30.2
KT-3CCCAC182EC8,Pag-Asa Bagac,COASTAL_MARINE,15.0,Min 47,2026-08-28 16:47 PST,25.78,25.0,0.78,30.86,52.4%,4.12,4.513,1.95,42.5,28.0
KT-3CCCAC182EC8,Pag-Asa Bagac,COASTAL_MARINE,15.0,Min 48,2026-08-28 16:48 PST,25.73,25.0,0.73,30.81,52.5%,4.14,4.571,1.95,42.5,28.8
KT-3CCCAC182EC8,Pag-Asa Bagac,COASTAL_MARINE,15.0,Min 49,2026-08-28 16:49 PST,25.67,25.0,0.67,30.75,52.5%,4.15,4.63,1.95,42.5,28.1
KT-3CCCAC182EC8,Pag-Asa Bagac,COASTAL_MARINE,15.0,Min 50,2026-08-28 16:50 PST,25.62,25.0,0.62,30.7,52.5%,4.17,4.689,1.95,42.5,27.3
KT-3CCCAC182EC8,Pag-Asa Bagac,COASTAL_MARINE,15.0,Min 51,2026-08-28 16:51 PST,25.57,25.0,0.57,30.65,52.6%,4.18,4.748,1.95,42.4,27.2
KT-3CCCAC182EC8,Pag-Asa Bagac,COASTAL_MARINE,15.0,Min 52,2026-08-28 16:52 PST,25.51,25.0,0.51,30.59,52.6%,4.2,4.807,1.95,42.4,27.6
KT-3CCCAC182EC8,Pag-Asa Bagac,COASTAL_MARINE,15.0,Min 53,2026-08-28 16:53 PST,25.46,25.0,0.46,30.54,52.6%,4.21,4.866,1.95,42.4,27.4
KT-3CCCAC182EC8,Pag-Asa Bagac,COASTAL_MARINE,15.0,Min 54,2026-08-28 16:54 PST,25.4,25.0,0.4,30.48,52.7%,4.23,4.925,1.95,42.4,31.2
KT-3CCCAC182EC8,Pag-Asa Bagac,COASTAL_MARINE,15.0,Min 55,2026-08-28 16:55 PST,25.34,25.0,0.34,30.42,52.7%,4.24,4.984,1.95,42.4,28.6
KT-3CCCAC182EC8,Pag-Asa Bagac,COASTAL_MARINE,15.0,Min 56,2026-08-28 16:56 PST,25.28,25.0,0.28,30.36,52.7%,4.26,5.044,1.95,42.4,29.0
KT-3CCCAC182EC8,Pag-Asa Bagac,COASTAL_MARINE,15.0,Min 57,2026-08-28 16:57 PST,25.22,25.0,0.22,30.3,52.8%,4.27,5.104,1.95,42.3,28.6
KT-3CCCAC182EC8,Pag-Asa Bagac,COASTAL_MARINE,15.0,Min 58,2026-08-28 16:58 PST,25.16,25.0,0.16,30.24,52.8%,4.28,5.163,1.95,42.3,27.9
KT-3CCCAC182EC8,Pag-Asa Bagac,COASTAL_MARINE,15.0,Min 59,2026-08-28 16:59 PST,25.1,25.0,0.1,30.18,52.8%,4.3,5.223,1.95,42.3,27.7
KT-3CCCAC182EC8,Pag-Asa Bagac,COASTAL_MARINE,15.0,Min 60,2026-08-28 17:00 PST,25.04,25.0,0.04,30.12,52.9%,4.31,5.283,1.95,42.3,27.3
KT-D032325C7BCC,Población Mariveles,DEEP_HARBOR_COAST,8.0,Min 01,2026-08-28 16:01 PST,28.46,25.3,3.16,33.54,50.0%,3.36,1.75,1.7,43.4,87.0
KT-D032325C7BCC,Población Mariveles,DEEP_HARBOR_COAST,8.0,Min 02,2026-08-28 16:02 PST,28.41,25.3,3.11,33.49,50.1%,3.37,1.801,1.7,43.3,46.3
KT-D032325C7BCC,Población Mariveles,DEEP_HARBOR_COAST,8.0,Min 03,2026-08-28 16:03 PST,28.36,25.3,3.06,33.44,50.1%,3.38,1.851,1.7,43.3,43.2
KT-D032325C7BCC,Población Mariveles,DEEP_HARBOR_COAST,8.0,Min 04,2026-08-28 16:04 PST,28.32,25.3,3.02,33.4,50.1%,3.39,1.902,1.7,43.3,41.5
KT-D032325C7BCC,Población Mariveles,DEEP_HARBOR_COAST,8.0,Min 05,2026-08-28 16:05 PST,28.27,25.3,2.97,33.35,50.2%,3.4,1.953,1.7,43.3,35.4
KT-D032325C7BCC,Población Mariveles,DEEP_HARBOR_COAST,8.0,Min 06,2026-08-28 16:06 PST,28.22,25.3,2.92,33.3,50.2%,3.41,2.003,1.7,43.3,31.5
KT-D032325C7BCC,Población Mariveles,DEEP_HARBOR_COAST,8.0,Min 07,2026-08-28 16:07 PST,28.18,25.3,2.88,33.26,50.2%,3.42,2.054,1.7,43.3,32.8
KT-D032325C7BCC,Población Mariveles,DEEP_HARBOR_COAST,8.0,Min 08,2026-08-28 16:08 PST,28.13,25.3,2.83,33.21,50.3%,3.43,2.105,1.7,43.2,32.9
KT-D032325C7BCC,Población Mariveles,DEEP_HARBOR_COAST,8.0,Min 09,2026-08-28 16:09 PST,28.08,25.3,2.78,33.16,50.3%,3.43,2.156,1.7,43.2,32.0
KT-D032325C7BCC,Población Mariveles,DEEP_HARBOR_COAST,8.0,Min 10,2026-08-28 16:10 PST,28.02,25.3,2.72,33.1,50.3%,3.44,2.207,1.7,43.2,32.0
KT-D032325C7BCC,Población Mariveles,DEEP_HARBOR_COAST,8.0,Min 11,2026-08-28 16:11 PST,27.97,25.3,2.67,33.05,50.3%,3.45,2.258,1.7,43.2,30.7
KT-D032325C7BCC,Población Mariveles,DEEP_HARBOR_COAST,8.0,Min 12,2026-08-28 16:12 PST,27.92,25.3,2.62,33.0,50.4%,3.46,2.309,1.7,43.2,30.1
KT-D032325C7BCC,Población Mariveles,DEEP_HARBOR_COAST,8.0,Min 13,2026-08-28 16:13 PST,27.86,25.3,2.56,32.94,50.4%,3.47,2.361,1.7,43.2,30.2
KT-D032325C7BCC,Población Mariveles,DEEP_HARBOR_COAST,8.0,Min 14,2026-08-28 16:14 PST,27.8,25.3,2.5,32.88,50.5%,3.48,2.412,1.7,43.1,30.0
KT-D032325C7BCC,Población Mariveles,DEEP_HARBOR_COAST,8.0,Min 15,2026-08-28 16:15 PST,27.75,25.3,2.45,32.83,50.5%,3.49,2.463,1.7,43.1,29.9
KT-D032325C7BCC,Población Mariveles,DEEP_HARBOR_COAST,8.0,Min 16,2026-08-28 16:16 PST,27.69,25.3,2.39,32.77,50.5%,3.51,2.515,1.7,43.1,30.4
KT-D032325C7BCC,Población Mariveles,DEEP_HARBOR_COAST,8.0,Min 17,2026-08-28 16:17 PST,27.63,25.3,2.33,32.71,50.6%,3.52,2.566,1.7,43.1,29.9
KT-D032325C7BCC,Población Mariveles,DEEP_HARBOR_COAST,8.0,Min 18,2026-08-28 16:18 PST,27.57,25.3,2.27,32.65,50.6%,3.53,2.618,1.7,43.1,31.4
KT-D032325C7BCC,Población Mariveles,DEEP_HARBOR_COAST,8.0,Min 19,2026-08-28 16:19 PST,27.51,25.3,2.21,32.59,50.7%,3.54,2.67,1.7,43.1,30.8
KT-D032325C7BCC,Población Mariveles,DEEP_HARBOR_COAST,8.0,Min 20,2026-08-28 16:20 PST,27.44,25.3,2.14,32.52,50.7%,3.55,2.722,1.7,43.0,30.1
KT-D032325C7BCC,Población Mariveles,DEEP_HARBOR_COAST,8.0,Min 21,2026-08-28 16:21 PST,27.38,25.3,2.08,32.46,50.7%,3.56,2.774,1.7,43.0,29.9
KT-D032325C7BCC,Población Mariveles,DEEP_HARBOR_COAST,8.0,Min 22,2026-08-28 16:22 PST,27.32,25.3,2.02,32.4,50.8%,3.57,2.826,1.7,43.0,31.3
KT-D032325C7BCC,Población Mariveles,DEEP_HARBOR_COAST,8.0,Min 23,2026-08-28 16:23 PST,27.26,25.3,1.96,32.34,50.8%,3.58,2.878,1.7,43.0,31.6
KT-D032325C7BCC,Población Mariveles,DEEP_HARBOR_COAST,8.0,Min 24,2026-08-28 16:24 PST,27.19,25.3,1.89,32.27,50.9%,3.59,2.93,1.7,43.0,30.9
KT-D032325C7BCC,Población Mariveles,DEEP_HARBOR_COAST,8.0,Min 25,2026-08-28 16:25 PST,27.13,25.3,1.83,32.21,50.9%,3.61,2.982,1.7,42.9,30.0
KT-D032325C7BCC,Población Mariveles,DEEP_HARBOR_COAST,8.0,Min 26,2026-08-28 16:26 PST,27.07,25.3,1.77,32.15,51.0%,3.62,3.035,1.7,42.9,30.3
KT-D032325C7BCC,Población Mariveles,DEEP_HARBOR_COAST,8.0,Min 27,2026-08-28 16:27 PST,27.01,25.3,1.71,32.09,51.0%,3.63,3.087,1.7,42.9,30.8
KT-D032325C7BCC,Población Mariveles,DEEP_HARBOR_COAST,8.0,Min 28,2026-08-28 16:28 PST,26.95,25.3,1.65,32.03,51.1%,3.64,3.14,1.7,42.9,30.2
KT-D032325C7BCC,Población Mariveles,DEEP_HARBOR_COAST,8.0,Min 29,2026-08-28 16:29 PST,26.89,25.3,1.59,31.97,51.1%,3.65,3.193,1.7,42.9,29.5
KT-D032325C7BCC,Población Mariveles,DEEP_HARBOR_COAST,8.0,Min 30,2026-08-28 16:30 PST,26.83,25.3,1.53,31.91,51.2%,3.67,3.246,1.7,42.8,29.9
KT-D032325C7BCC,Población Mariveles,DEEP_HARBOR_COAST,8.0,Min 31,2026-08-28 16:31 PST,26.78,25.3,1.48,31.86,51.2%,3.68,3.299,1.7,42.8,27.5
KT-D032325C7BCC,Población Mariveles,DEEP_HARBOR_COAST,8.0,Min 32,2026-08-28 16:32 PST,26.72,25.3,1.42,31.8,51.3%,3.69,3.352,1.7,42.8,28.0
KT-D032325C7BCC,Población Mariveles,DEEP_HARBOR_COAST,8.0,Min 33,2026-08-28 16:33 PST,26.67,25.3,1.37,31.75,51.3%,3.7,3.405,1.7,42.8,29.4
KT-D032325C7BCC,Población Mariveles,DEEP_HARBOR_COAST,8.0,Min 34,2026-08-28 16:34 PST,26.61,25.3,1.31,31.69,51.4%,3.72,3.458,1.7,42.8,27.1
KT-D032325C7BCC,Población Mariveles,DEEP_HARBOR_COAST,8.0,Min 35,2026-08-28 16:35 PST,26.56,25.3,1.26,31.64,51.4%,3.73,3.512,1.7,42.8,27.8
KT-D032325C7BCC,Población Mariveles,DEEP_HARBOR_COAST,8.0,Min 36,2026-08-28 16:36 PST,26.51,25.3,1.21,31.59,51.5%,3.74,3.566,1.7,42.7,31.0
KT-D032325C7BCC,Población Mariveles,DEEP_HARBOR_COAST,8.0,Min 37,2026-08-28 16:37 PST,26.46,25.3,1.16,31.54,51.6%,3.76,3.619,1.7,42.7,27.6
KT-D032325C7BCC,Población Mariveles,DEEP_HARBOR_COAST,8.0,Min 38,2026-08-28 16:38 PST,26.41,25.3,1.11,31.49,51.6%,3.77,3.673,1.7,42.7,27.5
KT-D032325C7BCC,Población Mariveles,DEEP_HARBOR_COAST,8.0,Min 39,2026-08-28 16:39 PST,26.36,25.3,1.06,31.44,51.7%,3.78,3.727,1.7,42.7,28.1
KT-D032325C7BCC,Población Mariveles,DEEP_HARBOR_COAST,8.0,Min 40,2026-08-28 16:40 PST,26.32,25.3,1.02,31.4,51.7%,3.8,3.781,1.7,42.7,28.2
KT-D032325C7BCC,Población Mariveles,DEEP_HARBOR_COAST,8.0,Min 41,2026-08-28 16:41 PST,26.27,25.3,0.97,31.35,51.8%,3.81,3.835,1.7,42.7,27.6
KT-D032325C7BCC,Población Mariveles,DEEP_HARBOR_COAST,8.0,Min 42,2026-08-28 16:42 PST,26.22,25.3,0.92,31.3,51.9%,3.82,3.89,1.7,42.7,31.8
KT-D032325C7BCC,Población Mariveles,DEEP_HARBOR_COAST,8.0,Min 43,2026-08-28 16:43 PST,26.18,25.3,0.88,31.26,51.9%,3.84,3.944,1.7,42.6,29.1
KT-D032325C7BCC,Población Mariveles,DEEP_HARBOR_COAST,8.0,Min 44,2026-08-28 16:44 PST,26.13,25.3,0.83,31.21,52.0%,3.85,3.999,1.7,42.6,28.6
KT-D032325C7BCC,Población Mariveles,DEEP_HARBOR_COAST,8.0,Min 45,2026-08-28 16:45 PST,26.09,25.3,0.79,31.17,52.0%,3.86,4.053,1.7,42.6,27.9
KT-D032325C7BCC,Población Mariveles,DEEP_HARBOR_COAST,8.0,Min 46,2026-08-28 16:46 PST,26.04,25.3,0.74,31.12,52.1%,3.88,4.108,1.7,42.6,27.3
KT-D032325C7BCC,Población Mariveles,DEEP_HARBOR_COAST,8.0,Min 47,2026-08-28 16:47 PST,25.99,25.3,0.69,31.07,52.2%,3.89,4.163,1.7,42.6,27.0
KT-D032325C7BCC,Población Mariveles,DEEP_HARBOR_COAST,8.0,Min 48,2026-08-28 16:48 PST,25.95,25.3,0.65,31.03,52.2%,3.91,4.218,1.7,42.6,27.4
KT-D032325C7BCC,Población Mariveles,DEEP_HARBOR_COAST,8.0,Min 49,2026-08-28 16:49 PST,25.9,25.3,0.6,30.98,52.3%,3.92,4.273,1.7,42.6,27.2
KT-D032325C7BCC,Población Mariveles,DEEP_HARBOR_COAST,8.0,Min 50,2026-08-28 16:50 PST,25.85,25.3,0.55,30.93,52.4%,3.94,4.329,1.7,42.5,29.5
KT-D032325C7BCC,Población Mariveles,DEEP_HARBOR_COAST,8.0,Min 51,2026-08-28 16:51 PST,25.8,25.3,0.5,30.88,52.4%,3.95,4.384,1.7,42.5,27.1
KT-D032325C7BCC,Población Mariveles,DEEP_HARBOR_COAST,8.0,Min 52,2026-08-28 16:52 PST,25.75,25.3,0.45,30.83,52.5%,3.96,4.44,1.7,42.5,27.6
KT-D032325C7BCC,Población Mariveles,DEEP_HARBOR_COAST,8.0,Min 53,2026-08-28 16:53 PST,25.7,25.3,0.4,30.78,52.6%,3.98,4.496,1.7,42.5,27.4
KT-D032325C7BCC,Población Mariveles,DEEP_HARBOR_COAST,8.0,Min 54,2026-08-28 16:54 PST,25.65,25.3,0.35,30.73,52.6%,3.99,4.552,1.7,42.5,27.0
KT-D032325C7BCC,Población Mariveles,DEEP_HARBOR_COAST,8.0,Min 55,2026-08-28 16:55 PST,25.6,25.3,0.3,30.68,52.7%,4.01,4.608,1.7,42.5,26.7
KT-D032325C7BCC,Población Mariveles,DEEP_HARBOR_COAST,8.0,Min 56,2026-08-28 16:56 PST,25.54,25.3,0.24,30.62,52.8%,4.02,4.664,1.7,42.4,27.6
KT-D032325C7BCC,Población Mariveles,DEEP_HARBOR_COAST,8.0,Min 57,2026-08-28 16:57 PST,25.49,25.3,0.19,30.57,52.8%,4.04,4.72,1.7,42.4,27.1
KT-D032325C7BCC,Población Mariveles,DEEP_HARBOR_COAST,8.0,Min 58,2026-08-28 16:58 PST,25.43,25.3,0.13,30.51,52.9%,4.06,4.777,1.7,42.4,26.9
KT-D032325C7BCC,Población Mariveles,DEEP_HARBOR_COAST,8.0,Min 59,2026-08-28 16:59 PST,25.37,25.3,0.07,30.45,53.0%,4.07,4.834,1.7,42.4,28.6
KT-D032325C7BCC,Población Mariveles,DEEP_HARBOR_COAST,8.0,Min 60,2026-08-28 17:00 PST,25.31,25.3,0.01,30.39,53.1%,4.09,4.89,1.7,42.4,27.0
KT-D831325C7BCC,Abucay AWS,COASTAL_PLAIN,14.0,Min 01,2026-08-28 16:01 PST,28.46,25.7,2.76,33.54,50.1%,3.37,2.251,2.2,43.4,130.0
KT-D831325C7BCC,Abucay AWS,COASTAL_PLAIN,14.0,Min 02,2026-08-28 16:02 PST,28.42,25.7,2.72,33.5,50.1%,3.38,2.301,2.2,43.3,108.3
KT-D831325C7BCC,Abucay AWS,COASTAL_PLAIN,14.0,Min 03,2026-08-28 16:03 PST,28.38,25.7,2.68,33.46,50.2%,3.4,2.352,2.2,43.3,88.4
KT-D831325C7BCC,Abucay AWS,COASTAL_PLAIN,14.0,Min 04,2026-08-28 16:04 PST,28.35,25.7,2.65,33.43,50.2%,3.41,2.403,2.2,43.3,70.1
KT-D831325C7BCC,Abucay AWS,COASTAL_PLAIN,14.0,Min 05,2026-08-28 16:05 PST,28.31,25.7,2.61,33.39,50.3%,3.43,2.453,2.2,43.3,30.5
KT-D831325C7BCC,Abucay AWS,COASTAL_PLAIN,14.0,Min 06,2026-08-28 16:06 PST,28.26,25.7,2.56,33.34,50.3%,3.44,2.504,2.2,43.3,30.1
KT-D831325C7BCC,Abucay AWS,COASTAL_PLAIN,14.0,Min 07,2026-08-28 16:07 PST,28.22,25.7,2.52,33.3,50.4%,3.46,2.555,2.2,43.3,30.9
KT-D831325C7BCC,Abucay AWS,COASTAL_PLAIN,14.0,Min 08,2026-08-28 16:08 PST,28.18,25.7,2.48,33.26,50.4%,3.48,2.606,2.2,43.3,29.8
KT-D831325C7BCC,Abucay AWS,COASTAL_PLAIN,14.0,Min 09,2026-08-28 16:09 PST,28.14,25.7,2.44,33.22,50.5%,3.49,2.657,2.2,43.3,29.4
KT-D831325C7BCC,Abucay AWS,COASTAL_PLAIN,14.0,Min 10,2026-08-28 16:10 PST,28.09,25.7,2.39,33.17,50.5%,3.51,2.709,2.2,43.2,29.6
KT-D831325C7BCC,Abucay AWS,COASTAL_PLAIN,14.0,Min 11,2026-08-28 16:11 PST,28.04,25.7,2.34,33.12,50.6%,3.52,2.76,2.2,43.2,30.3
KT-D831325C7BCC,Abucay AWS,COASTAL_PLAIN,14.0,Min 12,2026-08-28 16:12 PST,28.0,25.7,2.3,33.08,50.6%,3.54,2.811,2.2,43.2,30.4
KT-D831325C7BCC,Abucay AWS,COASTAL_PLAIN,14.0,Min 13,2026-08-28 16:13 PST,27.95,25.7,2.25,33.03,50.7%,3.55,2.863,2.2,43.2,29.2
KT-D831325C7BCC,Abucay AWS,COASTAL_PLAIN,14.0,Min 14,2026-08-28 16:14 PST,27.9,25.7,2.2,32.98,50.7%,3.57,2.914,2.2,43.2,30.1
KT-D831325C7BCC,Abucay AWS,COASTAL_PLAIN,14.0,Min 15,2026-08-28 16:15 PST,27.85,25.7,2.15,32.93,50.8%,3.58,2.966,2.2,43.2,28.4
KT-D831325C7BCC,Abucay AWS,COASTAL_PLAIN,14.0,Min 16,2026-08-28 16:16 PST,27.79,25.7,2.09,32.87,50.8%,3.6,3.018,2.2,43.1,27.9
KT-D831325C7BCC,Abucay AWS,COASTAL_PLAIN,14.0,Min 17,2026-08-28 16:17 PST,27.74,25.7,2.04,32.82,50.9%,3.61,3.069,2.2,43.1,28.1
KT-D831325C7BCC,Abucay AWS,COASTAL_PLAIN,14.0,Min 18,2026-08-28 16:18 PST,27.69,25.7,1.99,32.77,50.9%,3.63,3.121,2.2,43.1,29.0
KT-D831325C7BCC,Abucay AWS,COASTAL_PLAIN,14.0,Min 19,2026-08-28 16:19 PST,27.63,25.7,1.93,32.71,51.0%,3.64,3.173,2.2,43.1,28.7
KT-D831325C7BCC,Abucay AWS,COASTAL_PLAIN,14.0,Min 20,2026-08-28 16:20 PST,27.58,25.7,1.88,32.66,51.0%,3.66,3.225,2.2,43.1,28.8
KT-D831325C7BCC,Abucay AWS,COASTAL_PLAIN,14.0,Min 21,2026-08-28 16:21 PST,27.52,25.7,1.82,32.6,51.1%,3.68,3.277,2.2,43.1,29.1
KT-D831325C7BCC,Abucay AWS,COASTAL_PLAIN,14.0,Min 22,2026-08-28 16:22 PST,27.47,25.7,1.77,32.55,51.1%,3.69,3.329,2.2,43.0,28.5
KT-D831325C7BCC,Abucay AWS,COASTAL_PLAIN,14.0,Min 23,2026-08-28 16:23 PST,27.41,25.7,1.71,32.49,51.2%,3.71,3.381,2.2,43.0,27.9
KT-D831325C7BCC,Abucay AWS,COASTAL_PLAIN,14.0,Min 24,2026-08-28 16:24 PST,27.35,25.7,1.65,32.43,51.2%,3.72,3.434,2.2,43.0,27.3
KT-D831325C7BCC,Abucay AWS,COASTAL_PLAIN,14.0,Min 25,2026-08-28 16:25 PST,27.3,25.7,1.6,32.38,51.3%,3.74,3.486,2.2,43.0,29.2
KT-D831325C7BCC,Abucay AWS,COASTAL_PLAIN,14.0,Min 26,2026-08-28 16:26 PST,27.24,25.7,1.54,32.32,51.3%,3.75,3.538,2.2,43.0,27.9
KT-D831325C7BCC,Abucay AWS,COASTAL_PLAIN,14.0,Min 27,2026-08-28 16:27 PST,27.19,25.7,1.49,32.27,51.3%,3.77,3.591,2.2,43.0,27.7
KT-D831325C7BCC,Abucay AWS,COASTAL_PLAIN,14.0,Min 28,2026-08-28 16:28 PST,27.14,25.7,1.44,32.22,51.4%,3.78,3.643,2.2,42.9,28.2
KT-D831325C7BCC,Abucay AWS,COASTAL_PLAIN,14.0,Min 29,2026-08-28 16:29 PST,27.08,25.7,1.38,32.16,51.4%,3.8,3.696,2.2,42.9,28.1
KT-D831325C7BCC,Abucay AWS,COASTAL_PLAIN,14.0,Min 30,2026-08-28 16:30 PST,27.03,25.7,1.33,32.11,51.5%,3.81,3.749,2.2,42.9,28.1
KT-D831325C7BCC,Abucay AWS,COASTAL_PLAIN,14.0,Min 31,2026-08-28 16:31 PST,26.98,25.7,1.28,32.06,51.5%,3.83,3.802,2.2,42.9,28.0
KT-D831325C7BCC,Abucay AWS,COASTAL_PLAIN,14.0,Min 32,2026-08-28 16:32 PST,26.93,25.7,1.23,32.01,51.6%,3.84,3.854,2.2,42.9,28.8
KT-D831325C7BCC,Abucay AWS,COASTAL_PLAIN,14.0,Min 33,2026-08-28 16:33 PST,26.89,25.7,1.19,31.97,51.6%,3.86,3.907,2.2,42.9,27.4
KT-D831325C7BCC,Abucay AWS,COASTAL_PLAIN,14.0,Min 34,2026-08-28 16:34 PST,26.84,25.7,1.14,31.92,51.7%,3.87,3.96,2.2,42.8,27.4
KT-D831325C7BCC,Abucay AWS,COASTAL_PLAIN,14.0,Min 35,2026-08-28 16:35 PST,26.79,25.7,1.09,31.87,51.7%,3.89,4.013,2.2,42.8,30.7
KT-D831325C7BCC,Abucay AWS,COASTAL_PLAIN,14.0,Min 36,2026-08-28 16:36 PST,26.75,25.7,1.05,31.83,51.8%,3.9,4.066,2.2,42.8,27.4
KT-D831325C7BCC,Abucay AWS,COASTAL_PLAIN,14.0,Min 37,2026-08-28 16:37 PST,26.71,25.7,1.01,31.79,51.8%,3.92,4.12,2.2,42.8,27.5
KT-D831325C7BCC,Abucay AWS,COASTAL_PLAIN,14.0,Min 38,2026-08-28 16:38 PST,26.66,25.7,0.96,31.74,51.9%,3.94,4.173,2.2,42.8,29.9
KT-D831325C7BCC,Abucay AWS,COASTAL_PLAIN,14.0,Min 39,2026-08-28 16:39 PST,26.62,25.7,0.92,31.7,51.9%,3.95,4.226,2.2,42.8,27.6
KT-D831325C7BCC,Abucay AWS,COASTAL_PLAIN,14.0,Min 40,2026-08-28 16:40 PST,26.58,25.7,0.88,31.66,51.9%,3.97,4.28,2.2,42.8,27.8
KT-D831325C7BCC,Abucay AWS,COASTAL_PLAIN,14.0,Min 41,2026-08-28 16:41 PST,26.54,25.7,0.84,31.62,52.0%,3.98,4.333,2.2,42.8,27.1
KT-D831325C7BCC,Abucay AWS,COASTAL_PLAIN,14.0,Min 42,2026-08-28 16:42 PST,26.5,25.7,0.8,31.58,52.0%,4.0,4.387,2.2,42.7,27.4
KT-D831325C7BCC,Abucay AWS,COASTAL_PLAIN,14.0,Min 43,2026-08-28 16:43 PST,26.46,25.7,0.76,31.54,52.1%,4.01,4.44,2.2,42.7,27.4
KT-D831325C7BCC,Abucay AWS,COASTAL_PLAIN,14.0,Min 44,2026-08-28 16:44 PST,26.42,25.7,0.72,31.5,52.1%,4.03,4.494,2.2,42.7,27.4
KT-D831325C7BCC,Abucay AWS,COASTAL_PLAIN,14.0,Min 45,2026-08-28 16:45 PST,26.39,25.7,0.69,31.47,52.2%,4.04,4.548,2.2,42.7,26.8
KT-D831325C7BCC,Abucay AWS,COASTAL_PLAIN,14.0,Min 46,2026-08-28 16:46 PST,26.35,25.7,0.65,31.43,52.2%,4.06,4.602,2.2,42.7,29.7
KT-D831325C7BCC,Abucay AWS,COASTAL_PLAIN,14.0,Min 47,2026-08-28 16:47 PST,26.31,25.7,0.61,31.39,52.3%,4.07,4.656,2.2,42.7,29.0
KT-D831325C7BCC,Abucay AWS,COASTAL_PLAIN,14.0,Min 48,2026-08-28 16:48 PST,26.27,25.7,0.57,31.35,52.3%,4.09,4.71,2.2,42.7,27.9
KT-D831325C7BCC,Abucay AWS,COASTAL_PLAIN,14.0,Min 49,2026-08-28 16:49 PST,26.23,25.7,0.53,31.31,52.3%,4.1,4.764,2.2,42.7,27.7
KT-D831325C7BCC,Abucay AWS,COASTAL_PLAIN,14.0,Min 50,2026-08-28 16:50 PST,26.19,25.7,0.49,31.27,52.4%,4.12,4.818,2.2,42.6,27.6
KT-D831325C7BCC,Abucay AWS,COASTAL_PLAIN,14.0,Min 51,2026-08-28 16:51 PST,26.14,25.7,0.44,31.22,52.4%,4.13,4.872,2.2,42.6,27.1
KT-D831325C7BCC,Abucay AWS,COASTAL_PLAIN,14.0,Min 52,2026-08-28 16:52 PST,26.1,25.7,0.4,31.18,52.5%,4.15,4.926,2.2,42.6,27.1
KT-D831325C7BCC,Abucay AWS,COASTAL_PLAIN,14.0,Min 53,2026-08-28 16:53 PST,26.06,25.7,0.36,31.14,52.5%,4.16,4.98,2.2,42.6,27.8
KT-D831325C7BCC,Abucay AWS,COASTAL_PLAIN,14.0,Min 54,2026-08-28 16:54 PST,26.01,25.7,0.31,31.09,52.6%,4.18,5.035,2.2,42.6,27.6
KT-D831325C7BCC,Abucay AWS,COASTAL_PLAIN,14.0,Min 55,2026-08-28 16:55 PST,25.96,25.7,0.26,31.04,52.6%,4.2,5.089,2.2,42.6,29.3
KT-D831325C7BCC,Abucay AWS,COASTAL_PLAIN,14.0,Min 56,2026-08-28 16:56 PST,25.91,25.7,0.21,30.99,52.6%,4.21,5.144,2.2,42.6,27.3
KT-D831325C7BCC,Abucay AWS,COASTAL_PLAIN,14.0,Min 57,2026-08-28 16:57 PST,25.87,25.7,0.17,30.95,52.7%,4.23,5.198,2.2,42.5,27.2
KT-D831325C7BCC,Abucay AWS,COASTAL_PLAIN,14.0,Min 58,2026-08-28 16:58 PST,25.81,25.7,0.11,30.89,52.7%,4.24,5.253,2.2,42.5,27.4
KT-D831325C7BCC,Abucay AWS,COASTAL_PLAIN,14.0,Min 59,2026-08-28 16:59 PST,25.76,25.7,0.06,30.84,52.8%,4.26,5.308,2.2,42.5,27.2
KT-D831325C7BCC,Abucay AWS,COASTAL_PLAIN,14.0,Min 60,2026-08-28 17:00 PST,25.71,25.7,0.01,30.79,52.8%,4.27,5.362,2.2,42.5,27.4
KT-A80A1B29E748,Avida Asten AWS,URBAN_MICROCLIMATE,18.0,Min 01,2026-08-28 16:01 PST,28.48,26.6,1.88,33.56,50.1%,3.37,1.551,1.5,43.4,114.0
KT-A80A1B29E748,Avida Asten AWS,URBAN_MICROCLIMATE,18.0,Min 02,2026-08-28 16:02 PST,28.45,26.6,1.85,33.53,50.1%,3.39,1.601,1.5,43.4,72.6
KT-A80A1B29E748,Avida Asten AWS,URBAN_MICROCLIMATE,18.0,Min 03,2026-08-28 16:03 PST,28.43,26.6,1.83,33.51,50.2%,3.4,1.651,1.5,43.3,66.3
KT-A80A1B29E748,Avida Asten AWS,URBAN_MICROCLIMATE,18.0,Min 04,2026-08-28 16:04 PST,28.41,26.6,1.81,33.49,50.3%,3.42,1.701,1.5,43.3,64.8
KT-A80A1B29E748,Avida Asten AWS,URBAN_MICROCLIMATE,18.0,Min 05,2026-08-28 16:05 PST,28.38,26.6,1.78,33.46,50.4%,3.44,1.751,1.5,43.3,65.8
KT-A80A1B29E748,Avida Asten AWS,URBAN_MICROCLIMATE,18.0,Min 06,2026-08-28 16:06 PST,28.36,26.6,1.76,33.44,50.5%,3.46,1.801,1.5,43.3,66.6
KT-A80A1B29E748,Avida Asten AWS,URBAN_MICROCLIMATE,18.0,Min 07,2026-08-28 16:07 PST,28.33,26.6,1.73,33.41,50.6%,3.49,1.851,1.5,43.3,64.1
KT-A80A1B29E748,Avida Asten AWS,URBAN_MICROCLIMATE,18.0,Min 08,2026-08-28 16:08 PST,28.3,26.6,1.7,33.38,50.7%,3.51,1.901,1.5,43.3,41.7
KT-A80A1B29E748,Avida Asten AWS,URBAN_MICROCLIMATE,18.0,Min 09,2026-08-28 16:09 PST,28.28,26.6,1.68,33.36,50.8%,3.53,1.95,1.5,43.3,41.4
KT-A80A1B29E748,Avida Asten AWS,URBAN_MICROCLIMATE,18.0,Min 10,2026-08-28 16:10 PST,28.25,26.6,1.65,33.33,50.9%,3.55,2.0,1.5,43.3,41.4
KT-A80A1B29E748,Avida Asten AWS,URBAN_MICROCLIMATE,18.0,Min 11,2026-08-28 16:11 PST,28.22,26.6,1.62,33.3,51.0%,3.58,2.049,1.5,43.3,41.1
KT-A80A1B29E748,Avida Asten AWS,URBAN_MICROCLIMATE,18.0,Min 12,2026-08-28 16:12 PST,28.18,26.6,1.58,33.26,51.1%,3.6,2.099,1.5,43.3,42.1
KT-A80A1B29E748,Avida Asten AWS,URBAN_MICROCLIMATE,18.0,Min 13,2026-08-28 16:13 PST,28.15,26.6,1.55,33.23,51.2%,3.62,2.148,1.5,43.3,40.7
KT-A80A1B29E748,Avida Asten AWS,URBAN_MICROCLIMATE,18.0,Min 14,2026-08-28 16:14 PST,28.12,26.6,1.52,33.2,51.3%,3.65,2.197,1.5,43.2,40.0
KT-A80A1B29E748,Avida Asten AWS,URBAN_MICROCLIMATE,18.0,Min 15,2026-08-28 16:15 PST,28.08,26.6,1.48,33.16,51.4%,3.67,2.247,1.5,43.2,40.0
KT-A80A1B29E748,Avida Asten AWS,URBAN_MICROCLIMATE,18.0,Min 16,2026-08-28 16:16 PST,28.05,26.6,1.45,33.13,51.6%,3.7,2.296,1.5,43.2,39.8
KT-A80A1B29E748,Avida Asten AWS,URBAN_MICROCLIMATE,18.0,Min 17,2026-08-28 16:17 PST,28.01,26.6,1.41,33.09,51.7%,3.72,2.345,1.5,43.2,39.1
KT-A80A1B29E748,Avida Asten AWS,URBAN_MICROCLIMATE,18.0,Min 18,2026-08-28 16:18 PST,27.97,26.6,1.37,33.05,51.8%,3.75,2.395,1.5,43.2,39.5
KT-A80A1B29E748,Avida Asten AWS,URBAN_MICROCLIMATE,18.0,Min 19,2026-08-28 16:19 PST,27.93,26.6,1.33,33.01,51.9%,3.78,2.444,1.5,43.2,39.7
KT-A80A1B29E748,Avida Asten AWS,URBAN_MICROCLIMATE,18.0,Min 20,2026-08-28 16:20 PST,27.89,26.6,1.29,32.97,52.1%,3.8,2.493,1.5,43.2,39.3
KT-A80A1B29E748,Avida Asten AWS,URBAN_MICROCLIMATE,18.0,Min 21,2026-08-28 16:21 PST,27.85,26.6,1.25,32.93,52.2%,3.83,2.542,1.5,43.2,39.1
KT-A80A1B29E748,Avida Asten AWS,URBAN_MICROCLIMATE,18.0,Min 22,2026-08-28 16:22 PST,27.81,26.6,1.21,32.89,52.3%,3.86,2.592,1.5,43.1,41.0
KT-A80A1B29E748,Avida Asten AWS,URBAN_MICROCLIMATE,18.0,Min 23,2026-08-28 16:23 PST,27.77,26.6,1.17,32.85,52.5%,3.88,2.641,1.5,43.1,39.8
KT-A80A1B29E748,Avida Asten AWS,URBAN_MICROCLIMATE,18.0,Min 24,2026-08-28 16:24 PST,27.74,26.6,1.14,32.82,52.6%,3.91,2.69,1.5,43.1,39.4
KT-A80A1B29E748,Avida Asten AWS,URBAN_MICROCLIMATE,18.0,Min 25,2026-08-28 16:25 PST,27.7,26.6,1.1,32.78,52.7%,3.94,2.739,1.5,43.1,39.5
KT-A80A1B29E748,Avida Asten AWS,URBAN_MICROCLIMATE,18.0,Min 26,2026-08-28 16:26 PST,27.66,26.6,1.06,32.74,52.9%,3.96,2.788,1.5,43.1,41.3
KT-A80A1B29E748,Avida Asten AWS,URBAN_MICROCLIMATE,18.0,Min 27,2026-08-28 16:27 PST,27.62,26.6,1.02,32.7,53.0%,3.99,2.838,1.5,43.1,31.7
KT-A80A1B29E748,Avida Asten AWS,URBAN_MICROCLIMATE,18.0,Min 28,2026-08-28 16:28 PST,27.58,26.6,0.98,32.66,53.1%,4.02,2.887,1.5,43.1,28.2
KT-A80A1B29E748,Avida Asten AWS,URBAN_MICROCLIMATE,18.0,Min 29,2026-08-28 16:29 PST,27.55,26.6,0.95,32.63,53.3%,4.04,2.936,1.5,43.1,29.2
KT-A80A1B29E748,Avida Asten AWS,URBAN_MICROCLIMATE,18.0,Min 30,2026-08-28 16:30 PST,27.51,26.6,0.91,32.59,53.4%,4.07,2.985,1.5,43.0,29.3
KT-A80A1B29E748,Avida Asten AWS,URBAN_MICROCLIMATE,18.0,Min 31,2026-08-28 16:31 PST,27.48,26.6,0.88,32.56,53.5%,4.1,3.034,1.5,43.0,28.4
KT-A80A1B29E748,Avida Asten AWS,URBAN_MICROCLIMATE,18.0,Min 32,2026-08-28 16:32 PST,27.45,26.6,0.85,32.53,53.7%,4.13,3.084,1.5,43.0,28.5
KT-A80A1B29E748,Avida Asten AWS,URBAN_MICROCLIMATE,18.0,Min 33,2026-08-28 16:33 PST,27.42,26.6,0.82,32.5,53.8%,4.15,3.133,1.5,43.0,28.1
KT-A80A1B29E748,Avida Asten AWS,URBAN_MICROCLIMATE,18.0,Min 34,2026-08-28 16:34 PST,27.39,26.6,0.79,32.47,54.0%,4.18,3.182,1.5,43.0,35.3
KT-A80A1B29E748,Avida Asten AWS,URBAN_MICROCLIMATE,18.0,Min 35,2026-08-28 16:35 PST,27.36,26.6,0.76,32.44,54.1%,4.21,3.232,1.5,43.0,28.4
KT-A80A1B29E748,Avida Asten AWS,URBAN_MICROCLIMATE,18.0,Min 36,2026-08-28 16:36 PST,27.33,26.6,0.73,32.41,54.2%,4.24,3.281,1.5,43.0,27.5
KT-A80A1B29E748,Avida Asten AWS,URBAN_MICROCLIMATE,18.0,Min 37,2026-08-28 16:37 PST,27.3,26.6,0.7,32.38,54.4%,4.27,3.33,1.5,43.0,27.4
KT-A80A1B29E748,Avida Asten AWS,URBAN_MICROCLIMATE,18.0,Min 38,2026-08-28 16:38 PST,27.28,26.6,0.68,32.36,54.5%,4.29,3.379,1.5,43.0,34.5
KT-A80A1B29E748,Avida Asten AWS,URBAN_MICROCLIMATE,18.0,Min 39,2026-08-28 16:39 PST,27.25,26.6,0.65,32.33,54.6%,4.32,3.429,1.5,43.0,31.5
KT-A80A1B29E748,Avida Asten AWS,URBAN_MICROCLIMATE,18.0,Min 40,2026-08-28 16:40 PST,27.23,26.6,0.63,32.31,54.8%,4.35,3.478,1.5,43.0,27.3
KT-A80A1B29E748,Avida Asten AWS,URBAN_MICROCLIMATE,18.0,Min 41,2026-08-28 16:41 PST,27.21,26.6,0.61,32.29,54.9%,4.38,3.527,1.5,42.9,27.5
KT-A80A1B29E748,Avida Asten AWS,URBAN_MICROCLIMATE,18.0,Min 42,2026-08-28 16:42 PST,27.18,26.6,0.58,32.26,55.1%,4.41,3.577,1.5,42.9,29.6
KT-A80A1B29E748,Avida Asten AWS,URBAN_MICROCLIMATE,18.0,Min 43,2026-08-28 16:43 PST,27.16,26.6,0.56,32.24,55.2%,4.43,3.626,1.5,42.9,28.6
KT-A80A1B29E748,Avida Asten AWS,URBAN_MICROCLIMATE,18.0,Min 44,2026-08-28 16:44 PST,27.14,26.6,0.54,32.22,55.3%,4.46,3.676,1.5,42.9,28.7
KT-A80A1B29E748,Avida Asten AWS,URBAN_MICROCLIMATE,18.0,Min 45,2026-08-28 16:45 PST,27.12,26.6,0.52,32.2,55.5%,4.49,3.725,1.5,42.9,26.8
KT-A80A1B29E748,Avida Asten AWS,URBAN_MICROCLIMATE,18.0,Min 46,2026-08-28 16:46 PST,27.09,26.6,0.49,32.17,55.6%,4.52,3.774,1.5,42.9,26.7
KT-A80A1B29E748,Avida Asten AWS,URBAN_MICROCLIMATE,18.0,Min 47,2026-08-28 16:47 PST,27.07,26.6,0.47,32.15,55.8%,4.55,3.824,1.5,42.9,27.1
KT-A80A1B29E748,Avida Asten AWS,URBAN_MICROCLIMATE,18.0,Min 48,2026-08-28 16:48 PST,27.05,26.6,0.45,32.13,55.9%,4.57,3.873,1.5,42.9,27.0
KT-A80A1B29E748,Avida Asten AWS,URBAN_MICROCLIMATE,18.0,Min 49,2026-08-28 16:49 PST,27.02,26.6,0.42,32.1,56.0%,4.6,3.923,1.5,42.9,27.2
KT-A80A1B29E748,Avida Asten AWS,URBAN_MICROCLIMATE,18.0,Min 50,2026-08-28 16:50 PST,27.0,26.6,0.4,32.08,56.2%,4.63,3.972,1.5,42.9,27.2
KT-A80A1B29E748,Avida Asten AWS,URBAN_MICROCLIMATE,18.0,Min 51,2026-08-28 16:51 PST,26.97,26.6,0.37,32.05,56.3%,4.66,4.022,1.5,42.9,33.5
KT-A80A1B29E748,Avida Asten AWS,URBAN_MICROCLIMATE,18.0,Min 52,2026-08-28 16:52 PST,26.95,26.6,0.35,32.03,56.4%,4.69,4.071,1.5,42.9,28.0
KT-A80A1B29E748,Avida Asten AWS,URBAN_MICROCLIMATE,18.0,Min 53,2026-08-28 16:53 PST,26.92,26.6,0.32,32.0,56.6%,4.71,4.121,1.5,42.9,28.6
KT-A80A1B29E748,Avida Asten AWS,URBAN_MICROCLIMATE,18.0,Min 54,2026-08-28 16:54 PST,26.89,26.6,0.29,31.97,56.7%,4.74,4.17,1.5,42.8,31.5
KT-A80A1B29E748,Avida Asten AWS,URBAN_MICROCLIMATE,18.0,Min 55,2026-08-28 16:55 PST,26.86,26.6,0.26,31.94,56.9%,4.77,4.22,1.5,42.8,27.4
KT-A80A1B29E748,Avida Asten AWS,URBAN_MICROCLIMATE,18.0,Min 56,2026-08-28 16:56 PST,26.83,26.6,0.23,31.91,57.0%,4.8,4.269,1.5,42.8,27.5
KT-A80A1B29E748,Avida Asten AWS,URBAN_MICROCLIMATE,18.0,Min 57,2026-08-28 16:57 PST,26.8,26.6,0.2,31.88,57.1%,4.83,4.319,1.5,42.8,28.1
KT-A80A1B29E748,Avida Asten AWS,URBAN_MICROCLIMATE,18.0,Min 58,2026-08-28 16:58 PST,26.76,26.6,0.16,31.84,57.3%,4.85,4.368,1.5,42.8,27.6
KT-A80A1B29E748,Avida Asten AWS,URBAN_MICROCLIMATE,18.0,Min 59,2026-08-28 16:59 PST,26.73,26.6,0.13,31.81,57.4%,4.88,4.418,1.5,42.8,33.9
KT-A80A1B29E748,Avida Asten AWS,URBAN_MICROCLIMATE,18.0,Min 60,2026-08-28 17:00 PST,26.69,26.6,0.09,31.77,57.5%,4.91,4.468,1.5,42.8,57.1
KT-B82DB21C0610,San Jose City,CENTRAL_PLAIN,85.0,Min 01,2026-08-28 16:01 PST,28.44,24.2,4.24,33.52,50.4%,3.47,2.952,2.9,43.3,75.8
KT-B82DB21C0610,San Jose City,CENTRAL_PLAIN,85.0,Min 02,2026-08-28 16:02 PST,28.37,24.2,4.17,33.45,50.8%,3.59,3.006,2.9,43.3,41.0
KT-B82DB21C0610,San Jose City,CENTRAL_PLAIN,85.0,Min 03,2026-08-28 16:03 PST,28.31,24.2,4.11,33.39,51.2%,3.71,3.061,2.9,43.3,39.6
KT-B82DB21C0610,San Jose City,CENTRAL_PLAIN,85.0,Min 04,2026-08-28 16:04 PST,28.25,24.2,4.05,33.33,51.6%,3.83,3.118,2.9,43.3,38.2
KT-B82DB21C0610,San Jose City,CENTRAL_PLAIN,85.0,Min 05,2026-08-28 16:05 PST,28.18,24.2,3.98,33.26,51.9%,3.95,3.176,2.9,43.3,37.7
KT-B82DB21C0610,San Jose City,CENTRAL_PLAIN,85.0,Min 06,2026-08-28 16:06 PST,28.12,24.2,3.92,33.2,52.3%,4.07,3.236,2.9,43.2,41.2
KT-B82DB21C0610,San Jose City,CENTRAL_PLAIN,85.0,Min 07,2026-08-28 16:07 PST,28.05,24.2,3.85,33.13,52.6%,4.19,3.298,2.9,43.2,38.6
KT-B82DB21C0610,San Jose City,CENTRAL_PLAIN,85.0,Min 08,2026-08-28 16:08 PST,27.98,24.2,3.78,33.06,53.0%,4.31,3.361,2.9,43.2,39.0
KT-B82DB21C0610,San Jose City,CENTRAL_PLAIN,85.0,Min 09,2026-08-28 16:09 PST,27.91,24.2,3.71,32.99,53.3%,4.43,3.425,2.9,43.2,38.1
KT-B82DB21C0610,San Jose City,CENTRAL_PLAIN,85.0,Min 10,2026-08-28 16:10 PST,27.84,24.2,3.64,32.92,53.6%,4.55,3.491,2.9,43.2,37.1
KT-B82DB21C0610,San Jose City,CENTRAL_PLAIN,85.0,Min 11,2026-08-28 16:11 PST,27.77,24.2,3.57,32.85,54.0%,4.68,3.559,2.9,43.1,35.9
KT-B82DB21C0610,San Jose City,CENTRAL_PLAIN,85.0,Min 12,2026-08-28 16:12 PST,27.7,24.2,3.5,32.78,54.3%,4.8,3.628,2.9,43.1,36.2
KT-B82DB21C0610,San Jose City,CENTRAL_PLAIN,85.0,Min 13,2026-08-28 16:13 PST,27.63,24.2,3.43,32.71,54.6%,4.92,3.699,2.9,43.1,35.5
KT-B82DB21C0610,San Jose City,CENTRAL_PLAIN,85.0,Min 14,2026-08-28 16:14 PST,27.55,24.2,3.35,32.63,54.9%,5.04,3.771,2.9,43.1,35.5
KT-B82DB21C0610,San Jose City,CENTRAL_PLAIN,85.0,Min 15,2026-08-28 16:15 PST,27.48,24.2,3.28,32.56,55.2%,5.16,3.845,2.9,43.0,34.8
KT-B82DB21C0610,San Jose City,CENTRAL_PLAIN,85.0,Min 16,2026-08-28 16:16 PST,27.4,24.2,3.2,32.48,55.5%,5.28,3.92,2.9,43.0,34.6
KT-B82DB21C0610,San Jose City,CENTRAL_PLAIN,85.0,Min 17,2026-08-28 16:17 PST,27.33,24.2,3.13,32.41,55.8%,5.41,3.997,2.9,43.0,34.5
KT-B82DB21C0610,San Jose City,CENTRAL_PLAIN,85.0,Min 18,2026-08-28 16:18 PST,27.25,24.2,3.05,32.33,56.0%,5.53,4.076,2.9,43.0,31.1
KT-B82DB21C0610,San Jose City,CENTRAL_PLAIN,85.0,Min 19,2026-08-28 16:19 PST,27.17,24.2,2.97,32.25,56.3%,5.65,4.156,2.9,42.9,28.9
KT-B82DB21C0610,San Jose City,CENTRAL_PLAIN,85.0,Min 20,2026-08-28 16:20 PST,27.09,24.2,2.89,32.17,56.6%,5.78,4.237,2.9,42.9,30.0
KT-B82DB21C0610,San Jose City,CENTRAL_PLAIN,85.0,Min 21,2026-08-28 16:21 PST,27.01,24.2,2.81,32.09,56.8%,5.9,4.32,2.9,42.9,28.6
KT-B82DB21C0610,San Jose City,CENTRAL_PLAIN,85.0,Min 22,2026-08-28 16:22 PST,26.93,24.2,2.73,32.01,57.1%,6.03,4.405,2.9,42.9,28.9
KT-B82DB21C0610,San Jose City,CENTRAL_PLAIN,85.0,Min 23,2026-08-28 16:23 PST,26.85,24.2,2.65,31.93,57.4%,6.16,4.491,2.9,42.8,28.3
KT-B82DB21C0610,San Jose City,CENTRAL_PLAIN,85.0,Min 24,2026-08-28 16:24 PST,26.77,24.2,2.57,31.85,57.6%,6.29,4.579,2.9,42.8,29.9
KT-B82DB21C0610,San Jose City,CENTRAL_PLAIN,85.0,Min 25,2026-08-28 16:25 PST,26.69,24.2,2.49,31.77,57.9%,6.41,4.668,2.9,42.8,28.6
KT-B82DB21C0610,San Jose City,CENTRAL_PLAIN,85.0,Min 26,2026-08-28 16:26 PST,26.61,24.2,2.41,31.69,58.1%,6.54,4.759,2.9,42.8,28.7
KT-B82DB21C0610,San Jose City,CENTRAL_PLAIN,85.0,Min 27,2026-08-28 16:27 PST,26.54,24.2,2.34,31.62,58.1%,6.6,4.85,2.9,42.7,28.5
KT-B82DB21C0610,San Jose City,CENTRAL_PLAIN,85.0,Min 28,2026-08-28 16:28 PST,26.46,24.2,2.26,31.54,57.9%,6.6,4.941,2.9,42.7,29.1
KT-B82DB21C0610,San Jose City,CENTRAL_PLAIN,85.0,Min 29,2026-08-28 16:29 PST,26.38,24.2,2.18,31.46,57.8%,6.6,5.032,2.9,42.7,28.5
KT-B82DB21C0610,San Jose City,CENTRAL_PLAIN,85.0,Min 30,2026-08-28 16:30 PST,26.31,24.2,2.11,31.39,57.6%,6.61,5.122,2.9,42.7,28.0
KT-B82DB21C0610,San Jose City,CENTRAL_PLAIN,85.0,Min 31,2026-08-28 16:31 PST,26.23,24.2,2.03,31.31,57.4%,6.61,5.212,2.9,42.6,28.1
KT-B82DB21C0610,San Jose City,CENTRAL_PLAIN,85.0,Min 32,2026-08-28 16:32 PST,26.16,24.2,1.96,31.24,57.3%,6.62,5.302,2.9,42.6,28.0
KT-B82DB21C0610,San Jose City,CENTRAL_PLAIN,85.0,Min 33,2026-08-28 16:33 PST,26.09,24.2,1.89,31.17,57.1%,6.62,5.391,2.9,42.6,28.0
KT-B82DB21C0610,San Jose City,CENTRAL_PLAIN,85.0,Min 34,2026-08-28 16:34 PST,26.02,24.2,1.82,31.1,56.9%,6.63,5.48,2.9,42.6,27.5
KT-B82DB21C0610,San Jose City,CENTRAL_PLAIN,85.0,Min 35,2026-08-28 16:35 PST,25.95,24.2,1.75,31.03,56.8%,6.63,5.569,2.9,42.6,27.4
KT-B82DB21C0610,San Jose City,CENTRAL_PLAIN,85.0,Min 36,2026-08-28 16:36 PST,25.88,24.2,1.68,30.96,56.6%,6.64,5.657,2.9,42.5,27.7
KT-B82DB21C0610,San Jose City,CENTRAL_PLAIN,85.0,Min 37,2026-08-28 16:37 PST,25.81,24.2,1.61,30.89,56.4%,6.64,5.746,2.9,42.5,27.3
KT-B82DB21C0610,San Jose City,CENTRAL_PLAIN,85.0,Min 38,2026-08-28 16:38 PST,25.75,24.2,1.55,30.83,56.3%,6.64,5.834,2.9,42.5,29.6
KT-B82DB21C0610,San Jose City,CENTRAL_PLAIN,85.0,Min 39,2026-08-28 16:39 PST,25.68,24.2,1.48,30.76,56.1%,6.65,5.921,2.9,42.5,27.7
KT-B82DB21C0610,San Jose City,CENTRAL_PLAIN,85.0,Min 40,2026-08-28 16:40 PST,25.62,24.2,1.42,30.7,55.9%,6.66,6.009,2.9,42.4,27.9
KT-B82DB21C0610,San Jose City,CENTRAL_PLAIN,85.0,Min 41,2026-08-28 16:41 PST,25.55,24.2,1.35,30.63,55.8%,6.66,6.096,2.9,42.4,27.7
KT-B82DB21C0610,San Jose City,CENTRAL_PLAIN,85.0,Min 42,2026-08-28 16:42 PST,25.49,24.2,1.29,30.57,55.6%,6.67,6.182,2.9,42.4,27.8
KT-B82DB21C0610,San Jose City,CENTRAL_PLAIN,85.0,Min 43,2026-08-28 16:43 PST,25.43,24.2,1.23,30.51,55.5%,6.67,6.269,2.9,42.4,27.6
KT-B82DB21C0610,San Jose City,CENTRAL_PLAIN,85.0,Min 44,2026-08-28 16:44 PST,25.37,24.2,1.17,30.45,55.3%,6.68,6.355,2.9,42.4,27.5
KT-B82DB21C0610,San Jose City,CENTRAL_PLAIN,85.0,Min 45,2026-08-28 16:45 PST,25.3,24.2,1.1,30.38,55.1%,6.69,6.441,2.9,42.3,27.3
KT-B82DB21C0610,San Jose City,CENTRAL_PLAIN,85.0,Min 46,2026-08-28 16:46 PST,25.24,24.2,1.04,30.32,55.0%,6.69,6.527,2.9,42.3,27.4
KT-B82DB21C0610,San Jose City,CENTRAL_PLAIN,85.0,Min 47,2026-08-28 16:47 PST,25.18,24.2,0.98,30.26,54.8%,6.7,6.612,2.9,42.3,30.1
KT-B82DB21C0610,San Jose City,CENTRAL_PLAIN,85.0,Min 48,2026-08-28 16:48 PST,25.11,24.2,0.91,30.19,54.7%,6.71,6.698,2.9,42.3,27.8
KT-B82DB21C0610,San Jose City,CENTRAL_PLAIN,85.0,Min 49,2026-08-28 16:49 PST,25.05,24.2,0.85,30.13,54.6%,6.71,6.783,2.9,42.3,27.5
KT-B82DB21C0610,San Jose City,CENTRAL_PLAIN,85.0,Min 50,2026-08-28 16:50 PST,24.99,24.2,0.79,30.07,54.4%,6.72,6.867,2.9,42.2,27.7
KT-B82DB21C0610,San Jose City,CENTRAL_PLAIN,85.0,Min 51,2026-08-28 16:51 PST,24.92,24.2,0.72,30.0,54.3%,6.73,6.952,2.9,42.2,27.5
KT-B82DB21C0610,San Jose City,CENTRAL_PLAIN,85.0,Min 52,2026-08-28 16:52 PST,24.85,24.2,0.65,29.93,54.1%,6.74,7.036,2.9,42.2,28.8
KT-B82DB21C0610,San Jose City,CENTRAL_PLAIN,85.0,Min 53,2026-08-28 16:53 PST,24.78,24.2,0.58,29.86,54.0%,6.75,7.12,2.9,42.2,28.1
KT-B82DB21C0610,San Jose City,CENTRAL_PLAIN,85.0,Min 54,2026-08-28 16:54 PST,24.72,24.2,0.52,29.8,53.9%,6.76,7.204,2.9,42.2,27.9
KT-B82DB21C0610,San Jose City,CENTRAL_PLAIN,85.0,Min 55,2026-08-28 16:55 PST,24.64,24.2,0.44,29.72,53.7%,6.77,7.288,2.9,42.1,27.8
KT-B82DB21C0610,San Jose City,CENTRAL_PLAIN,85.0,Min 56,2026-08-28 16:56 PST,24.57,24.2,0.37,29.65,53.6%,6.78,7.372,2.9,42.1,29.0
KT-B82DB21C0610,San Jose City,CENTRAL_PLAIN,85.0,Min 57,2026-08-28 16:57 PST,24.5,24.2,0.3,29.58,53.5%,6.79,7.455,2.9,42.1,28.7
KT-B82DB21C0610,San Jose City,CENTRAL_PLAIN,85.0,Min 58,2026-08-28 16:58 PST,24.43,24.2,0.23,29.51,53.4%,6.8,7.538,2.9,42.1,28.8
KT-B82DB21C0610,San Jose City,CENTRAL_PLAIN,85.0,Min 59,2026-08-28 16:59 PST,24.35,24.2,0.15,29.43,53.2%,6.81,7.621,2.9,42.0,27.9
KT-B82DB21C0610,San Jose City,CENTRAL_PLAIN,85.0,Min 60,2026-08-28 17:00 PST,24.27,24.2,0.07,29.35,53.1%,6.82,7.704,2.9,42.0,27.7
KT-5C74AC182EC8,San Luis AWS,WETLAND_BASIN,10.0,Min 01,2026-08-28 16:01 PST,28.45,25.0,3.45,33.53,50.1%,3.36,3.3,3.25,43.4,90.8
KT-5C74AC182EC8,San Luis AWS,WETLAND_BASIN,10.0,Min 02,2026-08-28 16:02 PST,28.4,25.0,3.4,33.48,50.1%,3.38,3.351,3.25,43.3,61.2
KT-5C74AC182EC8,San Luis AWS,WETLAND_BASIN,10.0,Min 03,2026-08-28 16:03 PST,28.35,25.0,3.35,33.43,50.2%,3.39,3.402,3.25,43.3,48.1
KT-5C74AC182EC8,San Luis AWS,WETLAND_BASIN,10.0,Min 04,2026-08-28 16:04 PST,28.3,25.0,3.3,33.38,50.2%,3.41,3.452,3.25,43.3,30.4
KT-5C74AC182EC8,San Luis AWS,WETLAND_BASIN,10.0,Min 05,2026-08-28 16:05 PST,28.25,25.0,3.25,33.33,50.3%,3.42,3.503,3.25,43.3,31.2
KT-5C74AC182EC8,San Luis AWS,WETLAND_BASIN,10.0,Min 06,2026-08-28 16:06 PST,28.2,25.0,3.2,33.28,50.3%,3.43,3.554,3.25,43.3,29.9
KT-5C74AC182EC8,San Luis AWS,WETLAND_BASIN,10.0,Min 07,2026-08-28 16:07 PST,28.14,25.0,3.14,33.22,50.4%,3.45,3.605,3.25,43.3,30.8
KT-5C74AC182EC8,San Luis AWS,WETLAND_BASIN,10.0,Min 08,2026-08-28 16:08 PST,28.09,25.0,3.09,33.17,50.4%,3.46,3.656,3.25,43.2,29.8
KT-5C74AC182EC8,San Luis AWS,WETLAND_BASIN,10.0,Min 09,2026-08-28 16:09 PST,28.03,25.0,3.03,33.11,50.5%,3.48,3.707,3.25,43.2,30.3
KT-5C74AC182EC8,San Luis AWS,WETLAND_BASIN,10.0,Min 10,2026-08-28 16:10 PST,27.98,25.0,2.98,33.06,50.5%,3.49,3.759,3.25,43.2,32.4
KT-5C74AC182EC8,San Luis AWS,WETLAND_BASIN,10.0,Min 11,2026-08-28 16:11 PST,27.92,25.0,2.92,33.0,50.6%,3.51,3.81,3.25,43.2,29.2
KT-5C74AC182EC8,San Luis AWS,WETLAND_BASIN,10.0,Min 12,2026-08-28 16:12 PST,27.86,25.0,2.86,32.94,50.7%,3.52,3.862,3.25,43.2,29.3
KT-5C74AC182EC8,San Luis AWS,WETLAND_BASIN,10.0,Min 13,2026-08-28 16:13 PST,27.8,25.0,2.8,32.88,50.7%,3.54,3.913,3.25,43.1,28.3
KT-5C74AC182EC8,San Luis AWS,WETLAND_BASIN,10.0,Min 14,2026-08-28 16:14 PST,27.74,25.0,2.74,32.82,50.8%,3.56,3.965,3.25,43.1,28.3
KT-5C74AC182EC8,San Luis AWS,WETLAND_BASIN,10.0,Min 15,2026-08-28 16:15 PST,27.67,25.0,2.67,32.75,50.8%,3.57,4.017,3.25,43.1,28.8
KT-5C74AC182EC8,San Luis AWS,WETLAND_BASIN,10.0,Min 16,2026-08-28 16:16 PST,27.61,25.0,2.61,32.69,50.9%,3.59,4.069,3.25,43.1,27.6
KT-5C74AC182EC8,San Luis AWS,WETLAND_BASIN,10.0,Min 17,2026-08-28 16:17 PST,27.55,25.0,2.55,32.63,51.0%,3.6,4.121,3.25,43.1,28.6
KT-5C74AC182EC8,San Luis AWS,WETLAND_BASIN,10.0,Min 18,2026-08-28 16:18 PST,27.48,25.0,2.48,32.56,51.0%,3.62,4.173,3.25,43.0,28.5
KT-5C74AC182EC8,San Luis AWS,WETLAND_BASIN,10.0,Min 19,2026-08-28 16:19 PST,27.42,25.0,2.42,32.5,51.1%,3.64,4.226,3.25,43.0,28.0
KT-5C74AC182EC8,San Luis AWS,WETLAND_BASIN,10.0,Min 20,2026-08-28 16:20 PST,27.35,25.0,2.35,32.43,51.2%,3.65,4.278,3.25,43.0,27.8
KT-5C74AC182EC8,San Luis AWS,WETLAND_BASIN,10.0,Min 21,2026-08-28 16:21 PST,27.28,25.0,2.28,32.36,51.3%,3.67,4.331,3.25,43.0,27.6
KT-5C74AC182EC8,San Luis AWS,WETLAND_BASIN,10.0,Min 22,2026-08-28 16:22 PST,27.22,25.0,2.22,32.3,51.3%,3.69,4.383,3.25,43.0,27.8
KT-5C74AC182EC8,San Luis AWS,WETLAND_BASIN,10.0,Min 23,2026-08-28 16:23 PST,27.15,25.0,2.15,32.23,51.4%,3.7,4.436,3.25,42.9,28.7
KT-5C74AC182EC8,San Luis AWS,WETLAND_BASIN,10.0,Min 24,2026-08-28 16:24 PST,27.08,25.0,2.08,32.16,51.5%,3.72,4.489,3.25,42.9,28.2
KT-5C74AC182EC8,San Luis AWS,WETLAND_BASIN,10.0,Min 25,2026-08-28 16:25 PST,27.01,25.0,2.01,32.09,51.5%,3.74,4.542,3.25,42.9,28.1
KT-5C74AC182EC8,San Luis AWS,WETLAND_BASIN,10.0,Min 26,2026-08-28 16:26 PST,26.95,25.0,1.95,32.03,51.6%,3.75,4.596,3.25,42.9,28.7
KT-5C74AC182EC8,San Luis AWS,WETLAND_BASIN,10.0,Min 27,2026-08-28 16:27 PST,26.88,25.0,1.88,31.96,51.7%,3.77,4.649,3.25,42.9,28.1
KT-5C74AC182EC8,San Luis AWS,WETLAND_BASIN,10.0,Min 28,2026-08-28 16:28 PST,26.82,25.0,1.82,31.9,51.7%,3.79,4.703,3.25,42.8,27.6
KT-5C74AC182EC8,San Luis AWS,WETLAND_BASIN,10.0,Min 29,2026-08-28 16:29 PST,26.76,25.0,1.76,31.84,51.8%,3.81,4.756,3.25,42.8,27.2
KT-5C74AC182EC8,San Luis AWS,WETLAND_BASIN,10.0,Min 30,2026-08-28 16:30 PST,26.69,25.0,1.69,31.77,51.9%,3.82,4.81,3.25,42.8,27.6
KT-5C74AC182EC8,San Luis AWS,WETLAND_BASIN,10.0,Min 31,2026-08-28 16:31 PST,26.63,25.0,1.63,31.71,52.0%,3.84,4.864,3.25,42.8,27.7
KT-5C74AC182EC8,San Luis AWS,WETLAND_BASIN,10.0,Min 32,2026-08-28 16:32 PST,26.57,25.0,1.57,31.65,52.0%,3.86,4.918,3.25,42.8,28.1
KT-5C74AC182EC8,San Luis AWS,WETLAND_BASIN,10.0,Min 33,2026-08-28 16:33 PST,26.51,25.0,1.51,31.59,52.1%,3.87,4.972,3.25,42.7,27.6
KT-5C74AC182EC8,San Luis AWS,WETLAND_BASIN,10.0,Min 34,2026-08-28 16:34 PST,26.45,25.0,1.45,31.53,52.2%,3.89,5.026,3.25,42.7,31.2
KT-5C74AC182EC8,San Luis AWS,WETLAND_BASIN,10.0,Min 35,2026-08-28 16:35 PST,26.4,25.0,1.4,31.48,52.2%,3.91,5.081,3.25,42.7,29.5
KT-5C74AC182EC8,San Luis AWS,WETLAND_BASIN,10.0,Min 36,2026-08-28 16:36 PST,26.34,25.0,1.34,31.42,52.3%,3.92,5.135,3.25,42.7,28.4
KT-5C74AC182EC8,San Luis AWS,WETLAND_BASIN,10.0,Min 37,2026-08-28 16:37 PST,26.29,25.0,1.29,31.37,52.4%,3.94,5.19,3.25,42.7,28.1
KT-5C74AC182EC8,San Luis AWS,WETLAND_BASIN,10.0,Min 38,2026-08-28 16:38 PST,26.23,25.0,1.23,31.31,52.5%,3.96,5.245,3.25,42.6,27.4
KT-5C74AC182EC8,San Luis AWS,WETLAND_BASIN,10.0,Min 39,2026-08-28 16:39 PST,26.18,25.0,1.18,31.26,52.5%,3.98,5.299,3.25,42.6,27.9
KT-5C74AC182EC8,San Luis AWS,WETLAND_BASIN,10.0,Min 40,2026-08-28 16:40 PST,26.13,25.0,1.13,31.21,52.6%,3.99,5.354,3.25,42.6,27.1
KT-5C74AC182EC8,San Luis AWS,WETLAND_BASIN,10.0,Min 41,2026-08-28 16:41 PST,26.08,25.0,1.08,31.16,52.7%,4.01,5.41,3.25,42.6,27.2
KT-5C74AC182EC8,San Luis AWS,WETLAND_BASIN,10.0,Min 42,2026-08-28 16:42 PST,26.03,25.0,1.03,31.11,52.7%,4.02,5.465,3.25,42.6,27.9
KT-5C74AC182EC8,San Luis AWS,WETLAND_BASIN,10.0,Min 43,2026-08-28 16:43 PST,25.98,25.0,0.98,31.06,52.8%,4.04,5.52,3.25,42.6,30.2
KT-5C74AC182EC8,San Luis AWS,WETLAND_BASIN,10.0,Min 44,2026-08-28 16:44 PST,25.93,25.0,0.93,31.01,52.8%,4.06,5.576,3.25,42.6,27.5
KT-5C74AC182EC8,San Luis AWS,WETLAND_BASIN,10.0,Min 45,2026-08-28 16:45 PST,25.88,25.0,0.88,30.96,52.9%,4.07,5.631,3.25,42.5,27.4
KT-5C74AC182EC8,San Luis AWS,WETLAND_BASIN,10.0,Min 46,2026-08-28 16:46 PST,25.83,25.0,0.83,30.91,53.0%,4.09,5.687,3.25,42.5,27.3
KT-5C74AC182EC8,San Luis AWS,WETLAND_BASIN,10.0,Min 47,2026-08-28 16:47 PST,25.78,25.0,0.78,30.86,53.0%,4.11,5.743,3.25,42.5,29.0
KT-5C74AC182EC8,San Luis AWS,WETLAND_BASIN,10.0,Min 48,2026-08-28 16:48 PST,25.73,25.0,0.73,30.81,53.1%,4.12,5.799,3.25,42.5,28.2
KT-5C74AC182EC8,San Luis AWS,WETLAND_BASIN,10.0,Min 49,2026-08-28 16:49 PST,25.68,25.0,0.68,30.76,53.2%,4.14,5.855,3.25,42.5,28.2
KT-5C74AC182EC8,San Luis AWS,WETLAND_BASIN,10.0,Min 50,2026-08-28 16:50 PST,25.62,25.0,0.62,30.7,53.2%,4.15,5.911,3.25,42.5,27.8
KT-5C74AC182EC8,San Luis AWS,WETLAND_BASIN,10.0,Min 51,2026-08-28 16:51 PST,25.57,25.0,0.57,30.65,53.3%,4.17,5.967,3.25,42.4,29.0
KT-5C74AC182EC8,San Luis AWS,WETLAND_BASIN,10.0,Min 52,2026-08-28 16:52 PST,25.52,25.0,0.52,30.6,53.3%,4.19,6.023,3.25,42.4,27.1
KT-5C74AC182EC8,San Luis AWS,WETLAND_BASIN,10.0,Min 53,2026-08-28 16:53 PST,25.46,25.0,0.46,30.54,53.4%,4.2,6.08,3.25,42.4,27.3
KT-5C74AC182EC8,San Luis AWS,WETLAND_BASIN,10.0,Min 54,2026-08-28 16:54 PST,25.4,25.0,0.4,30.48,53.5%,4.22,6.136,3.25,42.4,27.4
KT-5C74AC182EC8,San Luis AWS,WETLAND_BASIN,10.0,Min 55,2026-08-28 16:55 PST,25.35,25.0,0.35,30.43,53.5%,4.23,6.193,3.25,42.4,27.1
KT-5C74AC182EC8,San Luis AWS,WETLAND_BASIN,10.0,Min 56,2026-08-28 16:56 PST,25.29,25.0,0.29,30.37,53.6%,4.25,6.25,3.25,42.4,26.9
KT-5C74AC182EC8,San Luis AWS,WETLAND_BASIN,10.0,Min 57,2026-08-28 16:57 PST,25.23,25.0,0.23,30.31,53.6%,4.26,6.307,3.25,42.3,30.3
KT-5C74AC182EC8,San Luis AWS,WETLAND_BASIN,10.0,Min 58,2026-08-28 16:58 PST,25.17,25.0,0.17,30.25,53.7%,4.28,6.363,3.25,42.3,27.1
KT-5C74AC182EC8,San Luis AWS,WETLAND_BASIN,10.0,Min 59,2026-08-28 16:59 PST,25.1,25.0,0.1,30.18,53.8%,4.3,6.421,3.25,42.3,27.0
KT-5C74AC182EC8,San Luis AWS,WETLAND_BASIN,10.0,Min 60,2026-08-28 17:00 PST,25.04,25.0,0.04,30.12,53.8%,4.31,6.478,3.25,42.3,27.7
KT-20FCA4182EC8,Lazatin AWS,CENTRAL_PLAIN,20.0,Min 01,2026-08-28 16:01 PST,28.47,26.0,2.47,33.55,50.1%,3.39,2.551,2.5,43.4,88.3
KT-20FCA4182EC8,Lazatin AWS,CENTRAL_PLAIN,20.0,Min 02,2026-08-28 16:02 PST,28.43,26.0,2.43,33.51,50.2%,3.42,2.602,2.5,43.3,48.0
KT-20FCA4182EC8,Lazatin AWS,CENTRAL_PLAIN,20.0,Min 03,2026-08-28 16:03 PST,28.4,26.0,2.4,33.48,50.4%,3.46,2.653,2.5,43.3,48.1
KT-20FCA4182EC8,Lazatin AWS,CENTRAL_PLAIN,20.0,Min 04,2026-08-28 16:04 PST,28.37,26.0,2.37,33.45,50.5%,3.49,2.705,2.5,43.3,38.4
KT-20FCA4182EC8,Lazatin AWS,CENTRAL_PLAIN,20.0,Min 05,2026-08-28 16:05 PST,28.33,26.0,2.33,33.41,50.6%,3.53,2.758,2.5,43.3,38.5
KT-20FCA4182EC8,Lazatin AWS,CENTRAL_PLAIN,20.0,Min 06,2026-08-28 16:06 PST,28.3,26.0,2.3,33.38,50.7%,3.57,2.81,2.5,43.3,38.3
KT-20FCA4182EC8,Lazatin AWS,CENTRAL_PLAIN,20.0,Min 07,2026-08-28 16:07 PST,28.26,26.0,2.26,33.34,50.9%,3.61,2.863,2.5,43.3,38.7
KT-20FCA4182EC8,Lazatin AWS,CENTRAL_PLAIN,20.0,Min 08,2026-08-28 16:08 PST,28.22,26.0,2.22,33.3,51.0%,3.64,2.916,2.5,43.3,37.9
KT-20FCA4182EC8,Lazatin AWS,CENTRAL_PLAIN,20.0,Min 09,2026-08-28 16:09 PST,28.18,26.0,2.18,33.26,51.1%,3.68,2.97,2.5,43.3,37.3
KT-20FCA4182EC8,Lazatin AWS,CENTRAL_PLAIN,20.0,Min 10,2026-08-28 16:10 PST,28.14,26.0,2.14,33.22,51.3%,3.72,3.024,2.5,43.3,37.4
KT-20FCA4182EC8,Lazatin AWS,CENTRAL_PLAIN,20.0,Min 11,2026-08-28 16:11 PST,28.1,26.0,2.1,33.18,51.4%,3.76,3.079,2.5,43.2,36.8
KT-20FCA4182EC8,Lazatin AWS,CENTRAL_PLAIN,20.0,Min 12,2026-08-28 16:12 PST,28.06,26.0,2.06,33.14,51.5%,3.8,3.134,2.5,43.2,36.9
KT-20FCA4182EC8,Lazatin AWS,CENTRAL_PLAIN,20.0,Min 13,2026-08-28 16:13 PST,28.02,26.0,2.02,33.1,51.7%,3.84,3.189,2.5,43.2,35.0
KT-20FCA4182EC8,Lazatin AWS,CENTRAL_PLAIN,20.0,Min 14,2026-08-28 16:14 PST,27.97,26.0,1.97,33.05,51.8%,3.88,3.244,2.5,43.2,35.0
KT-20FCA4182EC8,Lazatin AWS,CENTRAL_PLAIN,20.0,Min 15,2026-08-28 16:15 PST,27.92,26.0,1.92,33.0,52.0%,3.92,3.301,2.5,43.2,37.0
KT-20FCA4182EC8,Lazatin AWS,CENTRAL_PLAIN,20.0,Min 16,2026-08-28 16:16 PST,27.88,26.0,1.88,32.96,52.1%,3.96,3.357,2.5,43.2,35.8
KT-20FCA4182EC8,Lazatin AWS,CENTRAL_PLAIN,20.0,Min 17,2026-08-28 16:17 PST,27.83,26.0,1.83,32.91,52.3%,4.01,3.414,2.5,43.2,34.6
KT-20FCA4182EC8,Lazatin AWS,CENTRAL_PLAIN,20.0,Min 18,2026-08-28 16:18 PST,27.78,26.0,1.78,32.86,52.4%,4.05,3.471,2.5,43.1,34.9
KT-20FCA4182EC8,Lazatin AWS,CENTRAL_PLAIN,20.0,Min 19,2026-08-28 16:19 PST,27.73,26.0,1.73,32.81,52.6%,4.09,3.529,2.5,43.1,36.2
KT-20FCA4182EC8,Lazatin AWS,CENTRAL_PLAIN,20.0,Min 20,2026-08-28 16:20 PST,27.68,26.0,1.68,32.76,52.7%,4.13,3.587,2.5,43.1,36.1
KT-20FCA4182EC8,Lazatin AWS,CENTRAL_PLAIN,20.0,Min 21,2026-08-28 16:21 PST,27.63,26.0,1.63,32.71,52.9%,4.18,3.646,2.5,43.1,35.6
KT-20FCA4182EC8,Lazatin AWS,CENTRAL_PLAIN,20.0,Min 22,2026-08-28 16:22 PST,27.58,26.0,1.58,32.66,53.0%,4.22,3.705,2.5,43.1,35.2
KT-20FCA4182EC8,Lazatin AWS,CENTRAL_PLAIN,20.0,Min 23,2026-08-28 16:23 PST,27.53,26.0,1.53,32.61,53.2%,4.26,3.764,2.5,43.1,37.8
KT-20FCA4182EC8,Lazatin AWS,CENTRAL_PLAIN,20.0,Min 24,2026-08-28 16:24 PST,27.48,26.0,1.48,32.56,53.4%,4.31,3.824,2.5,43.0,35.1
KT-20FCA4182EC8,Lazatin AWS,CENTRAL_PLAIN,20.0,Min 25,2026-08-28 16:25 PST,27.43,26.0,1.43,32.51,53.5%,4.35,3.885,2.5,43.0,34.9
KT-20FCA4182EC8,Lazatin AWS,CENTRAL_PLAIN,20.0,Min 26,2026-08-28 16:26 PST,27.38,26.0,1.38,32.46,53.7%,4.4,3.946,2.5,43.0,37.0
KT-20FCA4182EC8,Lazatin AWS,CENTRAL_PLAIN,20.0,Min 27,2026-08-28 16:27 PST,27.34,26.0,1.34,32.42,53.8%,4.44,4.007,2.5,43.0,36.5
KT-20FCA4182EC8,Lazatin AWS,CENTRAL_PLAIN,20.0,Min 28,2026-08-28 16:28 PST,27.29,26.0,1.29,32.37,54.0%,4.49,4.069,2.5,43.0,34.9
KT-20FCA4182EC8,Lazatin AWS,CENTRAL_PLAIN,20.0,Min 29,2026-08-28 16:29 PST,27.24,26.0,1.24,32.32,54.2%,4.53,4.131,2.5,43.0,35.0
KT-20FCA4182EC8,Lazatin AWS,CENTRAL_PLAIN,20.0,Min 30,2026-08-28 16:30 PST,27.2,26.0,1.2,32.28,54.4%,4.58,4.193,2.5,43.0,34.3
KT-20FCA4182EC8,Lazatin AWS,CENTRAL_PLAIN,20.0,Min 31,2026-08-28 16:31 PST,27.15,26.0,1.15,32.23,54.5%,4.62,4.256,2.5,42.9,38.8
KT-20FCA4182EC8,Lazatin AWS,CENTRAL_PLAIN,20.0,Min 32,2026-08-28 16:32 PST,27.11,26.0,1.11,32.19,54.7%,4.67,4.32,2.5,42.9,35.4
KT-20FCA4182EC8,Lazatin AWS,CENTRAL_PLAIN,20.0,Min 33,2026-08-28 16:33 PST,27.06,26.0,1.06,32.14,54.9%,4.72,4.384,2.5,42.9,35.0
KT-20FCA4182EC8,Lazatin AWS,CENTRAL_PLAIN,20.0,Min 34,2026-08-28 16:34 PST,27.02,26.0,1.02,32.1,55.0%,4.76,4.449,2.5,42.9,34.5
KT-20FCA4182EC8,Lazatin AWS,CENTRAL_PLAIN,20.0,Min 35,2026-08-28 16:35 PST,26.98,26.0,0.98,32.06,55.2%,4.81,4.513,2.5,42.9,33.8
KT-20FCA4182EC8,Lazatin AWS,CENTRAL_PLAIN,20.0,Min 36,2026-08-28 16:36 PST,26.95,26.0,0.95,32.03,55.4%,4.85,4.579,2.5,42.9,35.0
KT-20FCA4182EC8,Lazatin AWS,CENTRAL_PLAIN,20.0,Min 37,2026-08-28 16:37 PST,26.91,26.0,0.91,31.99,55.5%,4.9,4.645,2.5,42.9,35.3
KT-20FCA4182EC8,Lazatin AWS,CENTRAL_PLAIN,20.0,Min 38,2026-08-28 16:38 PST,26.87,26.0,0.87,31.95,55.7%,4.95,4.711,2.5,42.9,34.5
KT-20FCA4182EC8,Lazatin AWS,CENTRAL_PLAIN,20.0,Min 39,2026-08-28 16:39 PST,26.84,26.0,0.84,31.92,55.9%,4.99,4.778,2.5,42.8,37.1
KT-20FCA4182EC8,Lazatin AWS,CENTRAL_PLAIN,20.0,Min 40,2026-08-28 16:40 PST,26.8,26.0,0.8,31.88,56.0%,5.04,4.845,2.5,42.8,34.8
KT-20FCA4182EC8,Lazatin AWS,CENTRAL_PLAIN,20.0,Min 41,2026-08-28 16:41 PST,26.77,26.0,0.77,31.85,56.2%,5.09,4.912,2.5,42.8,33.7
KT-20FCA4182EC8,Lazatin AWS,CENTRAL_PLAIN,20.0,Min 42,2026-08-28 16:42 PST,26.73,26.0,0.73,31.81,56.4%,5.13,4.98,2.5,42.8,34.6
KT-20FCA4182EC8,Lazatin AWS,CENTRAL_PLAIN,20.0,Min 43,2026-08-28 16:43 PST,26.7,26.0,0.7,31.78,56.5%,5.18,5.049,2.5,42.8,34.1
KT-20FCA4182EC8,Lazatin AWS,CENTRAL_PLAIN,20.0,Min 44,2026-08-28 16:44 PST,26.67,26.0,0.67,31.75,56.7%,5.22,5.118,2.5,42.8,33.6
KT-20FCA4182EC8,Lazatin AWS,CENTRAL_PLAIN,20.0,Min 45,2026-08-28 16:45 PST,26.63,26.0,0.63,31.71,56.8%,5.27,5.187,2.5,42.8,33.6
KT-20FCA4182EC8,Lazatin AWS,CENTRAL_PLAIN,20.0,Min 46,2026-08-28 16:46 PST,26.6,26.0,0.6,31.68,57.0%,5.32,5.257,2.5,42.8,34.5
KT-20FCA4182EC8,Lazatin AWS,CENTRAL_PLAIN,20.0,Min 47,2026-08-28 16:47 PST,26.57,26.0,0.57,31.65,57.2%,5.36,5.327,2.5,42.8,35.8
KT-20FCA4182EC8,Lazatin AWS,CENTRAL_PLAIN,20.0,Min 48,2026-08-28 16:48 PST,26.53,26.0,0.53,31.61,57.3%,5.41,5.398,2.5,42.7,33.9
KT-20FCA4182EC8,Lazatin AWS,CENTRAL_PLAIN,20.0,Min 49,2026-08-28 16:49 PST,26.5,26.0,0.5,31.58,57.5%,5.46,5.469,2.5,42.7,34.3
KT-20FCA4182EC8,Lazatin AWS,CENTRAL_PLAIN,20.0,Min 50,2026-08-28 16:50 PST,26.46,26.0,0.46,31.54,57.7%,5.5,5.541,2.5,42.7,34.2
KT-20FCA4182EC8,Lazatin AWS,CENTRAL_PLAIN,20.0,Min 51,2026-08-28 16:51 PST,26.43,26.0,0.43,31.51,57.8%,5.55,5.613,2.5,42.7,34.6
KT-20FCA4182EC8,Lazatin AWS,CENTRAL_PLAIN,20.0,Min 52,2026-08-28 16:52 PST,26.39,26.0,0.39,31.47,58.0%,5.6,5.685,2.5,42.7,34.4
KT-20FCA4182EC8,Lazatin AWS,CENTRAL_PLAIN,20.0,Min 53,2026-08-28 16:53 PST,26.35,26.0,0.35,31.43,58.1%,5.64,5.758,2.5,42.7,33.8
KT-20FCA4182EC8,Lazatin AWS,CENTRAL_PLAIN,20.0,Min 54,2026-08-28 16:54 PST,26.31,26.0,0.31,31.39,58.3%,5.69,5.832,2.5,42.7,34.6
KT-20FCA4182EC8,Lazatin AWS,CENTRAL_PLAIN,20.0,Min 55,2026-08-28 16:55 PST,26.27,26.0,0.27,31.35,58.5%,5.74,5.905,2.5,42.7,34.1
KT-20FCA4182EC8,Lazatin AWS,CENTRAL_PLAIN,20.0,Min 56,2026-08-28 16:56 PST,26.23,26.0,0.23,31.31,58.6%,5.79,5.98,2.5,42.6,36.4
KT-20FCA4182EC8,Lazatin AWS,CENTRAL_PLAIN,20.0,Min 57,2026-08-28 16:57 PST,26.18,26.0,0.18,31.26,58.8%,5.83,6.054,2.5,42.6,34.5
KT-20FCA4182EC8,Lazatin AWS,CENTRAL_PLAIN,20.0,Min 58,2026-08-28 16:58 PST,26.14,26.0,0.14,31.22,58.9%,5.88,6.129,2.5,42.6,35.1
KT-20FCA4182EC8,Lazatin AWS,CENTRAL_PLAIN,20.0,Min 59,2026-08-28 16:59 PST,26.09,26.0,0.09,31.17,59.1%,5.93,6.205,2.5,42.6,33.9
KT-20FCA4182EC8,Lazatin AWS,CENTRAL_PLAIN,20.0,Min 60,2026-08-28 17:00 PST,26.05,26.0,0.05,31.13,59.3%,5.98,6.281,2.5,42.6,34.3
KT-184AAD182EC8,Baretto AWS,COASTAL_BAY,5.0,Min 01,2026-08-28 16:01 PST,28.46,25.3,3.16,33.54,50.0%,3.36,1.85,1.8,43.4,112.1
KT-184AAD182EC8,Baretto AWS,COASTAL_BAY,5.0,Min 02,2026-08-28 16:02 PST,28.41,25.3,3.11,33.49,50.1%,3.37,1.901,1.8,43.3,77.5
KT-184AAD182EC8,Baretto AWS,COASTAL_BAY,5.0,Min 03,2026-08-28 16:03 PST,28.36,25.3,3.06,33.44,50.1%,3.38,1.952,1.8,43.3,71.3
KT-184AAD182EC8,Baretto AWS,COASTAL_BAY,5.0,Min 04,2026-08-28 16:04 PST,28.32,25.3,3.02,33.4,50.2%,3.39,2.002,1.8,43.3,55.6
KT-184AAD182EC8,Baretto AWS,COASTAL_BAY,5.0,Min 05,2026-08-28 16:05 PST,28.27,25.3,2.97,33.35,50.2%,3.41,2.053,1.8,43.3,41.9
KT-184AAD182EC8,Baretto AWS,COASTAL_BAY,5.0,Min 06,2026-08-28 16:06 PST,28.23,25.3,2.93,33.31,50.2%,3.42,2.104,1.8,43.3,31.1
KT-184AAD182EC8,Baretto AWS,COASTAL_BAY,5.0,Min 07,2026-08-28 16:07 PST,28.18,25.3,2.88,33.26,50.3%,3.43,2.155,1.8,43.3,30.7
KT-184AAD182EC8,Baretto AWS,COASTAL_BAY,5.0,Min 08,2026-08-28 16:08 PST,28.13,25.3,2.83,33.21,50.3%,3.44,2.206,1.8,43.2,30.7
KT-184AAD182EC8,Baretto AWS,COASTAL_BAY,5.0,Min 09,2026-08-28 16:09 PST,28.08,25.3,2.78,33.16,50.4%,3.45,2.257,1.8,43.2,29.6
KT-184AAD182EC8,Baretto AWS,COASTAL_BAY,5.0,Min 10,2026-08-28 16:10 PST,28.03,25.3,2.73,33.11,50.4%,3.46,2.308,1.8,43.2,30.1
KT-184AAD182EC8,Baretto AWS,COASTAL_BAY,5.0,Min 11,2026-08-28 16:11 PST,27.97,25.3,2.67,33.05,50.5%,3.48,2.359,1.8,43.2,29.0
KT-184AAD182EC8,Baretto AWS,COASTAL_BAY,5.0,Min 12,2026-08-28 16:12 PST,27.92,25.3,2.62,33.0,50.5%,3.49,2.411,1.8,43.2,29.1
KT-184AAD182EC8,Baretto AWS,COASTAL_BAY,5.0,Min 13,2026-08-28 16:13 PST,27.86,25.3,2.56,32.94,50.6%,3.5,2.462,1.8,43.2,28.3
KT-184AAD182EC8,Baretto AWS,COASTAL_BAY,5.0,Min 14,2026-08-28 16:14 PST,27.81,25.3,2.51,32.89,50.6%,3.51,2.514,1.8,43.1,28.0
KT-184AAD182EC8,Baretto AWS,COASTAL_BAY,5.0,Min 15,2026-08-28 16:15 PST,27.75,25.3,2.45,32.83,50.7%,3.53,2.565,1.8,43.1,29.8
KT-184AAD182EC8,Baretto AWS,COASTAL_BAY,5.0,Min 16,2026-08-28 16:16 PST,27.69,25.3,2.39,32.77,50.7%,3.54,2.617,1.8,43.1,28.6
KT-184AAD182EC8,Baretto AWS,COASTAL_BAY,5.0,Min 17,2026-08-28 16:17 PST,27.63,25.3,2.33,32.71,50.8%,3.55,2.669,1.8,43.1,28.0
KT-184AAD182EC8,Baretto AWS,COASTAL_BAY,5.0,Min 18,2026-08-28 16:18 PST,27.57,25.3,2.27,32.65,50.8%,3.57,2.721,1.8,43.1,29.2
KT-184AAD182EC8,Baretto AWS,COASTAL_BAY,5.0,Min 19,2026-08-28 16:19 PST,27.51,25.3,2.21,32.59,50.9%,3.58,2.773,1.8,43.1,28.2
KT-184AAD182EC8,Baretto AWS,COASTAL_BAY,5.0,Min 20,2026-08-28 16:20 PST,27.45,25.3,2.15,32.53,51.0%,3.59,2.826,1.8,43.0,28.0
KT-184AAD182EC8,Baretto AWS,COASTAL_BAY,5.0,Min 21,2026-08-28 16:21 PST,27.39,25.3,2.09,32.47,51.0%,3.61,2.878,1.8,43.0,27.1
KT-184AAD182EC8,Baretto AWS,COASTAL_BAY,5.0,Min 22,2026-08-28 16:22 PST,27.33,25.3,2.03,32.41,51.1%,3.62,2.931,1.8,43.0,28.3
KT-184AAD182EC8,Baretto AWS,COASTAL_BAY,5.0,Min 23,2026-08-28 16:23 PST,27.26,25.3,1.96,32.34,51.1%,3.64,2.983,1.8,43.0,29.0
KT-184AAD182EC8,Baretto AWS,COASTAL_BAY,5.0,Min 24,2026-08-28 16:24 PST,27.2,25.3,1.9,32.28,51.2%,3.65,3.036,1.8,43.0,28.3
KT-184AAD182EC8,Baretto AWS,COASTAL_BAY,5.0,Min 25,2026-08-28 16:25 PST,27.14,25.3,1.84,32.22,51.3%,3.66,3.089,1.8,42.9,28.1
KT-184AAD182EC8,Baretto AWS,COASTAL_BAY,5.0,Min 26,2026-08-28 16:26 PST,27.08,25.3,1.78,32.16,51.3%,3.68,3.142,1.8,42.9,27.6
KT-184AAD182EC8,Baretto AWS,COASTAL_BAY,5.0,Min 27,2026-08-28 16:27 PST,27.02,25.3,1.72,32.1,51.4%,3.69,3.195,1.8,42.9,27.2
KT-184AAD182EC8,Baretto AWS,COASTAL_BAY,5.0,Min 28,2026-08-28 16:28 PST,26.96,25.3,1.66,32.04,51.5%,3.71,3.248,1.8,42.9,27.4
KT-184AAD182EC8,Baretto AWS,COASTAL_BAY,5.0,Min 29,2026-08-28 16:29 PST,26.9,25.3,1.6,31.98,51.5%,3.72,3.302,1.8,42.9,28.1
KT-184AAD182EC8,Baretto AWS,COASTAL_BAY,5.0,Min 30,2026-08-28 16:30 PST,26.84,25.3,1.54,31.92,51.6%,3.74,3.355,1.8,42.8,27.7
KT-184AAD182EC8,Baretto AWS,COASTAL_BAY,5.0,Min 31,2026-08-28 16:31 PST,26.79,25.3,1.49,31.87,51.7%,3.75,3.409,1.8,42.8,27.7
KT-184AAD182EC8,Baretto AWS,COASTAL_BAY,5.0,Min 32,2026-08-28 16:32 PST,26.73,25.3,1.43,31.81,51.7%,3.77,3.463,1.8,42.8,28.0
KT-184AAD182EC8,Baretto AWS,COASTAL_BAY,5.0,Min 33,2026-08-28 16:33 PST,26.68,25.3,1.38,31.76,51.8%,3.78,3.517,1.8,42.8,27.5
KT-184AAD182EC8,Baretto AWS,COASTAL_BAY,5.0,Min 34,2026-08-28 16:34 PST,26.63,25.3,1.33,31.71,51.9%,3.8,3.571,1.8,42.8,27.6
KT-184AAD182EC8,Baretto AWS,COASTAL_BAY,5.0,Min 35,2026-08-28 16:35 PST,26.57,25.3,1.27,31.65,51.9%,3.82,3.625,1.8,42.8,30.7
KT-184AAD182EC8,Baretto AWS,COASTAL_BAY,5.0,Min 36,2026-08-28 16:36 PST,26.52,25.3,1.22,31.6,52.0%,3.83,3.68,1.8,42.7,28.0
KT-184AAD182EC8,Baretto AWS,COASTAL_BAY,5.0,Min 37,2026-08-28 16:37 PST,26.47,25.3,1.17,31.55,52.1%,3.85,3.734,1.8,42.7,27.4
KT-184AAD182EC8,Baretto AWS,COASTAL_BAY,5.0,Min 38,2026-08-28 16:38 PST,26.43,25.3,1.13,31.51,52.2%,3.86,3.789,1.8,42.7,27.0
KT-184AAD182EC8,Baretto AWS,COASTAL_BAY,5.0,Min 39,2026-08-28 16:39 PST,26.38,25.3,1.08,31.46,52.2%,3.88,3.844,1.8,42.7,28.3
KT-184AAD182EC8,Baretto AWS,COASTAL_BAY,5.0,Min 40,2026-08-28 16:40 PST,26.33,25.3,1.03,31.41,52.3%,3.89,3.899,1.8,42.7,27.7
KT-184AAD182EC8,Baretto AWS,COASTAL_BAY,5.0,Min 41,2026-08-28 16:41 PST,26.29,25.3,0.99,31.37,52.4%,3.91,3.954,1.8,42.7,27.2
KT-184AAD182EC8,Baretto AWS,COASTAL_BAY,5.0,Min 42,2026-08-28 16:42 PST,26.24,25.3,0.94,31.32,52.5%,3.93,4.009,1.8,42.7,27.6
KT-184AAD182EC8,Baretto AWS,COASTAL_BAY,5.0,Min 43,2026-08-28 16:43 PST,26.2,25.3,0.9,31.28,52.5%,3.94,4.065,1.8,42.6,29.6
KT-184AAD182EC8,Baretto AWS,COASTAL_BAY,5.0,Min 44,2026-08-28 16:44 PST,26.15,25.3,0.85,31.23,52.6%,3.96,4.12,1.8,42.6,27.2
KT-184AAD182EC8,Baretto AWS,COASTAL_BAY,5.0,Min 45,2026-08-28 16:45 PST,26.11,25.3,0.81,31.19,52.7%,3.98,4.176,1.8,42.6,27.5
KT-184AAD182EC8,Baretto AWS,COASTAL_BAY,5.0,Min 46,2026-08-28 16:46 PST,26.06,25.3,0.76,31.14,52.8%,3.99,4.232,1.8,42.6,27.7
KT-184AAD182EC8,Baretto AWS,COASTAL_BAY,5.0,Min 47,2026-08-28 16:47 PST,26.02,25.3,0.72,31.1,52.8%,4.01,4.288,1.8,42.6,28.8
KT-184AAD182EC8,Baretto AWS,COASTAL_BAY,5.0,Min 48,2026-08-28 16:48 PST,25.97,25.3,0.67,31.05,52.9%,4.03,4.344,1.8,42.6,28.0
KT-184AAD182EC8,Baretto AWS,COASTAL_BAY,5.0,Min 49,2026-08-28 16:49 PST,25.92,25.3,0.62,31.0,53.0%,4.04,4.401,1.8,42.6,27.8
KT-184AAD182EC8,Baretto AWS,COASTAL_BAY,5.0,Min 50,2026-08-28 16:50 PST,25.88,25.3,0.58,30.96,53.1%,4.06,4.457,1.8,42.5,27.2
KT-184AAD182EC8,Baretto AWS,COASTAL_BAY,5.0,Min 51,2026-08-28 16:51 PST,25.83,25.3,0.53,30.91,53.2%,4.08,4.514,1.8,42.5,27.4
KT-184AAD182EC8,Baretto AWS,COASTAL_BAY,5.0,Min 52,2026-08-28 16:52 PST,25.78,25.3,0.48,30.86,53.2%,4.09,4.571,1.8,42.5,30.1
KT-184AAD182EC8,Baretto AWS,COASTAL_BAY,5.0,Min 53,2026-08-28 16:53 PST,25.73,25.3,0.43,30.81,53.3%,4.11,4.628,1.8,42.5,28.3
KT-184AAD182EC8,Baretto AWS,COASTAL_BAY,5.0,Min 54,2026-08-28 16:54 PST,25.68,25.3,0.38,30.76,53.4%,4.13,4.685,1.8,42.5,29.0
KT-184AAD182EC8,Baretto AWS,COASTAL_BAY,5.0,Min 55,2026-08-28 16:55 PST,25.62,25.3,0.32,30.7,53.5%,4.14,4.742,1.8,42.5,28.8
KT-184AAD182EC8,Baretto AWS,COASTAL_BAY,5.0,Min 56,2026-08-28 16:56 PST,25.57,25.3,0.27,30.65,53.6%,4.16,4.799,1.8,42.4,27.4
KT-184AAD182EC8,Baretto AWS,COASTAL_BAY,5.0,Min 57,2026-08-28 16:57 PST,25.51,25.3,0.21,30.59,53.6%,4.18,4.857,1.8,42.4,28.8
KT-184AAD182EC8,Baretto AWS,COASTAL_BAY,5.0,Min 58,2026-08-28 16:58 PST,25.46,25.3,0.16,30.54,53.7%,4.19,4.915,1.8,42.4,28.5
KT-184AAD182EC8,Baretto AWS,COASTAL_BAY,5.0,Min 59,2026-08-28 16:59 PST,25.4,25.3,0.1,30.48,53.8%,4.21,4.973,1.8,42.4,27.7
KT-184AAD182EC8,Baretto AWS,COASTAL_BAY,5.0,Min 60,2026-08-28 17:00 PST,25.34,25.3,0.04,30.42,53.9%,4.23,5.031,1.8,42.4,29.4
KT-EC4FAD182EC8,Old Cabalan AWS,MOUNTAIN_PASS,110.0,Min 01,2026-08-28 16:01 PST,28.44,24.3,4.14,33.52,56.7%,5.14,2.277,2.2,43.3,82.3
KT-EC4FAD182EC8,Old Cabalan AWS,MOUNTAIN_PASS,110.0,Min 02,2026-08-28 16:02 PST,28.38,24.3,4.08,33.46,57.3%,5.31,2.356,2.2,43.3,41.7
KT-EC4FAD182EC8,Old Cabalan AWS,MOUNTAIN_PASS,110.0,Min 03,2026-08-28 16:03 PST,28.31,24.3,4.01,33.39,57.8%,5.49,2.438,2.2,43.3,38.8
KT-EC4FAD182EC8,Old Cabalan AWS,MOUNTAIN_PASS,110.0,Min 04,2026-08-28 16:04 PST,28.25,24.3,3.95,33.33,58.4%,5.67,2.522,2.2,43.3,38.3
KT-EC4FAD182EC8,Old Cabalan AWS,MOUNTAIN_PASS,110.0,Min 05,2026-08-28 16:05 PST,28.19,24.3,3.89,33.27,59.0%,5.85,2.608,2.2,43.3,38.6
KT-EC4FAD182EC8,Old Cabalan AWS,MOUNTAIN_PASS,110.0,Min 06,2026-08-28 16:06 PST,28.13,24.3,3.83,33.21,59.6%,6.03,2.696,2.2,43.2,38.2
KT-EC4FAD182EC8,Old Cabalan AWS,MOUNTAIN_PASS,110.0,Min 07,2026-08-28 16:07 PST,28.06,24.3,3.76,33.14,60.2%,6.22,2.787,2.2,43.2,38.6
KT-EC4FAD182EC8,Old Cabalan AWS,MOUNTAIN_PASS,110.0,Min 08,2026-08-28 16:08 PST,27.99,24.3,3.69,33.07,60.8%,6.41,2.88,2.2,43.2,37.3
KT-EC4FAD182EC8,Old Cabalan AWS,MOUNTAIN_PASS,110.0,Min 09,2026-08-28 16:09 PST,27.93,24.3,3.63,33.01,61.4%,6.6,2.975,2.2,43.2,36.8
KT-EC4FAD182EC8,Old Cabalan AWS,MOUNTAIN_PASS,110.0,Min 10,2026-08-28 16:10 PST,27.86,24.3,3.56,32.94,61.5%,6.67,3.071,2.2,43.2,38.8
KT-EC4FAD182EC8,Old Cabalan AWS,MOUNTAIN_PASS,110.0,Min 11,2026-08-28 16:11 PST,27.79,24.3,3.49,32.87,61.6%,6.71,3.168,2.2,43.1,37.6
KT-EC4FAD182EC8,Old Cabalan AWS,MOUNTAIN_PASS,110.0,Min 12,2026-08-28 16:12 PST,27.72,24.3,3.42,32.8,61.7%,6.76,3.264,2.2,43.1,37.0
KT-EC4FAD182EC8,Old Cabalan AWS,MOUNTAIN_PASS,110.0,Min 13,2026-08-28 16:13 PST,27.65,24.3,3.35,32.73,61.8%,6.81,3.361,2.2,43.1,37.2
KT-EC4FAD182EC8,Old Cabalan AWS,MOUNTAIN_PASS,110.0,Min 14,2026-08-28 16:14 PST,27.58,24.3,3.28,32.66,61.9%,6.86,3.457,2.2,43.1,29.7
KT-EC4FAD182EC8,Old Cabalan AWS,MOUNTAIN_PASS,110.0,Min 15,2026-08-28 16:15 PST,27.5,24.3,3.2,32.58,62.1%,6.91,3.555,2.2,43.0,29.1
KT-EC4FAD182EC8,Old Cabalan AWS,MOUNTAIN_PASS,110.0,Min 16,2026-08-28 16:16 PST,27.43,24.3,3.13,32.51,62.2%,6.97,3.652,2.2,43.0,28.1
KT-EC4FAD182EC8,Old Cabalan AWS,MOUNTAIN_PASS,110.0,Min 17,2026-08-28 16:17 PST,27.35,24.3,3.05,32.43,62.3%,7.02,3.75,2.2,43.0,27.8
KT-EC4FAD182EC8,Old Cabalan AWS,MOUNTAIN_PASS,110.0,Min 18,2026-08-28 16:18 PST,27.27,24.3,2.97,32.35,62.5%,7.07,3.848,2.2,43.0,28.7
KT-EC4FAD182EC8,Old Cabalan AWS,MOUNTAIN_PASS,110.0,Min 19,2026-08-28 16:19 PST,27.2,24.3,2.9,32.28,62.6%,7.13,3.946,2.2,43.0,27.7
KT-EC4FAD182EC8,Old Cabalan AWS,MOUNTAIN_PASS,110.0,Min 20,2026-08-28 16:20 PST,27.12,24.3,2.82,32.2,62.7%,7.18,4.045,2.2,42.9,27.5
KT-EC4FAD182EC8,Old Cabalan AWS,MOUNTAIN_PASS,110.0,Min 21,2026-08-28 16:21 PST,27.04,24.3,2.74,32.12,62.9%,7.23,4.143,2.2,42.9,27.4
KT-EC4FAD182EC8,Old Cabalan AWS,MOUNTAIN_PASS,110.0,Min 22,2026-08-28 16:22 PST,26.96,24.3,2.66,32.04,63.1%,7.29,4.243,2.2,42.9,27.5
KT-EC4FAD182EC8,Old Cabalan AWS,MOUNTAIN_PASS,110.0,Min 23,2026-08-28 16:23 PST,26.88,24.3,2.58,31.96,63.2%,7.35,4.342,2.2,42.9,27.3
KT-EC4FAD182EC8,Old Cabalan AWS,MOUNTAIN_PASS,110.0,Min 24,2026-08-28 16:24 PST,26.81,24.3,2.51,31.89,63.4%,7.4,4.442,2.2,42.8,29.0
KT-EC4FAD182EC8,Old Cabalan AWS,MOUNTAIN_PASS,110.0,Min 25,2026-08-28 16:25 PST,26.73,24.3,2.43,31.81,63.5%,7.46,4.542,2.2,42.8,28.5
KT-EC4FAD182EC8,Old Cabalan AWS,MOUNTAIN_PASS,110.0,Min 26,2026-08-28 16:26 PST,26.65,24.3,2.35,31.73,63.7%,7.52,4.643,2.2,42.8,28.3
KT-EC4FAD182EC8,Old Cabalan AWS,MOUNTAIN_PASS,110.0,Min 27,2026-08-28 16:27 PST,26.57,24.3,2.27,31.65,63.9%,7.58,4.744,2.2,42.8,28.3
KT-EC4FAD182EC8,Old Cabalan AWS,MOUNTAIN_PASS,110.0,Min 28,2026-08-28 16:28 PST,26.5,24.3,2.2,31.58,64.1%,7.63,4.845,2.2,42.7,27.8
KT-EC4FAD182EC8,Old Cabalan AWS,MOUNTAIN_PASS,110.0,Min 29,2026-08-28 16:29 PST,26.42,24.3,2.12,31.5,64.2%,7.69,4.946,2.2,42.7,27.9
KT-EC4FAD182EC8,Old Cabalan AWS,MOUNTAIN_PASS,110.0,Min 30,2026-08-28 16:30 PST,26.35,24.3,2.05,31.43,64.4%,7.75,5.048,2.2,42.7,27.3
KT-EC4FAD182EC8,Old Cabalan AWS,MOUNTAIN_PASS,110.0,Min 31,2026-08-28 16:31 PST,26.28,24.3,1.98,31.36,64.6%,7.81,5.151,2.2,42.7,27.2
KT-EC4FAD182EC8,Old Cabalan AWS,MOUNTAIN_PASS,110.0,Min 32,2026-08-28 16:32 PST,26.2,24.3,1.9,31.28,64.8%,7.87,5.253,2.2,42.6,28.0
KT-EC4FAD182EC8,Old Cabalan AWS,MOUNTAIN_PASS,110.0,Min 33,2026-08-28 16:33 PST,26.13,24.3,1.83,31.21,65.0%,7.93,5.356,2.2,42.6,27.7
KT-EC4FAD182EC8,Old Cabalan AWS,MOUNTAIN_PASS,110.0,Min 34,2026-08-28 16:34 PST,26.07,24.3,1.77,31.15,65.2%,7.99,5.46,2.2,42.6,28.3
KT-EC4FAD182EC8,Old Cabalan AWS,MOUNTAIN_PASS,110.0,Min 35,2026-08-28 16:35 PST,26.0,24.3,1.7,31.08,65.4%,8.05,5.564,2.2,42.6,33.7
KT-EC4FAD182EC8,Old Cabalan AWS,MOUNTAIN_PASS,110.0,Min 36,2026-08-28 16:36 PST,25.93,24.3,1.63,31.01,65.5%,8.11,5.668,2.2,42.6,28.4
KT-EC4FAD182EC8,Old Cabalan AWS,MOUNTAIN_PASS,110.0,Min 37,2026-08-28 16:37 PST,25.86,24.3,1.56,30.94,65.7%,8.17,5.772,2.2,42.5,28.1
KT-EC4FAD182EC8,Old Cabalan AWS,MOUNTAIN_PASS,110.0,Min 38,2026-08-28 16:38 PST,25.8,24.3,1.5,30.88,65.9%,8.23,5.877,2.2,42.5,27.7
KT-EC4FAD182EC8,Old Cabalan AWS,MOUNTAIN_PASS,110.0,Min 39,2026-08-28 16:39 PST,25.74,24.3,1.44,30.82,66.1%,8.3,5.982,2.2,42.5,28.5
KT-EC4FAD182EC8,Old Cabalan AWS,MOUNTAIN_PASS,110.0,Min 40,2026-08-28 16:40 PST,25.67,24.3,1.37,30.75,66.3%,8.36,6.088,2.2,42.5,28.4
KT-EC4FAD182EC8,Old Cabalan AWS,MOUNTAIN_PASS,110.0,Min 41,2026-08-28 16:41 PST,25.61,24.3,1.31,30.69,66.5%,8.42,6.194,2.2,42.5,28.0
KT-EC4FAD182EC8,Old Cabalan AWS,MOUNTAIN_PASS,110.0,Min 42,2026-08-28 16:42 PST,25.55,24.3,1.25,30.63,66.7%,8.48,6.301,2.2,42.4,27.9
KT-EC4FAD182EC8,Old Cabalan AWS,MOUNTAIN_PASS,110.0,Min 43,2026-08-28 16:43 PST,25.49,24.3,1.19,30.57,66.9%,8.54,6.407,2.2,42.4,27.8
KT-EC4FAD182EC8,Old Cabalan AWS,MOUNTAIN_PASS,110.0,Min 44,2026-08-28 16:44 PST,25.43,24.3,1.13,30.51,67.1%,8.6,6.514,2.2,42.4,28.0
KT-EC4FAD182EC8,Old Cabalan AWS,MOUNTAIN_PASS,110.0,Min 45,2026-08-28 16:45 PST,25.37,24.3,1.07,30.45,67.3%,8.66,6.622,2.2,42.4,27.2
KT-EC4FAD182EC8,Old Cabalan AWS,MOUNTAIN_PASS,110.0,Min 46,2026-08-28 16:46 PST,25.3,24.3,1.0,30.38,67.5%,8.73,6.73,2.2,42.4,27.3
KT-EC4FAD182EC8,Old Cabalan AWS,MOUNTAIN_PASS,110.0,Min 47,2026-08-28 16:47 PST,25.24,24.3,0.94,30.32,67.7%,8.79,6.838,2.2,42.3,27.6
KT-EC4FAD182EC8,Old Cabalan AWS,MOUNTAIN_PASS,110.0,Min 48,2026-08-28 16:48 PST,25.18,24.3,0.88,30.26,67.9%,8.85,6.947,2.2,42.3,29.1
KT-EC4FAD182EC8,Old Cabalan AWS,MOUNTAIN_PASS,110.0,Min 49,2026-08-28 16:49 PST,25.12,24.3,0.82,30.2,68.1%,8.91,7.056,2.2,42.3,27.2
KT-EC4FAD182EC8,Old Cabalan AWS,MOUNTAIN_PASS,110.0,Min 50,2026-08-28 16:50 PST,25.05,24.3,0.75,30.13,68.3%,8.97,7.165,2.2,42.3,27.0
KT-EC4FAD182EC8,Old Cabalan AWS,MOUNTAIN_PASS,110.0,Min 51,2026-08-28 16:51 PST,24.99,24.3,0.69,30.07,68.5%,9.03,7.275,2.2,42.3,27.2
KT-EC4FAD182EC8,Old Cabalan AWS,MOUNTAIN_PASS,110.0,Min 52,2026-08-28 16:52 PST,24.92,24.3,0.62,30.0,68.7%,9.1,7.385,2.2,42.2,27.0
KT-EC4FAD182EC8,Old Cabalan AWS,MOUNTAIN_PASS,110.0,Min 53,2026-08-28 16:53 PST,24.86,24.3,0.56,29.94,68.9%,9.16,7.495,2.2,42.2,26.9
KT-EC4FAD182EC8,Old Cabalan AWS,MOUNTAIN_PASS,110.0,Min 54,2026-08-28 16:54 PST,24.79,24.3,0.49,29.87,69.1%,9.22,7.606,2.2,42.2,27.4
KT-EC4FAD182EC8,Old Cabalan AWS,MOUNTAIN_PASS,110.0,Min 55,2026-08-28 16:55 PST,24.72,24.3,0.42,29.8,69.3%,9.28,7.717,2.2,42.2,27.3
KT-EC4FAD182EC8,Old Cabalan AWS,MOUNTAIN_PASS,110.0,Min 56,2026-08-28 16:56 PST,24.65,24.3,0.35,29.73,69.5%,9.34,7.828,2.2,42.1,28.8
KT-EC4FAD182EC8,Old Cabalan AWS,MOUNTAIN_PASS,110.0,Min 57,2026-08-28 16:57 PST,24.58,24.3,0.28,29.66,69.7%,9.4,7.94,2.2,42.1,27.0
KT-EC4FAD182EC8,Old Cabalan AWS,MOUNTAIN_PASS,110.0,Min 58,2026-08-28 16:58 PST,24.51,24.3,0.21,29.59,69.9%,9.46,8.052,2.2,42.1,27.3
KT-EC4FAD182EC8,Old Cabalan AWS,MOUNTAIN_PASS,110.0,Min 59,2026-08-28 16:59 PST,24.43,24.3,0.13,29.51,70.1%,9.52,8.165,2.2,42.1,27.4
KT-EC4FAD182EC8,Old Cabalan AWS,MOUNTAIN_PASS,110.0,Min 60,2026-08-28 17:00 PST,24.36,24.3,0.06,29.44,70.3%,9.59,8.277,2.2,42.1,27.2
KT-183017F7A608,Sabang Morong AWS,COASTAL_MARINE,6.0,Min 01,2026-08-28 16:01 PST,28.45,24.9,3.55,33.53,50.0%,3.36,1.95,1.9,43.4,142.1
KT-183017F7A608,Sabang Morong AWS,COASTAL_MARINE,6.0,Min 02,2026-08-28 16:02 PST,28.4,24.9,3.5,33.48,50.1%,3.36,2.001,1.9,43.3,61.0
KT-183017F7A608,Sabang Morong AWS,COASTAL_MARINE,6.0,Min 03,2026-08-28 16:03 PST,28.34,24.9,3.44,33.42,50.1%,3.37,2.051,1.9,43.3,56.8
KT-183017F7A608,Sabang Morong AWS,COASTAL_MARINE,6.0,Min 04,2026-08-28 16:04 PST,28.29,24.9,3.39,33.37,50.1%,3.38,2.102,1.9,43.3,53.8
KT-183017F7A608,Sabang Morong AWS,COASTAL_MARINE,6.0,Min 05,2026-08-28 16:05 PST,28.24,24.9,3.34,33.32,50.1%,3.38,2.152,1.9,43.3,52.0
KT-183017F7A608,Sabang Morong AWS,COASTAL_MARINE,6.0,Min 06,2026-08-28 16:06 PST,28.19,24.9,3.29,33.27,50.2%,3.39,2.203,1.9,43.3,46.7
KT-183017F7A608,Sabang Morong AWS,COASTAL_MARINE,6.0,Min 07,2026-08-28 16:07 PST,28.13,24.9,3.23,33.21,50.2%,3.4,2.253,1.9,43.3,49.2
KT-183017F7A608,Sabang Morong AWS,COASTAL_MARINE,6.0,Min 08,2026-08-28 16:08 PST,28.07,24.9,3.17,33.15,50.2%,3.41,2.304,1.9,43.2,47.9
KT-183017F7A608,Sabang Morong AWS,COASTAL_MARINE,6.0,Min 09,2026-08-28 16:09 PST,28.02,24.9,3.12,33.1,50.2%,3.41,2.354,1.9,43.2,49.5
KT-183017F7A608,Sabang Morong AWS,COASTAL_MARINE,6.0,Min 10,2026-08-28 16:10 PST,27.96,24.9,3.06,33.04,50.3%,3.42,2.405,1.9,43.2,48.4
KT-183017F7A608,Sabang Morong AWS,COASTAL_MARINE,6.0,Min 11,2026-08-28 16:11 PST,27.9,24.9,3.0,32.98,50.3%,3.43,2.456,1.9,43.2,47.8
KT-183017F7A608,Sabang Morong AWS,COASTAL_MARINE,6.0,Min 12,2026-08-28 16:12 PST,27.84,24.9,2.94,32.92,50.3%,3.44,2.506,1.9,43.2,46.3
KT-183017F7A608,Sabang Morong AWS,COASTAL_MARINE,6.0,Min 13,2026-08-28 16:13 PST,27.78,24.9,2.88,32.86,50.4%,3.44,2.557,1.9,43.1,45.5
KT-183017F7A608,Sabang Morong AWS,COASTAL_MARINE,6.0,Min 14,2026-08-28 16:14 PST,27.72,24.9,2.82,32.8,50.4%,3.45,2.608,1.9,43.1,45.7
KT-183017F7A608,Sabang Morong AWS,COASTAL_MARINE,6.0,Min 15,2026-08-28 16:15 PST,27.65,24.9,2.75,32.73,50.5%,3.46,2.659,1.9,43.1,45.1
KT-183017F7A608,Sabang Morong AWS,COASTAL_MARINE,6.0,Min 16,2026-08-28 16:16 PST,27.59,24.9,2.69,32.67,50.5%,3.47,2.71,1.9,43.1,45.2
KT-183017F7A608,Sabang Morong AWS,COASTAL_MARINE,6.0,Min 17,2026-08-28 16:17 PST,27.52,24.9,2.62,32.6,50.5%,3.48,2.761,1.9,43.1,44.9
KT-183017F7A608,Sabang Morong AWS,COASTAL_MARINE,6.0,Min 18,2026-08-28 16:18 PST,27.45,24.9,2.55,32.53,50.6%,3.49,2.812,1.9,43.0,46.3
KT-183017F7A608,Sabang Morong AWS,COASTAL_MARINE,6.0,Min 19,2026-08-28 16:19 PST,27.39,24.9,2.49,32.47,50.6%,3.5,2.863,1.9,43.0,46.0
KT-183017F7A608,Sabang Morong AWS,COASTAL_MARINE,6.0,Min 20,2026-08-28 16:20 PST,27.32,24.9,2.42,32.4,50.7%,3.5,2.915,1.9,43.0,45.0
KT-183017F7A608,Sabang Morong AWS,COASTAL_MARINE,6.0,Min 21,2026-08-28 16:21 PST,27.25,24.9,2.35,32.33,50.7%,3.51,2.966,1.9,43.0,45.8
KT-183017F7A608,Sabang Morong AWS,COASTAL_MARINE,6.0,Min 22,2026-08-28 16:22 PST,27.18,24.9,2.28,32.26,50.7%,3.52,3.017,1.9,42.9,37.6
KT-183017F7A608,Sabang Morong AWS,COASTAL_MARINE,6.0,Min 23,2026-08-28 16:23 PST,27.11,24.9,2.21,32.19,50.8%,3.53,3.069,1.9,42.9,30.3
KT-183017F7A608,Sabang Morong AWS,COASTAL_MARINE,6.0,Min 24,2026-08-28 16:24 PST,27.05,24.9,2.15,32.13,50.8%,3.54,3.12,1.9,42.9,28.3
KT-183017F7A608,Sabang Morong AWS,COASTAL_MARINE,6.0,Min 25,2026-08-28 16:25 PST,26.98,24.9,2.08,32.06,50.9%,3.55,3.172,1.9,42.9,28.2
KT-183017F7A608,Sabang Morong AWS,COASTAL_MARINE,6.0,Min 26,2026-08-28 16:26 PST,26.91,24.9,2.01,31.99,50.9%,3.56,3.223,1.9,42.9,28.5
KT-183017F7A608,Sabang Morong AWS,COASTAL_MARINE,6.0,Min 27,2026-08-28 16:27 PST,26.84,24.9,1.94,31.92,51.0%,3.57,3.275,1.9,42.8,27.8
KT-183017F7A608,Sabang Morong AWS,COASTAL_MARINE,6.0,Min 28,2026-08-28 16:28 PST,26.78,24.9,1.88,31.86,51.0%,3.58,3.327,1.9,42.8,29.5
KT-183017F7A608,Sabang Morong AWS,COASTAL_MARINE,6.0,Min 29,2026-08-28 16:29 PST,26.71,24.9,1.81,31.79,51.1%,3.59,3.379,1.9,42.8,27.8
KT-183017F7A608,Sabang Morong AWS,COASTAL_MARINE,6.0,Min 30,2026-08-28 16:30 PST,26.65,24.9,1.75,31.73,51.1%,3.6,3.431,1.9,42.8,28.8
KT-183017F7A608,Sabang Morong AWS,COASTAL_MARINE,6.0,Min 31,2026-08-28 16:31 PST,26.59,24.9,1.69,31.67,51.2%,3.61,3.483,1.9,42.8,28.1
KT-183017F7A608,Sabang Morong AWS,COASTAL_MARINE,6.0,Min 32,2026-08-28 16:32 PST,26.53,24.9,1.63,31.61,51.2%,3.62,3.535,1.9,42.7,28.7
KT-183017F7A608,Sabang Morong AWS,COASTAL_MARINE,6.0,Min 33,2026-08-28 16:33 PST,26.46,24.9,1.56,31.54,51.3%,3.63,3.587,1.9,42.7,28.7
KT-183017F7A608,Sabang Morong AWS,COASTAL_MARINE,6.0,Min 34,2026-08-28 16:34 PST,26.41,24.9,1.51,31.49,51.3%,3.64,3.639,1.9,42.7,28.5
KT-183017F7A608,Sabang Morong AWS,COASTAL_MARINE,6.0,Min 35,2026-08-28 16:35 PST,26.35,24.9,1.45,31.43,51.3%,3.65,3.692,1.9,42.7,31.2
KT-183017F7A608,Sabang Morong AWS,COASTAL_MARINE,6.0,Min 36,2026-08-28 16:36 PST,26.29,24.9,1.39,31.37,51.4%,3.66,3.744,1.9,42.7,35.2
KT-183017F7A608,Sabang Morong AWS,COASTAL_MARINE,6.0,Min 37,2026-08-28 16:37 PST,26.24,24.9,1.34,31.32,51.4%,3.67,3.796,1.9,42.6,30.3
KT-183017F7A608,Sabang Morong AWS,COASTAL_MARINE,6.0,Min 38,2026-08-28 16:38 PST,26.18,24.9,1.28,31.26,51.5%,3.68,3.849,1.9,42.6,28.9
KT-183017F7A608,Sabang Morong AWS,COASTAL_MARINE,6.0,Min 39,2026-08-28 16:39 PST,26.13,24.9,1.23,31.21,51.5%,3.69,3.902,1.9,42.6,27.4
KT-183017F7A608,Sabang Morong AWS,COASTAL_MARINE,6.0,Min 40,2026-08-28 16:40 PST,26.07,24.9,1.17,31.15,51.6%,3.7,3.954,1.9,42.6,27.0
KT-183017F7A608,Sabang Morong AWS,COASTAL_MARINE,6.0,Min 41,2026-08-28 16:41 PST,26.02,24.9,1.12,31.1,51.6%,3.71,4.007,1.9,42.6,27.1
KT-183017F7A608,Sabang Morong AWS,COASTAL_MARINE,6.0,Min 42,2026-08-28 16:42 PST,25.97,24.9,1.07,31.05,51.7%,3.72,4.06,1.9,42.6,31.7
KT-183017F7A608,Sabang Morong AWS,COASTAL_MARINE,6.0,Min 43,2026-08-28 16:43 PST,25.92,24.9,1.02,31.0,51.7%,3.73,4.113,1.9,42.5,31.4
KT-183017F7A608,Sabang Morong AWS,COASTAL_MARINE,6.0,Min 44,2026-08-28 16:44 PST,25.87,24.9,0.97,30.95,51.8%,3.74,4.166,1.9,42.5,29.7
KT-183017F7A608,Sabang Morong AWS,COASTAL_MARINE,6.0,Min 45,2026-08-28 16:45 PST,25.82,24.9,0.92,30.9,51.8%,3.75,4.219,1.9,42.5,28.2
KT-183017F7A608,Sabang Morong AWS,COASTAL_MARINE,6.0,Min 46,2026-08-28 16:46 PST,25.77,24.9,0.87,30.85,51.9%,3.76,4.272,1.9,42.5,27.2
KT-183017F7A608,Sabang Morong AWS,COASTAL_MARINE,6.0,Min 47,2026-08-28 16:47 PST,25.71,24.9,0.81,30.79,51.9%,3.77,4.325,1.9,42.5,27.0
KT-183017F7A608,Sabang Morong AWS,COASTAL_MARINE,6.0,Min 48,2026-08-28 16:48 PST,25.66,24.9,0.76,30.74,52.0%,3.78,4.379,1.9,42.5,27.8
KT-183017F7A608,Sabang Morong AWS,COASTAL_MARINE,6.0,Min 49,2026-08-28 16:49 PST,25.61,24.9,0.71,30.69,52.0%,3.79,4.432,1.9,42.4,27.2
KT-183017F7A608,Sabang Morong AWS,COASTAL_MARINE,6.0,Min 50,2026-08-28 16:50 PST,25.55,24.9,0.65,30.63,52.1%,3.8,4.486,1.9,42.4,27.6
KT-183017F7A608,Sabang Morong AWS,COASTAL_MARINE,6.0,Min 51,2026-08-28 16:51 PST,25.5,24.9,0.6,30.58,52.1%,3.81,4.539,1.9,42.4,27.6
KT-183017F7A608,Sabang Morong AWS,COASTAL_MARINE,6.0,Min 52,2026-08-28 16:52 PST,25.44,24.9,0.54,30.52,52.2%,3.82,4.593,1.9,42.4,29.2
KT-183017F7A608,Sabang Morong AWS,COASTAL_MARINE,6.0,Min 53,2026-08-28 16:53 PST,25.39,24.9,0.49,30.47,52.2%,3.83,4.646,1.9,42.4,27.8
KT-183017F7A608,Sabang Morong AWS,COASTAL_MARINE,6.0,Min 54,2026-08-28 16:54 PST,25.33,24.9,0.43,30.41,52.3%,3.84,4.7,1.9,42.4,27.8
KT-183017F7A608,Sabang Morong AWS,COASTAL_MARINE,6.0,Min 55,2026-08-28 16:55 PST,25.27,24.9,0.37,30.35,52.3%,3.85,4.754,1.9,42.3,27.2
KT-183017F7A608,Sabang Morong AWS,COASTAL_MARINE,6.0,Min 56,2026-08-28 16:56 PST,25.21,24.9,0.31,30.29,52.4%,3.86,4.808,1.9,42.3,27.2
KT-183017F7A608,Sabang Morong AWS,COASTAL_MARINE,6.0,Min 57,2026-08-28 16:57 PST,25.15,24.9,0.25,30.23,52.4%,3.87,4.862,1.9,42.3,27.1
KT-183017F7A608,Sabang Morong AWS,COASTAL_MARINE,6.0,Min 58,2026-08-28 16:58 PST,25.09,24.9,0.19,30.17,52.5%,3.88,4.916,1.9,42.3,27.3
KT-183017F7A608,Sabang Morong AWS,COASTAL_MARINE,6.0,Min 59,2026-08-28 16:59 PST,25.02,24.9,0.12,30.1,52.5%,3.89,4.97,1.9,42.3,27.2
KT-183017F7A608,Sabang Morong AWS,COASTAL_MARINE,6.0,Min 60,2026-08-28 17:00 PST,24.96,24.9,0.06,30.04,52.6%,3.9,5.024,1.9,42.2,27.2
KT-94AD8332A7B0,Wawa Limay AWS,COASTAL_ESTUARY,4.0,Min 01,2026-08-28 16:01 PST,28.45,24.7,3.75,33.53,50.2%,3.41,2.101,2.05,43.4,89.4
KT-94AD8332A7B0,Wawa Limay AWS,COASTAL_ESTUARY,4.0,Min 02,2026-08-28 16:02 PST,28.39,24.7,3.69,33.47,50.4%,3.46,2.153,2.05,43.3,44.9
KT-94AD8332A7B0,Wawa Limay AWS,COASTAL_ESTUARY,4.0,Min 03,2026-08-28 16:03 PST,28.33,24.7,3.63,33.41,50.6%,3.52,2.205,2.05,43.3,46.0
KT-94AD8332A7B0,Wawa Limay AWS,COASTAL_ESTUARY,4.0,Min 04,2026-08-28 16:04 PST,28.28,24.7,3.58,33.36,50.8%,3.57,2.259,2.05,43.3,39.3
KT-94AD8332A7B0,Wawa Limay AWS,COASTAL_ESTUARY,4.0,Min 05,2026-08-28 16:05 PST,28.22,24.7,3.52,33.3,51.0%,3.63,2.313,2.05,43.3,40.4
KT-94AD8332A7B0,Wawa Limay AWS,COASTAL_ESTUARY,4.0,Min 06,2026-08-28 16:06 PST,28.17,24.7,3.47,33.25,51.2%,3.69,2.367,2.05,43.3,39.8
KT-94AD8332A7B0,Wawa Limay AWS,COASTAL_ESTUARY,4.0,Min 07,2026-08-28 16:07 PST,28.11,24.7,3.41,33.19,51.4%,3.75,2.423,2.05,43.2,39.9
KT-94AD8332A7B0,Wawa Limay AWS,COASTAL_ESTUARY,4.0,Min 08,2026-08-28 16:08 PST,28.05,24.7,3.35,33.13,51.6%,3.8,2.479,2.05,43.2,39.9
KT-94AD8332A7B0,Wawa Limay AWS,COASTAL_ESTUARY,4.0,Min 09,2026-08-28 16:09 PST,27.99,24.7,3.29,33.07,51.8%,3.86,2.536,2.05,43.2,40.0
KT-94AD8332A7B0,Wawa Limay AWS,COASTAL_ESTUARY,4.0,Min 10,2026-08-28 16:10 PST,27.93,24.7,3.23,33.01,52.0%,3.92,2.594,2.05,43.2,39.4
KT-94AD8332A7B0,Wawa Limay AWS,COASTAL_ESTUARY,4.0,Min 11,2026-08-28 16:11 PST,27.86,24.7,3.16,32.94,52.2%,3.98,2.653,2.05,43.2,38.8
KT-94AD8332A7B0,Wawa Limay AWS,COASTAL_ESTUARY,4.0,Min 12,2026-08-28 16:12 PST,27.8,24.7,3.1,32.88,52.4%,4.04,2.712,2.05,43.1,39.2
KT-94AD8332A7B0,Wawa Limay AWS,COASTAL_ESTUARY,4.0,Min 13,2026-08-28 16:13 PST,27.73,24.7,3.03,32.81,52.6%,4.1,2.772,2.05,43.1,38.7
KT-94AD8332A7B0,Wawa Limay AWS,COASTAL_ESTUARY,4.0,Min 14,2026-08-28 16:14 PST,27.67,24.7,2.97,32.75,52.8%,4.16,2.833,2.05,43.1,56.7
KT-94AD8332A7B0,Wawa Limay AWS,COASTAL_ESTUARY,4.0,Min 15,2026-08-28 16:15 PST,27.6,24.7,2.9,32.68,53.0%,4.22,2.895,2.05,43.1,45.6
KT-94AD8332A7B0,Wawa Limay AWS,COASTAL_ESTUARY,4.0,Min 16,2026-08-28 16:16 PST,27.53,24.7,2.83,32.61,53.2%,4.28,2.957,2.05,43.1,45.4
KT-94AD8332A7B0,Wawa Limay AWS,COASTAL_ESTUARY,4.0,Min 17,2026-08-28 16:17 PST,27.46,24.7,2.76,32.54,53.5%,4.34,3.02,2.05,43.0,44.6
KT-94AD8332A7B0,Wawa Limay AWS,COASTAL_ESTUARY,4.0,Min 18,2026-08-28 16:18 PST,27.39,24.7,2.69,32.47,53.7%,4.41,3.085,2.05,43.0,44.9
KT-94AD8332A7B0,Wawa Limay AWS,COASTAL_ESTUARY,4.0,Min 19,2026-08-28 16:19 PST,27.32,24.7,2.62,32.4,53.9%,4.47,3.149,2.05,43.0,44.9
KT-94AD8332A7B0,Wawa Limay AWS,COASTAL_ESTUARY,4.0,Min 20,2026-08-28 16:20 PST,27.25,24.7,2.55,32.33,54.1%,4.53,3.215,2.05,43.0,44.8
KT-94AD8332A7B0,Wawa Limay AWS,COASTAL_ESTUARY,4.0,Min 21,2026-08-28 16:21 PST,27.18,24.7,2.48,32.26,54.3%,4.59,3.282,2.05,42.9,46.2
KT-94AD8332A7B0,Wawa Limay AWS,COASTAL_ESTUARY,4.0,Min 22,2026-08-28 16:22 PST,27.1,24.7,2.4,32.18,54.5%,4.66,3.349,2.05,42.9,45.5
KT-94AD8332A7B0,Wawa Limay AWS,COASTAL_ESTUARY,4.0,Min 23,2026-08-28 16:23 PST,27.03,24.7,2.33,32.11,54.7%,4.72,3.417,2.05,42.9,45.2
KT-94AD8332A7B0,Wawa Limay AWS,COASTAL_ESTUARY,4.0,Min 24,2026-08-28 16:24 PST,26.96,24.7,2.26,32.04,54.9%,4.78,3.486,2.05,42.9,44.3
KT-94AD8332A7B0,Wawa Limay AWS,COASTAL_ESTUARY,4.0,Min 25,2026-08-28 16:25 PST,26.89,24.7,2.19,31.97,55.2%,4.85,3.555,2.05,42.9,44.3
KT-94AD8332A7B0,Wawa Limay AWS,COASTAL_ESTUARY,4.0,Min 26,2026-08-28 16:26 PST,26.82,24.7,2.12,31.9,55.4%,4.91,3.626,2.05,42.8,44.7
KT-94AD8332A7B0,Wawa Limay AWS,COASTAL_ESTUARY,4.0,Min 27,2026-08-28 16:27 PST,26.75,24.7,2.05,31.83,55.6%,4.97,3.697,2.05,42.8,44.3
KT-94AD8332A7B0,Wawa Limay AWS,COASTAL_ESTUARY,4.0,Min 28,2026-08-28 16:28 PST,26.68,24.7,1.98,31.76,55.8%,5.04,3.769,2.05,42.8,44.1
KT-94AD8332A7B0,Wawa Limay AWS,COASTAL_ESTUARY,4.0,Min 29,2026-08-28 16:29 PST,26.61,24.7,1.91,31.69,56.0%,5.1,3.842,2.05,42.8,43.7
KT-94AD8332A7B0,Wawa Limay AWS,COASTAL_ESTUARY,4.0,Min 30,2026-08-28 16:30 PST,26.54,24.7,1.84,31.62,56.2%,5.17,3.916,2.05,42.7,43.9
KT-94AD8332A7B0,Wawa Limay AWS,COASTAL_ESTUARY,4.0,Min 31,2026-08-28 16:31 PST,26.47,24.7,1.77,31.55,56.4%,5.23,3.991,2.05,42.7,46.0
KT-94AD8332A7B0,Wawa Limay AWS,COASTAL_ESTUARY,4.0,Min 32,2026-08-28 16:32 PST,26.41,24.7,1.71,31.49,56.6%,5.3,4.066,2.05,42.7,45.1
KT-94AD8332A7B0,Wawa Limay AWS,COASTAL_ESTUARY,4.0,Min 33,2026-08-28 16:33 PST,26.34,24.7,1.64,31.42,56.8%,5.36,4.142,2.05,42.7,42.4
KT-94AD8332A7B0,Wawa Limay AWS,COASTAL_ESTUARY,4.0,Min 34,2026-08-28 16:34 PST,26.28,24.7,1.58,31.36,57.1%,5.43,4.219,2.05,42.7,36.1
KT-94AD8332A7B0,Wawa Limay AWS,COASTAL_ESTUARY,4.0,Min 35,2026-08-28 16:35 PST,26.22,24.7,1.52,31.3,57.3%,5.49,4.297,2.05,42.6,35.7
KT-94AD8332A7B0,Wawa Limay AWS,COASTAL_ESTUARY,4.0,Min 36,2026-08-28 16:36 PST,26.16,24.7,1.46,31.24,57.5%,5.56,4.376,2.05,42.6,36.4
KT-94AD8332A7B0,Wawa Limay AWS,COASTAL_ESTUARY,4.0,Min 37,2026-08-28 16:37 PST,26.1,24.7,1.4,31.18,57.7%,5.63,4.455,2.05,42.6,36.9
KT-94AD8332A7B0,Wawa Limay AWS,COASTAL_ESTUARY,4.0,Min 38,2026-08-28 16:38 PST,26.04,24.7,1.34,31.12,57.9%,5.69,4.536,2.05,42.6,35.2
KT-94AD8332A7B0,Wawa Limay AWS,COASTAL_ESTUARY,4.0,Min 39,2026-08-28 16:39 PST,25.98,24.7,1.28,31.06,58.1%,5.76,4.617,2.05,42.6,34.9
KT-94AD8332A7B0,Wawa Limay AWS,COASTAL_ESTUARY,4.0,Min 40,2026-08-28 16:40 PST,25.93,24.7,1.23,31.01,58.3%,5.83,4.699,2.05,42.6,39.6
KT-94AD8332A7B0,Wawa Limay AWS,COASTAL_ESTUARY,4.0,Min 41,2026-08-28 16:41 PST,25.87,24.7,1.17,30.95,58.5%,5.89,4.782,2.05,42.5,35.1
KT-94AD8332A7B0,Wawa Limay AWS,COASTAL_ESTUARY,4.0,Min 42,2026-08-28 16:42 PST,25.82,24.7,1.12,30.9,58.7%,5.96,4.865,2.05,42.5,35.6
KT-94AD8332A7B0,Wawa Limay AWS,COASTAL_ESTUARY,4.0,Min 43,2026-08-28 16:43 PST,25.76,24.7,1.06,30.84,58.9%,6.03,4.95,2.05,42.5,35.1
KT-94AD8332A7B0,Wawa Limay AWS,COASTAL_ESTUARY,4.0,Min 44,2026-08-28 16:44 PST,25.71,24.7,1.01,30.79,59.2%,6.09,5.035,2.05,42.5,34.6
KT-94AD8332A7B0,Wawa Limay AWS,COASTAL_ESTUARY,4.0,Min 45,2026-08-28 16:45 PST,25.65,24.7,0.95,30.73,59.4%,6.16,5.121,2.05,42.5,34.4
KT-94AD8332A7B0,Wawa Limay AWS,COASTAL_ESTUARY,4.0,Min 46,2026-08-28 16:46 PST,25.6,24.7,0.9,30.68,59.6%,6.23,5.208,2.05,42.4,34.5
KT-94AD8332A7B0,Wawa Limay AWS,COASTAL_ESTUARY,4.0,Min 47,2026-08-28 16:47 PST,25.54,24.7,0.84,30.62,59.8%,6.3,5.296,2.05,42.4,34.6
KT-94AD8332A7B0,Wawa Limay AWS,COASTAL_ESTUARY,4.0,Min 48,2026-08-28 16:48 PST,25.48,24.7,0.78,30.56,60.0%,6.36,5.385,2.05,42.4,34.7
KT-94AD8332A7B0,Wawa Limay AWS,COASTAL_ESTUARY,4.0,Min 49,2026-08-28 16:49 PST,25.43,24.7,0.73,30.51,60.2%,6.43,5.474,2.05,42.4,35.3
KT-94AD8332A7B0,Wawa Limay AWS,COASTAL_ESTUARY,4.0,Min 50,2026-08-28 16:50 PST,25.37,24.7,0.67,30.45,60.4%,6.5,5.565,2.05,42.4,34.9
KT-94AD8332A7B0,Wawa Limay AWS,COASTAL_ESTUARY,4.0,Min 51,2026-08-28 16:51 PST,25.31,24.7,0.61,30.39,60.6%,6.57,5.656,2.05,42.4,34.7
KT-94AD8332A7B0,Wawa Limay AWS,COASTAL_ESTUARY,4.0,Min 52,2026-08-28 16:52 PST,25.25,24.7,0.55,30.33,60.8%,6.64,5.748,2.05,42.3,34.6
KT-94AD8332A7B0,Wawa Limay AWS,COASTAL_ESTUARY,4.0,Min 53,2026-08-28 16:53 PST,25.19,24.7,0.49,30.27,61.0%,6.71,5.841,2.05,42.3,34.9
KT-94AD8332A7B0,Wawa Limay AWS,COASTAL_ESTUARY,4.0,Min 54,2026-08-28 16:54 PST,25.13,24.7,0.43,30.21,61.2%,6.78,5.935,2.05,42.3,34.9
KT-94AD8332A7B0,Wawa Limay AWS,COASTAL_ESTUARY,4.0,Min 55,2026-08-28 16:55 PST,25.07,24.7,0.37,30.15,61.4%,6.85,6.029,2.05,42.3,34.9
KT-94AD8332A7B0,Wawa Limay AWS,COASTAL_ESTUARY,4.0,Min 56,2026-08-28 16:56 PST,25.0,24.7,0.3,30.08,61.6%,6.92,6.124,2.05,42.3,34.4
KT-94AD8332A7B0,Wawa Limay AWS,COASTAL_ESTUARY,4.0,Min 57,2026-08-28 16:57 PST,24.94,24.7,0.24,30.02,61.8%,6.98,6.221,2.05,42.2,36.8
KT-94AD8332A7B0,Wawa Limay AWS,COASTAL_ESTUARY,4.0,Min 58,2026-08-28 16:58 PST,24.87,24.7,0.17,29.95,62.0%,7.05,6.318,2.05,42.2,35.3
KT-94AD8332A7B0,Wawa Limay AWS,COASTAL_ESTUARY,4.0,Min 59,2026-08-28 16:59 PST,24.8,24.7,0.1,29.88,62.2%,7.12,6.416,2.05,42.2,34.5
KT-94AD8332A7B0,Wawa Limay AWS,COASTAL_ESTUARY,4.0,Min 60,2026-08-28 17:00 PST,24.73,24.7,0.03,29.81,62.2%,7.15,6.514,2.05,42.2,37.3
KT-BC25B61815AC,Alasas AWS,CENTRAL_PLAIN,15.0,Min 01,2026-08-28 16:01 PST,28.46,25.5,2.96,33.54,50.1%,3.37,2.651,2.6,43.4,85.5
KT-BC25B61815AC,Alasas AWS,CENTRAL_PLAIN,15.0,Min 02,2026-08-28 16:02 PST,28.42,25.5,2.92,33.5,50.1%,3.39,2.701,2.6,43.3,46.3
KT-BC25B61815AC,Alasas AWS,CENTRAL_PLAIN,15.0,Min 03,2026-08-28 16:03 PST,28.37,25.5,2.87,33.45,50.2%,3.41,2.752,2.6,43.3,40.1
KT-BC25B61815AC,Alasas AWS,CENTRAL_PLAIN,15.0,Min 04,2026-08-28 16:04 PST,28.33,25.5,2.83,33.41,50.3%,3.43,2.803,2.6,43.3,37.3
KT-BC25B61815AC,Alasas AWS,CENTRAL_PLAIN,15.0,Min 05,2026-08-28 16:05 PST,28.29,25.5,2.79,33.37,50.4%,3.45,2.854,2.6,43.3,37.9
KT-BC25B61815AC,Alasas AWS,CENTRAL_PLAIN,15.0,Min 06,2026-08-28 16:06 PST,28.25,25.5,2.75,33.33,50.4%,3.47,2.905,2.6,43.3,38.2
KT-BC25B61815AC,Alasas AWS,CENTRAL_PLAIN,15.0,Min 07,2026-08-28 16:07 PST,28.2,25.5,2.7,33.28,50.5%,3.49,2.957,2.6,43.3,39.2
KT-BC25B61815AC,Alasas AWS,CENTRAL_PLAIN,15.0,Min 08,2026-08-28 16:08 PST,28.15,25.5,2.65,33.23,50.6%,3.51,3.008,2.6,43.3,40.4
KT-BC25B61815AC,Alasas AWS,CENTRAL_PLAIN,15.0,Min 09,2026-08-28 16:09 PST,28.11,25.5,2.61,33.19,50.7%,3.53,3.06,2.6,43.2,38.0
KT-BC25B61815AC,Alasas AWS,CENTRAL_PLAIN,15.0,Min 10,2026-08-28 16:10 PST,28.06,25.5,2.56,33.14,50.7%,3.56,3.112,2.6,43.2,36.8
KT-BC25B61815AC,Alasas AWS,CENTRAL_PLAIN,15.0,Min 11,2026-08-28 16:11 PST,28.01,25.5,2.51,33.09,50.8%,3.58,3.164,2.6,43.2,36.6
KT-BC25B61815AC,Alasas AWS,CENTRAL_PLAIN,15.0,Min 12,2026-08-28 16:12 PST,27.96,25.5,2.46,33.04,50.9%,3.6,3.216,2.6,43.2,36.2
KT-BC25B61815AC,Alasas AWS,CENTRAL_PLAIN,15.0,Min 13,2026-08-28 16:13 PST,27.91,25.5,2.41,32.99,51.0%,3.62,3.268,2.6,43.2,35.9
KT-BC25B61815AC,Alasas AWS,CENTRAL_PLAIN,15.0,Min 14,2026-08-28 16:14 PST,27.85,25.5,2.35,32.93,51.1%,3.64,3.32,2.6,43.2,35.6
KT-BC25B61815AC,Alasas AWS,CENTRAL_PLAIN,15.0,Min 15,2026-08-28 16:15 PST,27.8,25.5,2.3,32.88,51.2%,3.66,3.373,2.6,43.1,35.1
KT-BC25B61815AC,Alasas AWS,CENTRAL_PLAIN,15.0,Min 16,2026-08-28 16:16 PST,27.74,25.5,2.24,32.82,51.2%,3.69,3.426,2.6,43.1,40.7
KT-BC25B61815AC,Alasas AWS,CENTRAL_PLAIN,15.0,Min 17,2026-08-28 16:17 PST,27.69,25.5,2.19,32.77,51.3%,3.71,3.479,2.6,43.1,59.4
KT-BC25B61815AC,Alasas AWS,CENTRAL_PLAIN,15.0,Min 18,2026-08-28 16:18 PST,27.63,25.5,2.13,32.71,51.4%,3.73,3.532,2.6,43.1,36.4
KT-BC25B61815AC,Alasas AWS,CENTRAL_PLAIN,15.0,Min 19,2026-08-28 16:19 PST,27.57,25.5,2.07,32.65,51.5%,3.75,3.585,2.6,43.1,37.7
KT-BC25B61815AC,Alasas AWS,CENTRAL_PLAIN,15.0,Min 20,2026-08-28 16:20 PST,27.52,25.5,2.02,32.6,51.6%,3.78,3.638,2.6,43.1,39.1
KT-BC25B61815AC,Alasas AWS,CENTRAL_PLAIN,15.0,Min 21,2026-08-28 16:21 PST,27.46,25.5,1.96,32.54,51.7%,3.8,3.692,2.6,43.0,42.1
KT-BC25B61815AC,Alasas AWS,CENTRAL_PLAIN,15.0,Min 22,2026-08-28 16:22 PST,27.4,25.5,1.9,32.48,51.8%,3.82,3.745,2.6,43.0,41.6
KT-BC25B61815AC,Alasas AWS,CENTRAL_PLAIN,15.0,Min 23,2026-08-28 16:23 PST,27.34,25.5,1.84,32.42,51.9%,3.85,3.799,2.6,43.0,34.7
KT-BC25B61815AC,Alasas AWS,CENTRAL_PLAIN,15.0,Min 24,2026-08-28 16:24 PST,27.28,25.5,1.78,32.36,52.0%,3.87,3.853,2.6,43.0,28.1
KT-BC25B61815AC,Alasas AWS,CENTRAL_PLAIN,15.0,Min 25,2026-08-28 16:25 PST,27.22,25.5,1.72,32.3,52.1%,3.89,3.908,2.6,43.0,27.9
KT-BC25B61815AC,Alasas AWS,CENTRAL_PLAIN,15.0,Min 26,2026-08-28 16:26 PST,27.17,25.5,1.67,32.25,52.1%,3.92,3.962,2.6,42.9,29.1
KT-BC25B61815AC,Alasas AWS,CENTRAL_PLAIN,15.0,Min 27,2026-08-28 16:27 PST,27.11,25.5,1.61,32.19,52.2%,3.94,4.017,2.6,42.9,28.8
KT-BC25B61815AC,Alasas AWS,CENTRAL_PLAIN,15.0,Min 28,2026-08-28 16:28 PST,27.05,25.5,1.55,32.13,52.3%,3.97,4.072,2.6,42.9,28.6
KT-BC25B61815AC,Alasas AWS,CENTRAL_PLAIN,15.0,Min 29,2026-08-28 16:29 PST,27.0,25.5,1.5,32.08,52.4%,3.99,4.127,2.6,42.9,28.3
KT-BC25B61815AC,Alasas AWS,CENTRAL_PLAIN,15.0,Min 30,2026-08-28 16:30 PST,26.94,25.5,1.44,32.02,52.5%,4.01,4.182,2.6,42.9,28.1
KT-BC25B61815AC,Alasas AWS,CENTRAL_PLAIN,15.0,Min 31,2026-08-28 16:31 PST,26.89,25.5,1.39,31.97,52.6%,4.04,4.237,2.6,42.9,30.5
KT-BC25B61815AC,Alasas AWS,CENTRAL_PLAIN,15.0,Min 32,2026-08-28 16:32 PST,26.84,25.5,1.34,31.92,52.7%,4.06,4.292,2.6,42.8,31.8
KT-BC25B61815AC,Alasas AWS,CENTRAL_PLAIN,15.0,Min 33,2026-08-28 16:33 PST,26.79,25.5,1.29,31.87,52.8%,4.09,4.348,2.6,42.8,30.2
KT-BC25B61815AC,Alasas AWS,CENTRAL_PLAIN,15.0,Min 34,2026-08-28 16:34 PST,26.74,25.5,1.24,31.82,52.9%,4.11,4.404,2.6,42.8,28.3
KT-BC25B61815AC,Alasas AWS,CENTRAL_PLAIN,15.0,Min 35,2026-08-28 16:35 PST,26.69,25.5,1.19,31.77,53.0%,4.13,4.46,2.6,42.8,37.1
KT-BC25B61815AC,Alasas AWS,CENTRAL_PLAIN,15.0,Min 36,2026-08-28 16:36 PST,26.64,25.5,1.14,31.72,53.1%,4.16,4.516,2.6,42.8,30.9
KT-BC25B61815AC,Alasas AWS,CENTRAL_PLAIN,15.0,Min 37,2026-08-28 16:37 PST,26.59,25.5,1.09,31.67,53.2%,4.18,4.573,2.6,42.8,31.7
KT-BC25B61815AC,Alasas AWS,CENTRAL_PLAIN,15.0,Min 38,2026-08-28 16:38 PST,26.55,25.5,1.05,31.63,53.3%,4.21,4.629,2.6,42.8,27.4
KT-BC25B61815AC,Alasas AWS,CENTRAL_PLAIN,15.0,Min 39,2026-08-28 16:39 PST,26.51,25.5,1.01,31.59,53.4%,4.23,4.686,2.6,42.7,27.7
KT-BC25B61815AC,Alasas AWS,CENTRAL_PLAIN,15.0,Min 40,2026-08-28 16:40 PST,26.46,25.5,0.96,31.54,53.5%,4.26,4.743,2.6,42.7,33.3
KT-BC25B61815AC,Alasas AWS,CENTRAL_PLAIN,15.0,Min 41,2026-08-28 16:41 PST,26.42,25.5,0.92,31.5,53.6%,4.28,4.8,2.6,42.7,30.3
KT-BC25B61815AC,Alasas AWS,CENTRAL_PLAIN,15.0,Min 42,2026-08-28 16:42 PST,26.38,25.5,0.88,31.46,53.7%,4.3,4.857,2.6,42.7,28.5
KT-BC25B61815AC,Alasas AWS,CENTRAL_PLAIN,15.0,Min 43,2026-08-28 16:43 PST,26.34,25.5,0.84,31.42,53.7%,4.33,4.915,2.6,42.7,27.8
KT-BC25B61815AC,Alasas AWS,CENTRAL_PLAIN,15.0,Min 44,2026-08-28 16:44 PST,26.29,25.5,0.79,31.37,53.8%,4.35,4.972,2.6,42.7,27.6
KT-BC25B61815AC,Alasas AWS,CENTRAL_PLAIN,15.0,Min 45,2026-08-28 16:45 PST,26.25,25.5,0.75,31.33,53.9%,4.37,5.03,2.6,42.7,27.6
KT-BC25B61815AC,Alasas AWS,CENTRAL_PLAIN,15.0,Min 46,2026-08-28 16:46 PST,26.21,25.5,0.71,31.29,54.0%,4.4,5.088,2.6,42.6,27.6
KT-BC25B61815AC,Alasas AWS,CENTRAL_PLAIN,15.0,Min 47,2026-08-28 16:47 PST,26.17,25.5,0.67,31.25,54.1%,4.42,5.146,2.6,42.6,27.8
KT-BC25B61815AC,Alasas AWS,CENTRAL_PLAIN,15.0,Min 48,2026-08-28 16:48 PST,26.12,25.5,0.62,31.2,54.2%,4.45,5.204,2.6,42.6,37.3
KT-BC25B61815AC,Alasas AWS,CENTRAL_PLAIN,15.0,Min 49,2026-08-28 16:49 PST,26.08,25.5,0.58,31.16,54.3%,4.47,5.262,2.6,42.6,34.2
KT-BC25B61815AC,Alasas AWS,CENTRAL_PLAIN,15.0,Min 50,2026-08-28 16:50 PST,26.04,25.5,0.54,31.12,54.4%,4.49,5.321,2.6,42.6,29.4
KT-BC25B61815AC,Alasas AWS,CENTRAL_PLAIN,15.0,Min 51,2026-08-28 16:51 PST,25.99,25.5,0.49,31.07,54.5%,4.52,5.38,2.6,42.6,27.6
KT-BC25B61815AC,Alasas AWS,CENTRAL_PLAIN,15.0,Min 52,2026-08-28 16:52 PST,25.95,25.5,0.45,31.03,54.5%,4.54,5.439,2.6,42.6,26.8
KT-BC25B61815AC,Alasas AWS,CENTRAL_PLAIN,15.0,Min 53,2026-08-28 16:53 PST,25.9,25.5,0.4,30.98,54.6%,4.56,5.498,2.6,42.5,32.7
KT-BC25B61815AC,Alasas AWS,CENTRAL_PLAIN,15.0,Min 54,2026-08-28 16:54 PST,25.85,25.5,0.35,30.93,54.7%,4.59,5.557,2.6,42.5,27.3
KT-BC25B61815AC,Alasas AWS,CENTRAL_PLAIN,15.0,Min 55,2026-08-28 16:55 PST,25.8,25.5,0.3,30.88,54.8%,4.61,5.616,2.6,42.5,29.8
KT-BC25B61815AC,Alasas AWS,CENTRAL_PLAIN,15.0,Min 56,2026-08-28 16:56 PST,25.75,25.5,0.25,30.83,54.9%,4.64,5.676,2.6,42.5,27.4
KT-BC25B61815AC,Alasas AWS,CENTRAL_PLAIN,15.0,Min 57,2026-08-28 16:57 PST,25.7,25.5,0.2,30.78,55.0%,4.66,5.735,2.6,42.5,38.3
KT-BC25B61815AC,Alasas AWS,CENTRAL_PLAIN,15.0,Min 58,2026-08-28 16:58 PST,25.64,25.5,0.14,30.72,55.1%,4.68,5.795,2.6,42.5,28.7
KT-BC25B61815AC,Alasas AWS,CENTRAL_PLAIN,15.0,Min 59,2026-08-28 16:59 PST,25.59,25.5,0.09,30.67,55.2%,4.71,5.855,2.6,42.4,27.8
KT-BC25B61815AC,Alasas AWS,CENTRAL_PLAIN,15.0,Min 60,2026-08-28 17:00 PST,25.53,25.5,0.03,30.61,55.3%,4.73,5.916,2.6,42.4,27.3
KT-3C50AD182EC8,Sapang Buho AWS,RIVER_WATERSHED,60.0,Min 01,2026-08-28 16:01 PST,28.46,25.5,2.96,33.54,50.2%,3.4,3.051,3.0,43.4,78.7
KT-3C50AD182EC8,Sapang Buho AWS,RIVER_WATERSHED,60.0,Min 02,2026-08-28 16:02 PST,28.42,25.5,2.92,33.5,50.4%,3.45,3.103,3.0,43.3,41.8
KT-3C50AD182EC8,Sapang Buho AWS,RIVER_WATERSHED,60.0,Min 03,2026-08-28 16:03 PST,28.37,25.5,2.87,33.45,50.5%,3.5,3.155,3.0,43.3,39.2
KT-3C50AD182EC8,Sapang Buho AWS,RIVER_WATERSHED,60.0,Min 04,2026-08-28 16:04 PST,28.33,25.5,2.83,33.41,50.7%,3.55,3.207,3.0,43.3,36.9
KT-3C50AD182EC8,Sapang Buho AWS,RIVER_WATERSHED,60.0,Min 05,2026-08-28 16:05 PST,28.29,25.5,2.79,33.37,50.8%,3.6,3.26,3.0,43.3,43.0
KT-3C50AD182EC8,Sapang Buho AWS,RIVER_WATERSHED,60.0,Min 06,2026-08-28 16:06 PST,28.25,25.5,2.75,33.33,51.0%,3.65,3.314,3.0,43.3,38.7
KT-3C50AD182EC8,Sapang Buho AWS,RIVER_WATERSHED,60.0,Min 07,2026-08-28 16:07 PST,28.2,25.5,2.7,33.28,51.1%,3.7,3.368,3.0,43.3,38.2
KT-3C50AD182EC8,Sapang Buho AWS,RIVER_WATERSHED,60.0,Min 08,2026-08-28 16:08 PST,28.15,25.5,2.65,33.23,51.3%,3.74,3.422,3.0,43.3,37.2
KT-3C50AD182EC8,Sapang Buho AWS,RIVER_WATERSHED,60.0,Min 09,2026-08-28 16:09 PST,28.11,25.5,2.61,33.19,51.4%,3.79,3.477,3.0,43.2,36.7
KT-3C50AD182EC8,Sapang Buho AWS,RIVER_WATERSHED,60.0,Min 10,2026-08-28 16:10 PST,28.06,25.5,2.56,33.14,51.6%,3.84,3.532,3.0,43.2,37.4
KT-3C50AD182EC8,Sapang Buho AWS,RIVER_WATERSHED,60.0,Min 11,2026-08-28 16:11 PST,28.01,25.5,2.51,33.09,51.7%,3.89,3.588,3.0,43.2,38.8
KT-3C50AD182EC8,Sapang Buho AWS,RIVER_WATERSHED,60.0,Min 12,2026-08-28 16:12 PST,27.96,25.5,2.46,33.04,51.8%,3.93,3.644,3.0,43.2,33.9
KT-3C50AD182EC8,Sapang Buho AWS,RIVER_WATERSHED,60.0,Min 13,2026-08-28 16:13 PST,27.91,25.5,2.41,32.99,52.0%,3.98,3.701,3.0,43.2,31.5
KT-3C50AD182EC8,Sapang Buho AWS,RIVER_WATERSHED,60.0,Min 14,2026-08-28 16:14 PST,27.85,25.5,2.35,32.93,52.1%,4.02,3.758,3.0,43.2,31.3
KT-3C50AD182EC8,Sapang Buho AWS,RIVER_WATERSHED,60.0,Min 15,2026-08-28 16:15 PST,27.8,25.5,2.3,32.88,52.2%,4.07,3.815,3.0,43.1,30.2
KT-3C50AD182EC8,Sapang Buho AWS,RIVER_WATERSHED,60.0,Min 16,2026-08-28 16:16 PST,27.75,25.5,2.25,32.83,52.3%,4.11,3.873,3.0,43.1,30.4
KT-3C50AD182EC8,Sapang Buho AWS,RIVER_WATERSHED,60.0,Min 17,2026-08-28 16:17 PST,27.69,25.5,2.19,32.77,52.4%,4.16,3.931,3.0,43.1,30.0
KT-3C50AD182EC8,Sapang Buho AWS,RIVER_WATERSHED,60.0,Min 18,2026-08-28 16:18 PST,27.63,25.5,2.13,32.71,52.5%,4.2,3.99,3.0,43.1,29.8
KT-3C50AD182EC8,Sapang Buho AWS,RIVER_WATERSHED,60.0,Min 19,2026-08-28 16:19 PST,27.57,25.5,2.07,32.65,52.6%,4.24,4.049,3.0,43.1,29.8
KT-3C50AD182EC8,Sapang Buho AWS,RIVER_WATERSHED,60.0,Min 20,2026-08-28 16:20 PST,27.52,25.5,2.02,32.6,52.7%,4.29,4.108,3.0,43.1,30.8
KT-3C50AD182EC8,Sapang Buho AWS,RIVER_WATERSHED,60.0,Min 21,2026-08-28 16:21 PST,27.46,25.5,1.96,32.54,52.8%,4.33,4.168,3.0,43.0,31.1
KT-3C50AD182EC8,Sapang Buho AWS,RIVER_WATERSHED,60.0,Min 22,2026-08-28 16:22 PST,27.4,25.5,1.9,32.48,52.9%,4.37,4.228,3.0,43.0,30.2
KT-3C50AD182EC8,Sapang Buho AWS,RIVER_WATERSHED,60.0,Min 23,2026-08-28 16:23 PST,27.34,25.5,1.84,32.42,52.9%,4.41,4.288,3.0,43.0,33.3
KT-3C50AD182EC8,Sapang Buho AWS,RIVER_WATERSHED,60.0,Min 24,2026-08-28 16:24 PST,27.28,25.5,1.78,32.36,53.0%,4.46,4.349,3.0,43.0,29.7
KT-3C50AD182EC8,Sapang Buho AWS,RIVER_WATERSHED,60.0,Min 25,2026-08-28 16:25 PST,27.22,25.5,1.72,32.3,53.1%,4.5,4.41,3.0,43.0,29.8
KT-3C50AD182EC8,Sapang Buho AWS,RIVER_WATERSHED,60.0,Min 26,2026-08-28 16:26 PST,27.17,25.5,1.67,32.25,53.2%,4.54,4.471,3.0,42.9,29.7
KT-3C50AD182EC8,Sapang Buho AWS,RIVER_WATERSHED,60.0,Min 27,2026-08-28 16:27 PST,27.11,25.5,1.61,32.19,53.2%,4.58,4.533,3.0,42.9,29.4
KT-3C50AD182EC8,Sapang Buho AWS,RIVER_WATERSHED,60.0,Min 28,2026-08-28 16:28 PST,27.05,25.5,1.55,32.13,53.3%,4.62,4.595,3.0,42.9,29.8
KT-3C50AD182EC8,Sapang Buho AWS,RIVER_WATERSHED,60.0,Min 29,2026-08-28 16:29 PST,27.0,25.5,1.5,32.08,53.3%,4.66,4.657,3.0,42.9,29.2
KT-3C50AD182EC8,Sapang Buho AWS,RIVER_WATERSHED,60.0,Min 30,2026-08-28 16:30 PST,26.94,25.5,1.44,32.02,53.4%,4.7,4.72,3.0,42.9,29.8
KT-3C50AD182EC8,Sapang Buho AWS,RIVER_WATERSHED,60.0,Min 31,2026-08-28 16:31 PST,26.89,25.5,1.39,31.97,53.4%,4.74,4.783,3.0,42.9,29.9
KT-3C50AD182EC8,Sapang Buho AWS,RIVER_WATERSHED,60.0,Min 32,2026-08-28 16:32 PST,26.84,25.5,1.34,31.92,53.5%,4.78,4.846,3.0,42.8,32.3
KT-3C50AD182EC8,Sapang Buho AWS,RIVER_WATERSHED,60.0,Min 33,2026-08-28 16:33 PST,26.79,25.5,1.29,31.87,53.5%,4.82,4.909,3.0,42.8,29.6
KT-3C50AD182EC8,Sapang Buho AWS,RIVER_WATERSHED,60.0,Min 34,2026-08-28 16:34 PST,26.74,25.5,1.24,31.82,53.6%,4.86,4.973,3.0,42.8,30.3
KT-3C50AD182EC8,Sapang Buho AWS,RIVER_WATERSHED,60.0,Min 35,2026-08-28 16:35 PST,26.69,25.5,1.19,31.77,53.6%,4.9,5.037,3.0,42.8,30.2
KT-3C50AD182EC8,Sapang Buho AWS,RIVER_WATERSHED,60.0,Min 36,2026-08-28 16:36 PST,26.64,25.5,1.14,31.72,53.7%,4.94,5.101,3.0,42.8,30.0
KT-3C50AD182EC8,Sapang Buho AWS,RIVER_WATERSHED,60.0,Min 37,2026-08-28 16:37 PST,26.6,25.5,1.1,31.68,53.7%,4.97,5.166,3.0,42.8,31.3
KT-3C50AD182EC8,Sapang Buho AWS,RIVER_WATERSHED,60.0,Min 38,2026-08-28 16:38 PST,26.55,25.5,1.05,31.63,53.7%,5.01,5.231,3.0,42.8,29.8
KT-3C50AD182EC8,Sapang Buho AWS,RIVER_WATERSHED,60.0,Min 39,2026-08-28 16:39 PST,26.51,25.5,1.01,31.59,53.8%,5.05,5.296,3.0,42.7,27.2
KT-3C50AD182EC8,Sapang Buho AWS,RIVER_WATERSHED,60.0,Min 40,2026-08-28 16:40 PST,26.47,25.5,0.97,31.55,53.8%,5.09,5.361,3.0,42.7,27.6
KT-3C50AD182EC8,Sapang Buho AWS,RIVER_WATERSHED,60.0,Min 41,2026-08-28 16:41 PST,26.42,25.5,0.92,31.5,53.8%,5.13,5.427,3.0,42.7,28.4
KT-3C50AD182EC8,Sapang Buho AWS,RIVER_WATERSHED,60.0,Min 42,2026-08-28 16:42 PST,26.38,25.5,0.88,31.46,53.8%,5.17,5.493,3.0,42.7,28.2
KT-3C50AD182EC8,Sapang Buho AWS,RIVER_WATERSHED,60.0,Min 43,2026-08-28 16:43 PST,26.34,25.5,0.84,31.42,53.9%,5.21,5.559,3.0,42.7,27.7
KT-3C50AD182EC8,Sapang Buho AWS,RIVER_WATERSHED,60.0,Min 44,2026-08-28 16:44 PST,26.3,25.5,0.8,31.38,53.9%,5.25,5.626,3.0,42.7,27.4
KT-3C50AD182EC8,Sapang Buho AWS,RIVER_WATERSHED,60.0,Min 45,2026-08-28 16:45 PST,26.26,25.5,0.76,31.34,53.9%,5.28,5.692,3.0,42.7,27.5
KT-3C50AD182EC8,Sapang Buho AWS,RIVER_WATERSHED,60.0,Min 46,2026-08-28 16:46 PST,26.21,25.5,0.71,31.29,53.9%,5.32,5.759,3.0,42.6,27.6
KT-3C50AD182EC8,Sapang Buho AWS,RIVER_WATERSHED,60.0,Min 47,2026-08-28 16:47 PST,26.17,25.5,0.67,31.25,54.0%,5.36,5.827,3.0,42.6,27.3
KT-3C50AD182EC8,Sapang Buho AWS,RIVER_WATERSHED,60.0,Min 48,2026-08-28 16:48 PST,26.13,25.5,0.63,31.21,54.0%,5.4,5.894,3.0,42.6,27.5
KT-3C50AD182EC8,Sapang Buho AWS,RIVER_WATERSHED,60.0,Min 49,2026-08-28 16:49 PST,26.09,25.5,0.59,31.17,54.0%,5.44,5.962,3.0,42.6,29.6
KT-3C50AD182EC8,Sapang Buho AWS,RIVER_WATERSHED,60.0,Min 50,2026-08-28 16:50 PST,26.04,25.5,0.54,31.12,54.0%,5.48,6.03,3.0,42.6,27.8
KT-3C50AD182EC8,Sapang Buho AWS,RIVER_WATERSHED,60.0,Min 51,2026-08-28 16:51 PST,26.0,25.5,0.5,31.08,54.1%,5.52,6.099,3.0,42.6,27.2
KT-3C50AD182EC8,Sapang Buho AWS,RIVER_WATERSHED,60.0,Min 52,2026-08-28 16:52 PST,25.95,25.5,0.45,31.03,54.1%,5.56,6.167,3.0,42.6,27.2
KT-3C50AD182EC8,Sapang Buho AWS,RIVER_WATERSHED,60.0,Min 53,2026-08-28 16:53 PST,25.9,25.5,0.4,30.98,54.1%,5.6,6.236,3.0,42.5,26.8
KT-3C50AD182EC8,Sapang Buho AWS,RIVER_WATERSHED,60.0,Min 54,2026-08-28 16:54 PST,25.86,25.5,0.36,30.94,54.1%,5.64,6.305,3.0,42.5,27.0
KT-3C50AD182EC8,Sapang Buho AWS,RIVER_WATERSHED,60.0,Min 55,2026-08-28 16:55 PST,25.81,25.5,0.31,30.89,54.2%,5.68,6.375,3.0,42.5,27.3
KT-3C50AD182EC8,Sapang Buho AWS,RIVER_WATERSHED,60.0,Min 56,2026-08-28 16:56 PST,25.75,25.5,0.25,30.83,54.2%,5.73,6.445,3.0,42.5,26.6
KT-3C50AD182EC8,Sapang Buho AWS,RIVER_WATERSHED,60.0,Min 57,2026-08-28 16:57 PST,25.7,25.5,0.2,30.78,54.2%,5.77,6.515,3.0,42.5,27.0
KT-3C50AD182EC8,Sapang Buho AWS,RIVER_WATERSHED,60.0,Min 58,2026-08-28 16:58 PST,25.65,25.5,0.15,30.73,54.2%,5.81,6.585,3.0,42.5,27.5
KT-3C50AD182EC8,Sapang Buho AWS,RIVER_WATERSHED,60.0,Min 59,2026-08-28 16:59 PST,25.6,25.5,0.1,30.68,54.3%,5.85,6.656,3.0,42.4,28.9
KT-3C50AD182EC8,Sapang Buho AWS,RIVER_WATERSHED,60.0,Min 60,2026-08-28 17:00 PST,25.54,25.5,0.04,30.62,54.3%,5.89,6.727,3.0,42.4,28.4
KT-8050AD182EC8,Popolon AWS,RIVER_WATERSHED,68.0,Min 01,2026-08-28 16:01 PST,28.44,24.6,3.84,33.52,50.3%,3.42,3.101,3.05,43.3,84.0
KT-8050AD182EC8,Popolon AWS,RIVER_WATERSHED,68.0,Min 02,2026-08-28 16:02 PST,28.39,24.6,3.79,33.47,50.5%,3.49,3.154,3.05,43.3,51.8
KT-8050AD182EC8,Popolon AWS,RIVER_WATERSHED,68.0,Min 03,2026-08-28 16:03 PST,28.33,24.6,3.73,33.41,50.8%,3.57,3.207,3.05,43.3,48.7
KT-8050AD182EC8,Popolon AWS,RIVER_WATERSHED,68.0,Min 04,2026-08-28 16:04 PST,28.27,24.6,3.67,33.35,51.0%,3.64,3.26,3.05,43.3,46.7
KT-8050AD182EC8,Popolon AWS,RIVER_WATERSHED,68.0,Min 05,2026-08-28 16:05 PST,28.21,24.6,3.61,33.29,51.3%,3.72,3.315,3.05,43.3,42.9
KT-8050AD182EC8,Popolon AWS,RIVER_WATERSHED,68.0,Min 06,2026-08-28 16:06 PST,28.16,24.6,3.56,33.24,51.6%,3.79,3.371,3.05,43.3,38.1
KT-8050AD182EC8,Popolon AWS,RIVER_WATERSHED,68.0,Min 07,2026-08-28 16:07 PST,28.1,24.6,3.5,33.18,51.8%,3.87,3.427,3.05,43.2,32.4
KT-8050AD182EC8,Popolon AWS,RIVER_WATERSHED,68.0,Min 08,2026-08-28 16:08 PST,28.04,24.6,3.44,33.12,52.1%,3.95,3.485,3.05,43.2,35.1
KT-8050AD182EC8,Popolon AWS,RIVER_WATERSHED,68.0,Min 09,2026-08-28 16:09 PST,27.97,24.6,3.37,33.05,52.4%,4.02,3.543,3.05,43.2,31.4
KT-8050AD182EC8,Popolon AWS,RIVER_WATERSHED,68.0,Min 10,2026-08-28 16:10 PST,27.91,24.6,3.31,32.99,52.7%,4.1,3.602,3.05,43.2,33.6
KT-8050AD182EC8,Popolon AWS,RIVER_WATERSHED,68.0,Min 11,2026-08-28 16:11 PST,27.85,24.6,3.25,32.93,52.9%,4.18,3.662,3.05,43.2,31.6
KT-8050AD182EC8,Popolon AWS,RIVER_WATERSHED,68.0,Min 12,2026-08-28 16:12 PST,27.78,24.6,3.18,32.86,53.2%,4.26,3.723,3.05,43.1,31.2
KT-8050AD182EC8,Popolon AWS,RIVER_WATERSHED,68.0,Min 13,2026-08-28 16:13 PST,27.71,24.6,3.11,32.79,53.5%,4.34,3.785,3.05,43.1,30.4
KT-8050AD182EC8,Popolon AWS,RIVER_WATERSHED,68.0,Min 14,2026-08-28 16:14 PST,27.65,24.6,3.05,32.73,53.8%,4.42,3.848,3.05,43.1,30.2
KT-8050AD182EC8,Popolon AWS,RIVER_WATERSHED,68.0,Min 15,2026-08-28 16:15 PST,27.58,24.6,2.98,32.66,54.1%,4.51,3.912,3.05,43.1,29.9
KT-8050AD182EC8,Popolon AWS,RIVER_WATERSHED,68.0,Min 16,2026-08-28 16:16 PST,27.51,24.6,2.91,32.59,54.4%,4.59,3.977,3.05,43.1,30.2
KT-8050AD182EC8,Popolon AWS,RIVER_WATERSHED,68.0,Min 17,2026-08-28 16:17 PST,27.44,24.6,2.84,32.52,54.6%,4.67,4.042,3.05,43.0,30.1
KT-8050AD182EC8,Popolon AWS,RIVER_WATERSHED,68.0,Min 18,2026-08-28 16:18 PST,27.36,24.6,2.76,32.44,54.9%,4.75,4.109,3.05,43.0,30.4
KT-8050AD182EC8,Popolon AWS,RIVER_WATERSHED,68.0,Min 19,2026-08-28 16:19 PST,27.29,24.6,2.69,32.37,55.2%,4.84,4.177,3.05,43.0,30.0
KT-8050AD182EC8,Popolon AWS,RIVER_WATERSHED,68.0,Min 20,2026-08-28 16:20 PST,27.22,24.6,2.62,32.3,55.5%,4.92,4.245,3.05,43.0,30.4
KT-8050AD182EC8,Popolon AWS,RIVER_WATERSHED,68.0,Min 21,2026-08-28 16:21 PST,27.15,24.6,2.55,32.23,55.8%,5.01,4.314,3.05,42.9,29.7
KT-8050AD182EC8,Popolon AWS,RIVER_WATERSHED,68.0,Min 22,2026-08-28 16:22 PST,27.07,24.6,2.47,32.15,56.1%,5.09,4.385,3.05,42.9,30.1
KT-8050AD182EC8,Popolon AWS,RIVER_WATERSHED,68.0,Min 23,2026-08-28 16:23 PST,27.0,24.6,2.4,32.08,56.4%,5.18,4.456,3.05,42.9,29.8
KT-8050AD182EC8,Popolon AWS,RIVER_WATERSHED,68.0,Min 24,2026-08-28 16:24 PST,26.93,24.6,2.33,32.01,56.7%,5.26,4.528,3.05,42.9,29.8
KT-8050AD182EC8,Popolon AWS,RIVER_WATERSHED,68.0,Min 25,2026-08-28 16:25 PST,26.85,24.6,2.25,31.93,56.9%,5.35,4.602,3.05,42.8,29.6
KT-8050AD182EC8,Popolon AWS,RIVER_WATERSHED,68.0,Min 26,2026-08-28 16:26 PST,26.78,24.6,2.18,31.86,57.2%,5.44,4.676,3.05,42.8,29.2
KT-8050AD182EC8,Popolon AWS,RIVER_WATERSHED,68.0,Min 27,2026-08-28 16:27 PST,26.71,24.6,2.11,31.79,57.5%,5.52,4.751,3.05,42.8,29.7
KT-8050AD182EC8,Popolon AWS,RIVER_WATERSHED,68.0,Min 28,2026-08-28 16:28 PST,26.64,24.6,2.04,31.72,57.8%,5.61,4.827,3.05,42.8,29.2
KT-8050AD182EC8,Popolon AWS,RIVER_WATERSHED,68.0,Min 29,2026-08-28 16:29 PST,26.57,24.6,1.97,31.65,58.1%,5.7,4.904,3.05,42.8,29.9
KT-8050AD182EC8,Popolon AWS,RIVER_WATERSHED,68.0,Min 30,2026-08-28 16:30 PST,26.5,24.6,1.9,31.58,58.4%,5.79,4.982,3.05,42.7,30.5
KT-8050AD182EC8,Popolon AWS,RIVER_WATERSHED,68.0,Min 31,2026-08-28 16:31 PST,26.43,24.6,1.83,31.51,58.7%,5.88,5.061,3.05,42.7,30.1
KT-8050AD182EC8,Popolon AWS,RIVER_WATERSHED,68.0,Min 32,2026-08-28 16:32 PST,26.37,24.6,1.77,31.45,59.0%,5.97,5.141,3.05,42.7,28.7
KT-8050AD182EC8,Popolon AWS,RIVER_WATERSHED,68.0,Min 33,2026-08-28 16:33 PST,26.3,24.6,1.7,31.38,59.3%,6.06,5.222,3.05,42.7,28.9
KT-8050AD182EC8,Popolon AWS,RIVER_WATERSHED,68.0,Min 34,2026-08-28 16:34 PST,26.24,24.6,1.64,31.32,59.6%,6.15,5.304,3.05,42.6,28.0
KT-8050AD182EC8,Popolon AWS,RIVER_WATERSHED,68.0,Min 35,2026-08-28 16:35 PST,26.17,24.6,1.57,31.25,59.9%,6.24,5.387,3.05,42.6,29.3
KT-8050AD182EC8,Popolon AWS,RIVER_WATERSHED,68.0,Min 36,2026-08-28 16:36 PST,26.11,24.6,1.51,31.19,60.2%,6.33,5.47,3.05,42.6,28.2
KT-8050AD182EC8,Popolon AWS,RIVER_WATERSHED,68.0,Min 37,2026-08-28 16:37 PST,26.05,24.6,1.45,31.13,60.5%,6.42,5.555,3.05,42.6,27.9
KT-8050AD182EC8,Popolon AWS,RIVER_WATERSHED,68.0,Min 38,2026-08-28 16:38 PST,25.99,24.6,1.39,31.07,60.8%,6.51,5.641,3.05,42.6,27.9
KT-8050AD182EC8,Popolon AWS,RIVER_WATERSHED,68.0,Min 39,2026-08-28 16:39 PST,25.93,24.6,1.33,31.01,61.1%,6.6,5.728,3.05,42.6,27.8
KT-8050AD182EC8,Popolon AWS,RIVER_WATERSHED,68.0,Min 40,2026-08-28 16:40 PST,25.87,24.6,1.27,30.95,61.3%,6.7,5.816,3.05,42.5,28.9
KT-8050AD182EC8,Popolon AWS,RIVER_WATERSHED,68.0,Min 41,2026-08-28 16:41 PST,25.82,24.6,1.22,30.9,61.6%,6.79,5.904,3.05,42.5,29.0
KT-8050AD182EC8,Popolon AWS,RIVER_WATERSHED,68.0,Min 42,2026-08-28 16:42 PST,25.76,24.6,1.16,30.84,61.9%,6.89,5.994,3.05,42.5,28.7
KT-8050AD182EC8,Popolon AWS,RIVER_WATERSHED,68.0,Min 43,2026-08-28 16:43 PST,25.7,24.6,1.1,30.78,62.2%,6.98,6.085,3.05,42.5,28.0
KT-8050AD182EC8,Popolon AWS,RIVER_WATERSHED,68.0,Min 44,2026-08-28 16:44 PST,25.65,24.6,1.05,30.73,62.5%,7.08,6.176,3.05,42.5,27.2
KT-8050AD182EC8,Popolon AWS,RIVER_WATERSHED,68.0,Min 45,2026-08-28 16:45 PST,25.59,24.6,0.99,30.67,62.8%,7.17,6.269,3.05,42.4,29.0
KT-8050AD182EC8,Popolon AWS,RIVER_WATERSHED,68.0,Min 46,2026-08-28 16:46 PST,25.54,24.6,0.94,30.62,63.1%,7.25,6.363,3.05,42.4,27.7
KT-8050AD182EC8,Popolon AWS,RIVER_WATERSHED,68.0,Min 47,2026-08-28 16:47 PST,25.48,24.6,0.88,30.56,63.2%,7.28,6.456,3.05,42.4,27.6
KT-8050AD182EC8,Popolon AWS,RIVER_WATERSHED,68.0,Min 48,2026-08-28 16:48 PST,25.42,24.6,0.82,30.5,63.2%,7.3,6.549,3.05,42.4,27.7
KT-8050AD182EC8,Popolon AWS,RIVER_WATERSHED,68.0,Min 49,2026-08-28 16:49 PST,25.36,24.6,0.76,30.44,63.3%,7.33,6.643,3.05,42.4,27.0
KT-8050AD182EC8,Popolon AWS,RIVER_WATERSHED,68.0,Min 50,2026-08-28 16:50 PST,25.31,24.6,0.71,30.39,63.3%,7.35,6.736,3.05,42.4,27.6
KT-8050AD182EC8,Popolon AWS,RIVER_WATERSHED,68.0,Min 51,2026-08-28 16:51 PST,25.25,24.6,0.65,30.33,63.4%,7.37,6.829,3.05,42.3,26.9
KT-8050AD182EC8,Popolon AWS,RIVER_WATERSHED,68.0,Min 52,2026-08-28 16:52 PST,25.19,24.6,0.59,30.27,63.5%,7.4,6.922,3.05,42.3,28.6
KT-8050AD182EC8,Popolon AWS,RIVER_WATERSHED,68.0,Min 53,2026-08-28 16:53 PST,25.12,24.6,0.52,30.2,63.5%,7.42,7.015,3.05,42.3,27.9
KT-8050AD182EC8,Popolon AWS,RIVER_WATERSHED,68.0,Min 54,2026-08-28 16:54 PST,25.06,24.6,0.46,30.14,63.6%,7.44,7.108,3.05,42.3,29.6
KT-8050AD182EC8,Popolon AWS,RIVER_WATERSHED,68.0,Min 55,2026-08-28 16:55 PST,25.0,24.6,0.4,30.08,63.6%,7.47,7.2,3.05,42.3,28.1
KT-8050AD182EC8,Popolon AWS,RIVER_WATERSHED,68.0,Min 56,2026-08-28 16:56 PST,24.93,24.6,0.33,30.01,63.7%,7.49,7.293,3.05,42.2,27.6
KT-8050AD182EC8,Popolon AWS,RIVER_WATERSHED,68.0,Min 57,2026-08-28 16:57 PST,24.86,24.6,0.26,29.94,63.8%,7.51,7.386,3.05,42.2,27.0
KT-8050AD182EC8,Popolon AWS,RIVER_WATERSHED,68.0,Min 58,2026-08-28 16:58 PST,24.8,24.6,0.2,29.88,63.8%,7.54,7.478,3.05,42.2,26.7
KT-8050AD182EC8,Popolon AWS,RIVER_WATERSHED,68.0,Min 59,2026-08-28 16:59 PST,24.73,24.6,0.13,29.81,63.9%,7.56,7.571,3.05,42.2,27.5
KT-8050AD182EC8,Popolon AWS,RIVER_WATERSHED,68.0,Min 60,2026-08-28 17:00 PST,24.66,24.6,0.06,29.74,63.9%,7.58,7.663,3.05,42.1,52.9
