issue_timestamp_utc,target_timestamp_utc,horizon_hours,station_id,split_name,feature_schema_hash,label_quality_status,temp_true,temp_pred,temp_persist,hi_true,hi_pred,rain_true,rain_prob,rain_pred,wind_u_true,wind_u_pred,wind_v_true,wind_v_pred,precip_true,precip_pred
2026-08-19T00:00:00+00:00,2026-08-19T06:00:00+00:00,6,03pqkGAj,test,a1ac286b97b15d33df0a93f90b11a1c3a41b0dafd9eede401094b43b93cc0765,VERIFIED_VALID,25.94,29.049,25.244,28.16,37.047,1,0.5883,1,-1.0,-0.7328,0.0056,0.6804,1.648,0.3
2026-08-19T01:00:00+00:00,2026-08-19T07:00:00+00:00,6,03pqkGAj,test,a1ac286b97b15d33df0a93f90b11a1c3a41b0dafd9eede401094b43b93cc0765,VERIFIED_VALID,26.374,29.256,26.267,29.48,37.966,1,0.6328,1,-0.9897,-0.9796,0.1431,0.2009,0.22,0.397
2026-08-19T02:00:00+00:00,2026-08-19T08:00:00+00:00,6,03pqkGAj,test,a1ac286b97b15d33df0a93f90b11a1c3a41b0dafd9eede401094b43b93cc0765,VERIFIED_VALID,25.829,28.398,26.49,27.78,35.78,0,0.6686,1,-0.7336,-0.9969,-0.6796,-0.0785,0.0,0.493
2026-08-19T03:00:00+00:00,2026-08-19T09:00:00+00:00,6,03pqkGAj,test,a1ac286b97b15d33df0a93f90b11a1c3a41b0dafd9eede401094b43b93cc0765,VERIFIED_VALID,25.254,26.668,26.427,26.13,31.49,1,0.764,1,-0.9351,0.6674,-0.3543,-0.7447,0.22,0.724
2026-08-19T04:00:00+00:00,2026-08-19T10:00:00+00:00,6,03pqkGAj,test,a1ac286b97b15d33df0a93f90b11a1c3a41b0dafd9eede401094b43b93cc0765,VERIFIED_VALID,25.092,25.574,26.352,25.67,27.061,0,0.8457,1,-0.9904,-0.9701,0.138,0.2428,0.0,0.99
2026-08-19T05:00:00+00:00,2026-08-19T11:00:00+00:00,6,03pqkGAj,test,a1ac286b97b15d33df0a93f90b11a1c3a41b0dafd9eede401094b43b93cc0765,VERIFIED_VALID,25.231,25.613,26.157,26.04,27.179,0,0.8428,1,-0.0616,-0.7386,0.9981,0.6741,0.0,1.007
2026-08-19T06:00:00+00:00,2026-08-19T12:00:00+00:00,6,03pqkGAj,test,a1ac286b97b15d33df0a93f90b11a1c3a41b0dafd9eede401094b43b93cc0765,VERIFIED_VALID,25.478,24.717,25.94,26.77,25.855,1,0.8802,1,-0.9906,-0.8012,0.137,0.5984,0.33,1.149
2026-08-19T07:00:00+00:00,2026-08-19T13:00:00+00:00,6,03pqkGAj,test,a1ac286b97b15d33df0a93f90b11a1c3a41b0dafd9eede401094b43b93cc0765,VERIFIED_VALID,25.364,25.272,26.374,26.42,26.466,1,0.854,1,-0.6391,-0.7604,-0.7691,0.6494,0.22,1.079
2026-08-19T08:00:00+00:00,2026-08-19T14:00:00+00:00,6,03pqkGAj,test,a1ac286b97b15d33df0a93f90b11a1c3a41b0dafd9eede401094b43b93cc0765,VERIFIED_VALID,25.438,24.61,25.829,26.65,25.737,0,0.395,1,-0.9193,-0.974,0.3936,-0.2264,0.0,0.671
2026-08-19T09:00:00+00:00,2026-08-19T15:00:00+00:00,6,03pqkGAj,test,a1ac286b97b15d33df0a93f90b11a1c3a41b0dafd9eede401094b43b93cc0765,VERIFIED_VALID,25.489,24.414,25.254,26.8,25.522,1,0.7181,1,-0.8603,-0.9878,-0.5098,0.1558,0.11,0.647
2026-08-19T10:00:00+00:00,2026-08-19T16:00:00+00:00,6,03pqkGAj,test,a1ac286b97b15d33df0a93f90b11a1c3a41b0dafd9eede401094b43b93cc0765,VERIFIED_VALID,25.259,24.884,25.092,26.12,26.01,0,0.2984,1,-0.9965,-0.8501,-0.0841,0.5266,0.0,0.433
2026-08-19T11:00:00+00:00,2026-08-19T17:00:00+00:00,6,03pqkGAj,test,a1ac286b97b15d33df0a93f90b11a1c3a41b0dafd9eede401094b43b93cc0765,VERIFIED_VALID,25.174,24.742,25.231,25.87,25.883,0,0.3121,1,0.9982,-0.0327,-0.0606,0.9995,0.0,0.452
2026-08-19T12:00:00+00:00,2026-08-19T18:00:00+00:00,6,03pqkGAj,test,a1ac286b97b15d33df0a93f90b11a1c3a41b0dafd9eede401094b43b93cc0765,VERIFIED_VALID,25.357,25.094,25.478,26.4,26.268,0,0.6,1,0.9942,-0.8801,-0.1079,0.4748,0.0,0.384
2026-08-19T13:00:00+00:00,2026-08-19T19:00:00+00:00,6,03pqkGAj,test,a1ac286b97b15d33df0a93f90b11a1c3a41b0dafd9eede401094b43b93cc0765,VERIFIED_VALID,25.304,24.819,25.364,26.24,25.968,0,0.6449,1,0.8207,-0.8501,-0.5713,-0.5267,0.0,0.433
2026-08-19T14:00:00+00:00,2026-08-19T20:00:00+00:00,6,03pqkGAj,test,a1ac286b97b15d33df0a93f90b11a1c3a41b0dafd9eede401094b43b93cc0765,VERIFIED_VALID,25.562,25.024,25.438,27.02,26.194,1,0.2784,1,-0.9788,-0.7625,-0.2047,0.6469,0.33,0.377
2026-08-19T15:00:00+00:00,2026-08-19T21:00:00+00:00,6,03pqkGAj,test,a1ac286b97b15d33df0a93f90b11a1c3a41b0dafd9eede401094b43b93cc0765,VERIFIED_VALID,25.189,25.831,25.489,25.94,27.805,0,0.6169,1,-0.7861,-0.9985,0.6181,-0.0549,0.0,0.404
2026-08-19T16:00:00+00:00,2026-08-19T22:00:00+00:00,6,03pqkGAj,test,a1ac286b97b15d33df0a93f90b11a1c3a41b0dafd9eede401094b43b93cc0765,VERIFIED_VALID,25.552,26.514,25.259,26.98,29.782,0,0.256,1,-0.6949,-0.9011,0.7191,0.4337,0.0,0.324
2026-08-19T17:00:00+00:00,2026-08-19T23:00:00+00:00,6,03pqkGAj,test,a1ac286b97b15d33df0a93f90b11a1c3a41b0dafd9eede401094b43b93cc0765,VERIFIED_VALID,26.93,27.769,25.174,31.13,33.744,0,0.1983,0,-0.7031,0.9219,-0.7111,0.3874,0.0,0.219
2026-08-19T18:00:00+00:00,2026-08-20T00:00:00+00:00,6,03pqkGAj,test,a1ac286b97b15d33df0a93f90b11a1c3a41b0dafd9eede401094b43b93cc0765,VERIFIED_VALID,27.772,28.488,25.357,34.16,35.771,1,0.1619,0,-0.7641,0.9324,-0.6451,0.3615,0.549,0.166
2026-08-19T19:00:00+00:00,2026-08-20T01:00:00+00:00,6,03pqkGAj,test,a1ac286b97b15d33df0a93f90b11a1c3a41b0dafd9eede401094b43b93cc0765,VERIFIED_VALID,30.375,29.862,25.304,42.75,39.197,0,0.0947,0,-0.9974,0.9944,-0.0727,0.1058,0.0,0.082
2026-08-19T20:00:00+00:00,2026-08-20T02:00:00+00:00,6,03pqkGAj,test,a1ac286b97b15d33df0a93f90b11a1c3a41b0dafd9eede401094b43b93cc0765,VERIFIED_VALID,31.368,29.152,25.562,45.53,37.308,0,0.4977,1,-0.5306,-0.8422,-0.8476,0.5391,0.0,0.191
2026-08-19T21:00:00+00:00,2026-08-20T03:00:00+00:00,6,03pqkGAj,test,a1ac286b97b15d33df0a93f90b11a1c3a41b0dafd9eede401094b43b93cc0765,VERIFIED_VALID,25.331,29.573,25.189,26.38,37.737,1,0.1183,0,-0.5293,-0.3553,-0.8484,0.9348,2.747,0.116
2026-08-19T22:00:00+00:00,2026-08-20T04:00:00+00:00,6,03pqkGAj,test,a1ac286b97b15d33df0a93f90b11a1c3a41b0dafd9eede401094b43b93cc0765,VERIFIED_VALID,26.816,29.187,25.552,30.67,36.965,1,0.228,1,-0.9028,-0.2886,0.4301,0.9575,3.077,0.277
2026-08-19T23:00:00+00:00,2026-08-20T05:00:00+00:00,6,03pqkGAj,test,a1ac286b97b15d33df0a93f90b11a1c3a41b0dafd9eede401094b43b93cc0765,VERIFIED_VALID,32.146,29.583,26.93,49.12,38.501,0,0.2274,1,0.0459,-0.9979,-0.9989,0.065,0.0,0.303
2026-08-20T00:00:00+00:00,2026-08-20T06:00:00+00:00,6,03pqkGAj,test,a1ac286b97b15d33df0a93f90b11a1c3a41b0dafd9eede401094b43b93cc0765,VERIFIED_VALID,30.529,28.018,27.772,42.6,35.287,0,0.7101,1,-0.8314,-0.9855,-0.5557,0.1697,0.0,0.681
2026-08-20T01:00:00+00:00,2026-08-20T07:00:00+00:00,6,03pqkGAj,test,a1ac286b97b15d33df0a93f90b11a1c3a41b0dafd9eede401094b43b93cc0765,VERIFIED_VALID,32.27,28.705,30.375,49.75,37.623,0,0.3499,1,-0.5509,-0.7742,-0.8346,0.633,0.0,0.763
2026-08-20T02:00:00+00:00,2026-08-20T08:00:00+00:00,6,03pqkGAj,test,a1ac286b97b15d33df0a93f90b11a1c3a41b0dafd9eede401094b43b93cc0765,VERIFIED_VALID,29.836,28.897,31.368,40.08,38.627,0,0.2814,1,0.2898,-0.9974,-0.9571,-0.0718,0.0,0.612
2026-08-20T03:00:00+00:00,2026-08-20T09:00:00+00:00,6,03pqkGAj,test,a1ac286b97b15d33df0a93f90b11a1c3a41b0dafd9eede401094b43b93cc0765,VERIFIED_VALID,28.305,25.258,25.331,35.05,26.291,0,0.6539,1,0.3717,-0.812,-0.9283,-0.5837,0.0,0.509
2026-08-20T04:00:00+00:00,2026-08-20T10:00:00+00:00,6,03pqkGAj,test,a1ac286b97b15d33df0a93f90b11a1c3a41b0dafd9eede401094b43b93cc0765,VERIFIED_VALID,26.683,26.776,26.816,30.34,31.329,0,0.6333,1,-0.9839,-0.6854,0.1788,0.7282,0.0,0.491
2026-08-20T05:00:00+00:00,2026-08-20T11:00:00+00:00,6,03pqkGAj,test,a1ac286b97b15d33df0a93f90b11a1c3a41b0dafd9eede401094b43b93cc0765,VERIFIED_VALID,26.786,30.089,32.146,30.7,42.894,0,0.2286,1,-0.9893,-0.2161,-0.1456,-0.9764,0.0,0.459
2026-08-20T06:00:00+00:00,2026-08-20T12:00:00+00:00,6,03pqkGAj,test,a1ac286b97b15d33df0a93f90b11a1c3a41b0dafd9eede401094b43b93cc0765,VERIFIED_VALID,26.392,27.891,30.529,29.5,35.69,0,0.3662,1,0.9996,-0.9841,0.0277,0.1777,0.0,0.779
2026-08-20T07:00:00+00:00,2026-08-20T13:00:00+00:00,6,03pqkGAj,test,a1ac286b97b15d33df0a93f90b11a1c3a41b0dafd9eede401094b43b93cc0765,VERIFIED_VALID,26.201,27.923,32.27,28.97,36.1,0,0.1922,0,0.9395,-0.9999,-0.3424,0.0146,0.0,0.395
2026-08-20T08:00:00+00:00,2026-08-20T14:00:00+00:00,6,03pqkGAj,test,a1ac286b97b15d33df0a93f90b11a1c3a41b0dafd9eede401094b43b93cc0765,VERIFIED_VALID,25.714,26.105,29.836,27.47,28.759,0,0.2689,1,-0.4539,0.161,-0.8911,-0.987,0.0,0.446
2026-08-20T09:00:00+00:00,2026-08-20T15:00:00+00:00,6,03pqkGAj,test,a1ac286b97b15d33df0a93f90b11a1c3a41b0dafd9eede401094b43b93cc0765,VERIFIED_VALID,25.482,25.467,28.305,26.78,26.73,0,0.3243,1,0.7373,0.4298,-0.6756,-0.9029,0.0,0.52
2026-08-20T10:00:00+00:00,2026-08-20T16:00:00+00:00,6,03pqkGAj,test,a1ac286b97b15d33df0a93f90b11a1c3a41b0dafd9eede401094b43b93cc0765,VERIFIED_VALID,25.345,24.302,26.683,26.37,25.398,0,0.3557,1,0.9473,-0.8689,-0.3203,0.4949,0.0,0.521
2026-08-16T21:00:00+00:00,2026-08-17T03:00:00+00:00,6,1Zb102pg,test,a1ac286b97b15d33df0a93f90b11a1c3a41b0dafd9eede401094b43b93cc0765,VERIFIED_VALID,27.997,29.573,24.565,32.7,35.561,1,0.1408,0,0.4957,0.4371,0.8685,0.8994,0.22,0.15
2026-08-16T22:00:00+00:00,2026-08-17T04:00:00+00:00,6,1Zb102pg,test,a1ac286b97b15d33df0a93f90b11a1c3a41b0dafd9eede401094b43b93cc0765,VERIFIED_VALID,27.921,28.528,24.717,32.88,33.538,1,0.2363,1,0.5853,0.4154,0.8108,0.9097,0.11,0.298
2026-08-16T23:00:00+00:00,2026-08-17T05:00:00+00:00,6,1Zb102pg,test,a1ac286b97b15d33df0a93f90b11a1c3a41b0dafd9eede401094b43b93cc0765,VERIFIED_VALID,28.064,27.572,25.114,32.74,31.571,0,0.6689,1,0.6424,0.3834,0.7664,0.9236,0.0,0.517
2026-08-17T00:00:00+00:00,2026-08-17T06:00:00+00:00,6,1Zb102pg,test,a1ac286b97b15d33df0a93f90b11a1c3a41b0dafd9eede401094b43b93cc0765,VERIFIED_VALID,28.344,27.272,25.289,33.6,30.938,0,0.7176,1,-0.9984,0.3532,0.0564,0.9356,0.0,0.623
2026-08-17T01:00:00+00:00,2026-08-17T07:00:00+00:00,6,1Zb102pg,test,a1ac286b97b15d33df0a93f90b11a1c3a41b0dafd9eede401094b43b93cc0765,VERIFIED_VALID,27.764,27.062,26.197,32.33,30.762,0,0.7503,1,-0.2809,0.7938,-0.9597,0.6081,0.0,0.728
2026-08-17T02:00:00+00:00,2026-08-17T08:00:00+00:00,6,1Zb102pg,test,a1ac286b97b15d33df0a93f90b11a1c3a41b0dafd9eede401094b43b93cc0765,VERIFIED_VALID,27.828,25.687,26.458,32.07,27.275,0,0.8142,1,0.8647,0.2697,0.5023,0.963,0.0,1.001
2026-08-17T03:00:00+00:00,2026-08-17T09:00:00+00:00,6,1Zb102pg,test,a1ac286b97b15d33df0a93f90b11a1c3a41b0dafd9eede401094b43b93cc0765,VERIFIED_VALID,27.019,26.002,27.997,30.44,28.061,1,0.8355,1,0.5308,0.2368,-0.8475,0.9716,0.11,1.19
2026-08-17T04:00:00+00:00,2026-08-17T10:00:00+00:00,6,1Zb102pg,test,a1ac286b97b15d33df0a93f90b11a1c3a41b0dafd9eede401094b43b93cc0765,VERIFIED_VALID,26.495,26.089,27.921,29.21,28.355,0,0.8491,1,0.5583,0.2938,-0.8296,0.9559,0.0,1.208
2026-08-17T05:00:00+00:00,2026-08-17T11:00:00+00:00,6,1Zb102pg,test,a1ac286b97b15d33df0a93f90b11a1c3a41b0dafd9eede401094b43b93cc0765,VERIFIED_VALID,26.172,25.572,28.064,28.46,26.582,1,0.4905,1,-0.2951,0.3181,-0.9555,0.9481,0.549,1.099
2026-08-17T06:00:00+00:00,2026-08-17T12:00:00+00:00,6,1Zb102pg,test,a1ac286b97b15d33df0a93f90b11a1c3a41b0dafd9eede401094b43b93cc0765,VERIFIED_VALID,26.121,24.763,28.344,28.33,25.814,1,0.4296,1,-0.2957,-0.8189,-0.9553,0.574,0.44,1.015
2026-08-17T07:00:00+00:00,2026-08-17T13:00:00+00:00,6,1Zb102pg,test,a1ac286b97b15d33df0a93f90b11a1c3a41b0dafd9eede401094b43b93cc0765,VERIFIED_VALID,26.008,24.336,27.764,28.05,25.391,0,0.4055,1,-0.2954,-0.8893,-0.9554,-0.4574,0.0,0.89
2026-08-17T08:00:00+00:00,2026-08-17T14:00:00+00:00,6,1Zb102pg,test,a1ac286b97b15d33df0a93f90b11a1c3a41b0dafd9eede401094b43b93cc0765,VERIFIED_VALID,25.828,24.226,27.828,27.6,25.214,0,0.4107,1,-0.2954,0.4677,-0.9554,0.8839,0.0,0.861
2026-08-17T09:00:00+00:00,2026-08-17T15:00:00+00:00,6,1Zb102pg,test,a1ac286b97b15d33df0a93f90b11a1c3a41b0dafd9eede401094b43b93cc0765,VERIFIED_VALID,25.6,23.704,27.019,27.04,24.718,0,0.7407,1,0.0491,0.8555,-0.9988,-0.5178,0.0,0.84
2026-08-17T10:00:00+00:00,2026-08-17T16:00:00+00:00,6,1Zb102pg,test,a1ac286b97b15d33df0a93f90b11a1c3a41b0dafd9eede401094b43b93cc0765,VERIFIED_VALID,25.7,24.177,26.495,27.27,25.185,0,0.2951,1,0.0496,0.7568,-0.9988,-0.6537,0.0,0.481
2026-08-17T11:00:00+00:00,2026-08-17T17:00:00+00:00,6,1Zb102pg,test,a1ac286b97b15d33df0a93f90b11a1c3a41b0dafd9eede401094b43b93cc0765,VERIFIED_VALID,25.524,24.343,26.172,26.86,25.351,0,0.6073,1,0.0497,-0.589,-0.9988,-0.8081,0.0,0.464
2026-08-17T12:00:00+00:00,2026-08-17T18:00:00+00:00,6,1Zb102pg,test,a1ac286b97b15d33df0a93f90b11a1c3a41b0dafd9eede401094b43b93cc0765,VERIFIED_VALID,25.552,24.6,26.121,26.93,25.604,1,0.6027,1,-0.03,-0.55,-0.9996,-0.8352,0.33,0.451
2026-08-17T13:00:00+00:00,2026-08-17T19:00:00+00:00,6,1Zb102pg,test,a1ac286b97b15d33df0a93f90b11a1c3a41b0dafd9eede401094b43b93cc0765,VERIFIED_VALID,25.353,24.81,26.008,26.46,25.803,1,0.255,1,0.2702,-0.5075,-0.9628,-0.8617,0.989,0.395
2026-08-17T14:00:00+00:00,2026-08-17T20:00:00+00:00,6,1Zb102pg,test,a1ac286b97b15d33df0a93f90b11a1c3a41b0dafd9eede401094b43b93cc0765,VERIFIED_VALID,25.34,25.164,25.828,26.43,26.14,0,0.2031,1,0.2562,-0.4252,-0.9666,-0.9051,0.0,0.284
2026-08-17T15:00:00+00:00,2026-08-17T21:00:00+00:00,6,1Zb102pg,test,a1ac286b97b15d33df0a93f90b11a1c3a41b0dafd9eede401094b43b93cc0765,VERIFIED_VALID,25.446,25.757,25.6,26.68,27.412,0,0.1813,0,0.2564,0.2162,-0.9666,-0.9763,0.0,0.239
2026-08-17T16:00:00+00:00,2026-08-17T22:00:00+00:00,6,1Zb102pg,test,a1ac286b97b15d33df0a93f90b11a1c3a41b0dafd9eede401094b43b93cc0765,VERIFIED_VALID,25.698,26.332,25.7,27.28,28.711,1,0.1702,0,0.1761,0.2908,-0.9844,-0.9568,0.22,0.222
2026-08-17T17:00:00+00:00,2026-08-17T23:00:00+00:00,6,1Zb102pg,test,a1ac286b97b15d33df0a93f90b11a1c3a41b0dafd9eede401094b43b93cc0765,VERIFIED_VALID,26.207,26.874,25.524,28.45,29.919,1,0.1413,0,0.2073,0.3518,-0.9783,-0.9361,0.11,0.169
2026-08-17T18:00:00+00:00,2026-08-18T00:00:00+00:00,6,1Zb102pg,test,a1ac286b97b15d33df0a93f90b11a1c3a41b0dafd9eede401094b43b93cc0765,VERIFIED_VALID,27.119,27.933,25.552,30.28,32.349,0,0.4592,1,0.2073,0.3577,-0.9783,-0.9338,0.0,0.159
2026-08-17T19:00:00+00:00,2026-08-18T01:00:00+00:00,6,1Zb102pg,test,a1ac286b97b15d33df0a93f90b11a1c3a41b0dafd9eede401094b43b93cc0765,VERIFIED_VALID,27.947,28.194,25.353,31.86,32.974,0,0.4568,1,0.1748,0.8089,-0.9846,-0.5879,0.0,0.151
2026-08-17T20:00:00+00:00,2026-08-18T02:00:00+00:00,6,1Zb102pg,test,a1ac286b97b15d33df0a93f90b11a1c3a41b0dafd9eede401094b43b93cc0765,VERIFIED_VALID,28.753,29.236,25.34,33.06,35.016,0,0.0955,0,0.0786,0.8744,-0.9969,-0.4852,0.0,0.092
2026-08-17T21:00:00+00:00,2026-08-18T03:00:00+00:00,6,1Zb102pg,test,a1ac286b97b15d33df0a93f90b11a1c3a41b0dafd9eede401094b43b93cc0765,VERIFIED_VALID,30.238,29.603,25.446,35.61,35.79,0,0.0947,0,0.3447,0.9134,-0.9387,-0.407,0.0,0.091
2026-08-17T22:00:00+00:00,2026-08-18T04:00:00+00:00,6,1Zb102pg,test,a1ac286b97b15d33df0a93f90b11a1c3a41b0dafd9eede401094b43b93cc0765,VERIFIED_VALID,30.154,28.418,25.698,35.7,33.508,0,0.5378,1,0.6885,0.8824,-0.7252,-0.4705,0.0,0.277
2026-08-17T23:00:00+00:00,2026-08-18T05:00:00+00:00,6,1Zb102pg,test,a1ac286b97b15d33df0a93f90b11a1c3a41b0dafd9eede401094b43b93cc0765,VERIFIED_VALID,30.698,29.023,26.207,36.76,34.629,0,0.5535,1,0.3638,0.9479,-0.9315,-0.3185,0.0,0.307
2026-08-18T00:00:00+00:00,2026-08-18T06:00:00+00:00,6,1Zb102pg,test,a1ac286b97b15d33df0a93f90b11a1c3a41b0dafd9eede401094b43b93cc0765,VERIFIED_VALID,29.117,28.528,27.119,34.21,33.031,1,0.2638,1,0.9787,0.918,0.2054,-0.3967,4.066,0.406
2026-08-18T01:00:00+00:00,2026-08-18T07:00:00+00:00,6,1Zb102pg,test,a1ac286b97b15d33df0a93f90b11a1c3a41b0dafd9eede401094b43b93cc0765,VERIFIED_VALID,28.719,27.26,27.947,33.98,30.304,1,0.3349,1,0.4352,0.8066,-0.9003,-0.5912,3.187,0.642
2026-08-18T02:00:00+00:00,2026-08-18T08:00:00+00:00,6,1Zb102pg,test,a1ac286b97b15d33df0a93f90b11a1c3a41b0dafd9eede401094b43b93cc0765,VERIFIED_VALID,27.195,26.263,28.753,30.71,28.336,1,0.4251,1,0.5455,-0.2596,-0.8381,-0.9657,2.967,1.015
2026-08-18T03:00:00+00:00,2026-08-18T09:00:00+00:00,6,1Zb102pg,test,a1ac286b97b15d33df0a93f90b11a1c3a41b0dafd9eede401094b43b93cc0765,VERIFIED_VALID,26.818,26.934,30.238,29.9,29.702,0,0.3804,1,0.5869,0.9654,-0.8096,-0.2609,0.0,0.945
2026-08-18T04:00:00+00:00,2026-08-18T10:00:00+00:00,6,1Zb102pg,test,a1ac286b97b15d33df0a93f90b11a1c3a41b0dafd9eede401094b43b93cc0765,VERIFIED_VALID,26.243,26.235,30.154,28.52,28.388,1,0.3626,1,0.3919,0.9687,-0.92,0.2481,0.659,0.881
2026-08-18T05:00:00+00:00,2026-08-18T11:00:00+00:00,6,1Zb102pg,test,a1ac286b97b15d33df0a93f90b11a1c3a41b0dafd9eede401094b43b93cc0765,VERIFIED_VALID,26.184,25.374,30.698,28.37,26.291,0,0.3314,1,-0.2111,0.6276,-0.9775,0.7785,0.0,0.827
2026-08-18T06:00:00+00:00,2026-08-18T12:00:00+00:00,6,1Zb102pg,test,a1ac286b97b15d33df0a93f90b11a1c3a41b0dafd9eede401094b43b93cc0765,VERIFIED_VALID,25.996,24.874,29.117,28.01,25.814,1,0.7331,1,-0.0886,0.5873,-0.9961,0.8094,8.902,0.886
2026-08-18T07:00:00+00:00,2026-08-18T13:00:00+00:00,6,1Zb102pg,test,a1ac286b97b15d33df0a93f90b11a1c3a41b0dafd9eede401094b43b93cc0765,VERIFIED_VALID,24.769,24.912,28.719,25.13,25.917,1,0.7198,1,0.6146,0.7057,0.7888,-0.7085,11.43,0.829
2026-08-18T08:00:00+00:00,2026-08-18T14:00:00+00:00,6,1Zb102pg,test,a1ac286b97b15d33df0a93f90b11a1c3a41b0dafd9eede401094b43b93cc0765,VERIFIED_VALID,24.843,24.464,27.195,25.34,25.452,0,0.6912,1,0.3837,0.7777,0.9234,-0.6287,0.0,0.667
2026-08-18T09:00:00+00:00,2026-08-18T15:00:00+00:00,6,1Zb102pg,test,a1ac286b97b15d33df0a93f90b11a1c3a41b0dafd9eede401094b43b93cc0765,VERIFIED_VALID,25.019,24.612,26.818,25.71,25.607,0,0.2739,1,-0.4173,0.7738,0.9088,-0.6334,0.0,0.434
2026-08-18T10:00:00+00:00,2026-08-18T16:00:00+00:00,6,1Zb102pg,test,a1ac286b97b15d33df0a93f90b11a1c3a41b0dafd9eede401094b43b93cc0765,VERIFIED_VALID,25.127,24.774,26.243,25.94,25.733,0,0.5517,1,-0.4685,0.4883,0.8835,-0.8727,0.0,0.324
2026-08-18T11:00:00+00:00,2026-08-18T17:00:00+00:00,6,1Zb102pg,test,a1ac286b97b15d33df0a93f90b11a1c3a41b0dafd9eede401094b43b93cc0765,VERIFIED_VALID,25.454,24.805,26.184,26.7,25.756,1,0.199,0,-0.4688,-0.3701,0.8833,-0.929,0.22,0.273
2026-08-18T12:00:00+00:00,2026-08-18T18:00:00+00:00,6,1Zb102pg,test,a1ac286b97b15d33df0a93f90b11a1c3a41b0dafd9eede401094b43b93cc0765,VERIFIED_VALID,25.304,25.329,25.996,26.35,26.324,1,0.5309,1,-0.4689,-0.1127,0.8833,-0.9936,3.627,0.268
2026-08-18T13:00:00+00:00,2026-08-18T19:00:00+00:00,6,1Zb102pg,test,a1ac286b97b15d33df0a93f90b11a1c3a41b0dafd9eede401094b43b93cc0765,VERIFIED_VALID,25.544,24.985,24.769,26.91,25.895,1,0.4916,1,-0.4688,0.5423,0.8833,0.8402,1.978,0.186
2026-08-18T14:00:00+00:00,2026-08-18T20:00:00+00:00,6,1Zb102pg,test,a1ac286b97b15d33df0a93f90b11a1c3a41b0dafd9eede401094b43b93cc0765,VERIFIED_VALID,25.346,26.543,24.843,26.45,29.072,1,0.1056,0,-0.4688,0.3825,0.8833,0.9239,4.726,0.102
2026-08-18T15:00:00+00:00,2026-08-18T21:00:00+00:00,6,1Zb102pg,test,a1ac286b97b15d33df0a93f90b11a1c3a41b0dafd9eede401094b43b93cc0765,VERIFIED_VALID,25.255,26.153,25.019,26.23,28.266,1,0.1802,0,-0.4974,-0.2125,0.8675,0.9772,3.956,0.224
2026-08-18T16:00:00+00:00,2026-08-18T22:00:00+00:00,6,1Zb102pg,test,a1ac286b97b15d33df0a93f90b11a1c3a41b0dafd9eede401094b43b93cc0765,VERIFIED_VALID,25.442,27.328,25.127,26.67,30.914,1,0.1416,0,-0.4977,-0.2067,0.8674,0.9784,2.967,0.165
2026-08-18T17:00:00+00:00,2026-08-18T23:00:00+00:00,6,1Zb102pg,test,a1ac286b97b15d33df0a93f90b11a1c3a41b0dafd9eede401094b43b93cc0765,VERIFIED_VALID,25.689,28.079,25.454,27.26,32.612,1,0.5315,1,-0.4974,-0.1724,0.8675,0.985,1.209,0.28
2026-08-18T18:00:00+00:00,2026-08-19T00:00:00+00:00,6,1Zb102pg,test,a1ac286b97b15d33df0a93f90b11a1c3a41b0dafd9eede401094b43b93cc0765,VERIFIED_VALID,26.094,27.451,25.304,28.25,31.204,1,0.5766,1,-0.7093,-0.1865,0.7049,0.9824,2.198,0.356
2026-08-18T19:00:00+00:00,2026-08-19T01:00:00+00:00,6,1Zb102pg,test,a1ac286b97b15d33df0a93f90b11a1c3a41b0dafd9eede401094b43b93cc0765,VERIFIED_VALID,26.649,28.764,25.544,29.48,34.093,1,0.5057,1,-0.9039,-0.1478,0.4277,0.989,0.989,0.233
2026-08-18T20:00:00+00:00,2026-08-19T02:00:00+00:00,6,1Zb102pg,test,a1ac286b97b15d33df0a93f90b11a1c3a41b0dafd9eede401094b43b93cc0765,VERIFIED_VALID,26.957,29.254,25.346,30.22,35.176,1,0.5887,1,-0.9038,-0.1226,0.428,0.9925,1.429,0.348
2026-08-18T21:00:00+00:00,2026-08-19T03:00:00+00:00,6,1Zb102pg,test,a1ac286b97b15d33df0a93f90b11a1c3a41b0dafd9eede401094b43b93cc0765,VERIFIED_VALID,27.723,29.13,25.255,32.04,34.892,1,0.5724,1,-0.8551,-0.1454,0.5184,0.9894,1.099,0.321
2026-08-18T22:00:00+00:00,2026-08-19T04:00:00+00:00,6,1Zb102pg,test,a1ac286b97b15d33df0a93f90b11a1c3a41b0dafd9eede401094b43b93cc0765,VERIFIED_VALID,28.041,28.218,25.442,32.9,32.986,1,0.7015,1,-0.8554,-0.1736,0.518,0.9848,0.22,0.566
2026-08-18T23:00:00+00:00,2026-08-19T05:00:00+00:00,6,1Zb102pg,test,a1ac286b97b15d33df0a93f90b11a1c3a41b0dafd9eede401094b43b93cc0765,VERIFIED_VALID,26.901,28.031,25.689,30.2,32.708,1,0.736,1,-0.6473,-0.1802,0.7623,0.9836,6.154,0.654
2026-08-19T00:00:00+00:00,2026-08-19T06:00:00+00:00,6,1Zb102pg,test,a1ac286b97b15d33df0a93f90b11a1c3a41b0dafd9eede401094b43b93cc0765,VERIFIED_VALID,26.562,27.069,26.094,29.27,30.539,1,0.8337,1,0.9845,-0.3286,0.1754,0.9445,3.407,0.944
2026-08-19T01:00:00+00:00,2026-08-19T07:00:00+00:00,6,1Zb102pg,test,a1ac286b97b15d33df0a93f90b11a1c3a41b0dafd9eede401094b43b93cc0765,VERIFIED_VALID,26.758,25.975,26.649,29.68,27.894,1,0.8644,1,0.9991,-0.5233,0.0423,0.8522,0.11,1.174
2026-08-19T02:00:00+00:00,2026-08-19T08:00:00+00:00,6,1Zb102pg,test,a1ac286b97b15d33df0a93f90b11a1c3a41b0dafd9eede401094b43b93cc0765,VERIFIED_VALID,26.427,25.816,26.957,29.0,27.556,1,0.8682,1,0.9991,-0.5621,0.0425,0.827,0.11,1.224
2026-08-19T03:00:00+00:00,2026-08-19T09:00:00+00:00,6,1Zb102pg,test,a1ac286b97b15d33df0a93f90b11a1c3a41b0dafd9eede401094b43b93cc0765,VERIFIED_VALID,26.481,25.739,27.723,29.13,27.399,0,0.8823,1,0.5553,-0.5411,-0.8316,0.841,0.0,1.369
2026-08-19T04:00:00+00:00,2026-08-19T10:00:00+00:00,6,1Zb102pg,test,a1ac286b97b15d33df0a93f90b11a1c3a41b0dafd9eede401094b43b93cc0765,VERIFIED_VALID,26.191,25.224,28.041,28.46,26.254,0,0.8928,1,0.5551,-0.5646,-0.8318,0.8254,0.0,1.482
2026-08-19T05:00:00+00:00,2026-08-19T11:00:00+00:00,6,1Zb102pg,test,a1ac286b97b15d33df0a93f90b11a1c3a41b0dafd9eede401094b43b93cc0765,VERIFIED_VALID,25.953,25.048,26.901,27.85,26.054,0,0.8832,1,0.5549,-0.4297,-0.8319,0.903,0.0,1.291
2026-08-19T06:00:00+00:00,2026-08-19T12:00:00+00:00,6,1Zb102pg,test,a1ac286b97b15d33df0a93f90b11a1c3a41b0dafd9eede401094b43b93cc0765,VERIFIED_VALID,26.111,25.024,26.562,28.24,25.984,0,0.8562,1,0.5554,0.7061,-0.8316,0.7081,0.0,1.141
2026-08-19T07:00:00+00:00,2026-08-19T13:00:00+00:00,6,1Zb102pg,test,a1ac286b97b15d33df0a93f90b11a1c3a41b0dafd9eede401094b43b93cc0765,VERIFIED_VALID,26.116,24.813,26.758,28.27,25.761,1,0.8811,1,0.5549,0.7208,-0.8319,0.6931,0.11,1.275
2026-08-19T08:00:00+00:00,2026-08-19T14:00:00+00:00,6,1Zb102pg,test,a1ac286b97b15d33df0a93f90b11a1c3a41b0dafd9eede401094b43b93cc0765,VERIFIED_VALID,25.95,24.457,26.427,27.87,25.432,0,0.8671,1,0.5554,0.7528,-0.8316,0.6583,0.0,1.174
2026-08-19T09:00:00+00:00,2026-08-19T15:00:00+00:00,6,1Zb102pg,test,a1ac286b97b15d33df0a93f90b11a1c3a41b0dafd9eede401094b43b93cc0765,VERIFIED_VALID,26.194,24.459,26.481,28.48,25.443,0,0.4271,1,0.5551,0.8598,-0.8318,-0.5107,0.0,0.822
2026-08-19T10:00:00+00:00,2026-08-19T16:00:00+00:00,6,1Zb102pg,test,a1ac286b97b15d33df0a93f90b11a1c3a41b0dafd9eede401094b43b93cc0765,VERIFIED_VALID,26.05,24.538,26.191,28.12,25.523,1,0.3753,1,0.5555,0.8208,-0.8315,-0.5712,0.22,0.663
2026-08-19T11:00:00+00:00,2026-08-19T17:00:00+00:00,6,1Zb102pg,test,a1ac286b97b15d33df0a93f90b11a1c3a41b0dafd9eede401094b43b93cc0765,VERIFIED_VALID,26.058,24.869,25.953,28.15,25.816,0,0.2803,1,0.5551,0.7833,-0.8318,-0.6217,0.0,0.428
2026-08-19T12:00:00+00:00,2026-08-19T18:00:00+00:00,6,1Zb102pg,test,a1ac286b97b15d33df0a93f90b11a1c3a41b0dafd9eede401094b43b93cc0765,VERIFIED_VALID,26.131,25.343,26.111,28.33,26.306,1,0.2376,1,0.555,0.7979,-0.8319,-0.6028,0.33,0.349
2026-08-19T13:00:00+00:00,2026-08-19T19:00:00+00:00,6,1Zb102pg,test,a1ac286b97b15d33df0a93f90b11a1c3a41b0dafd9eede401094b43b93cc0765,VERIFIED_VALID,26.281,25.048,26.116,28.7,26.024,1,0.633,1,0.5553,0.8149,-0.8317,-0.5796,0.11,0.498
2026-08-19T14:00:00+00:00,2026-08-19T20:00:00+00:00,6,1Zb102pg,test,a1ac286b97b15d33df0a93f90b11a1c3a41b0dafd9eede401094b43b93cc0765,VERIFIED_VALID,26.166,25.341,25.95,28.42,26.306,0,0.2678,1,0.5552,0.8288,-0.8317,-0.5596,0.0,0.399
2026-08-19T15:00:00+00:00,2026-08-19T21:00:00+00:00,6,1Zb102pg,test,a1ac286b97b15d33df0a93f90b11a1c3a41b0dafd9eede401094b43b93cc0765,VERIFIED_VALID,26.268,26.24,26.194,28.67,28.588,0,0.2315,1,0.5553,0.8691,-0.8316,-0.4946,0.0,0.329
2026-08-19T16:00:00+00:00,2026-08-19T22:00:00+00:00,6,1Zb102pg,test,a1ac286b97b15d33df0a93f90b11a1c3a41b0dafd9eede401094b43b93cc0765,VERIFIED_VALID,26.642,27.22,26.05,29.57,30.859,1,0.5303,1,0.5547,0.9204,-0.832,-0.3909,0.22,0.279
2026-08-19T17:00:00+00:00,2026-08-19T23:00:00+00:00,6,1Zb102pg,test,a1ac286b97b15d33df0a93f90b11a1c3a41b0dafd9eede401094b43b93cc0765,VERIFIED_VALID,26.998,28.154,26.058,30.35,32.962,1,0.1805,0,0.5549,0.9614,-0.8319,-0.2753,4.396,0.227
2026-08-19T18:00:00+00:00,2026-08-20T00:00:00+00:00,6,1Zb102pg,test,a1ac286b97b15d33df0a93f90b11a1c3a41b0dafd9eede401094b43b93cc0765,VERIFIED_VALID,27.592,28.796,26.131,31.48,34.46,0,0.4869,1,0.6126,0.9733,-0.7904,-0.2295,0.0,0.201
2026-08-19T19:00:00+00:00,2026-08-20T01:00:00+00:00,6,1Zb102pg,test,a1ac286b97b15d33df0a93f90b11a1c3a41b0dafd9eede401094b43b93cc0765,VERIFIED_VALID,30.945,29.907,26.281,38.02,36.88,0,0.4458,1,0.6106,0.9886,-0.792,-0.1507,0.0,0.138
2026-08-19T20:00:00+00:00,2026-08-20T02:00:00+00:00,6,1Zb102pg,test,a1ac286b97b15d33df0a93f90b11a1c3a41b0dafd9eede401094b43b93cc0765,VERIFIED_VALID,31.145,29.85,26.166,38.87,36.69,0,0.1097,0,0.5302,0.9863,-0.8479,-0.1648,0.0,0.116
2026-08-19T21:00:00+00:00,2026-08-20T03:00:00+00:00,6,1Zb102pg,test,a1ac286b97b15d33df0a93f90b11a1c3a41b0dafd9eede401094b43b93cc0765,VERIFIED_VALID,32.263,30.295,26.268,39.62,37.639,0,0.1089,0,0.4743,0.9949,0.8803,-0.1013,0.0,0.114
2026-08-19T22:00:00+00:00,2026-08-20T04:00:00+00:00,6,1Zb102pg,test,a1ac286b97b15d33df0a93f90b11a1c3a41b0dafd9eede401094b43b93cc0765,VERIFIED_VALID,31.418,28.554,26.642,39.16,33.899,0,0.5839,1,0.2608,0.9947,-0.9654,-0.1031,0.0,0.376
2026-08-19T23:00:00+00:00,2026-08-20T05:00:00+00:00,6,1Zb102pg,test,a1ac286b97b15d33df0a93f90b11a1c3a41b0dafd9eede401094b43b93cc0765,VERIFIED_VALID,31.098,28.461,26.998,37.56,33.635,0,0.6339,1,-0.5977,0.9863,-0.8017,-0.1648,0.0,0.464
2026-08-20T00:00:00+00:00,2026-08-20T06:00:00+00:00,6,1Zb102pg,test,a1ac286b97b15d33df0a93f90b11a1c3a41b0dafd9eede401094b43b93cc0765,VERIFIED_VALID,30.348,27.61,27.592,34.54,31.411,0,0.3227,1,0.5605,0.9936,0.8281,-0.1126,0.0,0.549
2026-08-20T01:00:00+00:00,2026-08-20T07:00:00+00:00,6,1Zb102pg,test,a1ac286b97b15d33df0a93f90b11a1c3a41b0dafd9eede401094b43b93cc0765,VERIFIED_VALID,29.832,29.195,30.945,35.52,34.399,0,0.271,1,0.4086,0.9967,0.9127,0.0816,0.0,0.564
2026-08-20T02:00:00+00:00,2026-08-20T08:00:00+00:00,6,1Zb102pg,test,a1ac286b97b15d33df0a93f90b11a1c3a41b0dafd9eede401094b43b93cc0765,VERIFIED_VALID,30.423,28.665,31.145,36.36,33.953,0,0.2511,1,0.9131,0.9845,0.4078,-0.1755,0.0,0.542
2026-08-20T03:00:00+00:00,2026-08-20T09:00:00+00:00,6,1Zb102pg,test,a1ac286b97b15d33df0a93f90b11a1c3a41b0dafd9eede401094b43b93cc0765,VERIFIED_VALID,29.18,27.645,32.263,33.64,31.53,0,0.3099,1,0.991,0.1048,-0.1336,0.9945,0.0,0.76
2026-08-20T04:00:00+00:00,2026-08-20T10:00:00+00:00,6,1Zb102pg,test,a1ac286b97b15d33df0a93f90b11a1c3a41b0dafd9eede401094b43b93cc0765,VERIFIED_VALID,28.641,26.677,31.418,32.88,29.965,0,0.2674,1,0.9716,-0.3442,0.2366,-0.9389,0.0,0.601
2026-08-20T05:00:00+00:00,2026-08-20T11:00:00+00:00,6,1Zb102pg,test,a1ac286b97b15d33df0a93f90b11a1c3a41b0dafd9eede401094b43b93cc0765,VERIFIED_VALID,28.105,25.666,31.098,32.1,26.604,0,0.2791,1,0.9716,-0.9823,0.2367,0.1871,0.0,0.641
2026-08-20T06:00:00+00:00,2026-08-20T12:00:00+00:00,6,1Zb102pg,test,a1ac286b97b15d33df0a93f90b11a1c3a41b0dafd9eede401094b43b93cc0765,VERIFIED_VALID,27.124,24.697,30.348,30.46,25.454,0,0.4086,1,0.9716,0.1036,0.2368,0.9946,0.0,0.917
2026-08-20T07:00:00+00:00,2026-08-20T13:00:00+00:00,6,1Zb102pg,test,a1ac286b97b15d33df0a93f90b11a1c3a41b0dafd9eede401094b43b93cc0765,VERIFIED_VALID,26.673,24.674,29.832,29.43,25.622,0,0.3502,1,0.9716,0.0419,0.2367,0.9991,0.0,0.7
2026-08-20T08:00:00+00:00,2026-08-20T14:00:00+00:00,6,1Zb102pg,test,a1ac286b97b15d33df0a93f90b11a1c3a41b0dafd9eede401094b43b93cc0765,VERIFIED_VALID,26.141,24.981,30.423,28.19,25.914,0,0.3644,1,0.9717,0.3789,0.2363,0.9254,0.0,0.78
2026-08-20T09:00:00+00:00,2026-08-20T15:00:00+00:00,6,1Zb102pg,test,a1ac286b97b15d33df0a93f90b11a1c3a41b0dafd9eede401094b43b93cc0765,VERIFIED_VALID,26.168,24.744,29.18,28.24,25.606,0,0.3418,1,0.9715,0.7402,0.2369,0.6724,0.0,0.599
2026-08-20T10:00:00+00:00,2026-08-20T16:00:00+00:00,6,1Zb102pg,test,a1ac286b97b15d33df0a93f90b11a1c3a41b0dafd9eede401094b43b93cc0765,VERIFIED_VALID,26.236,24.996,28.641,28.41,25.88,0,0.3058,1,0.9717,0.623,0.2363,0.7822,0.0,0.54
2026-08-20T11:00:00+00:00,2026-08-20T17:00:00+00:00,6,1Zb102pg,test,a1ac286b97b15d33df0a93f90b11a1c3a41b0dafd9eede401094b43b93cc0765,VERIFIED_VALID,26.007,24.902,28.105,27.92,25.814,0,0.3101,1,0.9717,0.6639,0.2361,0.7478,0.0,0.533
2026-08-20T12:00:00+00:00,2026-08-20T18:00:00+00:00,6,1Zb102pg,test,a1ac286b97b15d33df0a93f90b11a1c3a41b0dafd9eede401094b43b93cc0765,VERIFIED_VALID,25.942,25.16,27.124,27.78,26.135,0,0.2619,1,0.9716,0.7782,0.2366,0.628,0.0,0.403
2026-08-20T13:00:00+00:00,2026-08-20T19:00:00+00:00,6,1Zb102pg,test,a1ac286b97b15d33df0a93f90b11a1c3a41b0dafd9eede401094b43b93cc0765,VERIFIED_VALID,25.729,25.545,26.673,27.32,26.495,0,0.2115,1,0.9718,0.8346,0.2358,0.5509,0.0,0.305
2026-08-20T14:00:00+00:00,2026-08-20T20:00:00+00:00,6,1Zb102pg,test,a1ac286b97b15d33df0a93f90b11a1c3a41b0dafd9eede401094b43b93cc0765,VERIFIED_VALID,25.781,25.629,26.141,27.45,26.53,0,0.1827,0,0.9718,0.8599,0.2359,0.5104,0.0,0.243
2026-08-20T15:00:00+00:00,2026-08-20T21:00:00+00:00,6,1Zb102pg,test,a1ac286b97b15d33df0a93f90b11a1c3a41b0dafd9eede401094b43b93cc0765,VERIFIED_VALID,25.567,27.094,26.168,26.95,30.144,0,0.1136,0,0.9716,0.8673,0.2365,0.4978,0.0,0.13
2026-08-20T16:00:00+00:00,2026-08-20T22:00:00+00:00,6,1Zb102pg,test,a1ac286b97b15d33df0a93f90b11a1c3a41b0dafd9eede401094b43b93cc0765,VERIFIED_VALID,26.712,28.585,26.236,29.72,33.249,0,0.0908,0,0.9717,0.8483,0.2361,0.5295,0.0,0.096
2026-08-20T17:00:00+00:00,2026-08-20T23:00:00+00:00,6,1Zb102pg,test,a1ac286b97b15d33df0a93f90b11a1c3a41b0dafd9eede401094b43b93cc0765,VERIFIED_VALID,28.479,29.761,26.007,33.48,35.618,0,0.0697,0,0.0865,0.8306,-0.9963,0.5569,0.0,0.063
2026-08-20T18:00:00+00:00,2026-08-21T00:00:00+00:00,6,1Zb102pg,test,a1ac286b97b15d33df0a93f90b11a1c3a41b0dafd9eede401094b43b93cc0765,VERIFIED_VALID,31.801,30.657,25.942,39.12,37.383,0,0.0542,0,0.0893,0.8143,-0.996,0.5805,0.0,0.042
2026-08-20T19:00:00+00:00,2026-08-21T01:00:00+00:00,6,1Zb102pg,test,a1ac286b97b15d33df0a93f90b11a1c3a41b0dafd9eede401094b43b93cc0765,VERIFIED_VALID,32.685,31.196,25.729,39.71,38.542,0,0.0458,0,0.2663,0.801,0.9639,0.5987,0.0,0.031
2026-08-20T20:00:00+00:00,2026-08-21T02:00:00+00:00,6,1Zb102pg,test,a1ac286b97b15d33df0a93f90b11a1c3a41b0dafd9eede401094b43b93cc0765,VERIFIED_VALID,33.197,32.064,25.781,39.38,40.246,0,0.0434,0,0.5037,0.7756,0.8639,0.6312,0.0,0.027
2026-08-20T21:00:00+00:00,2026-08-21T03:00:00+00:00,6,1Zb102pg,test,a1ac286b97b15d33df0a93f90b11a1c3a41b0dafd9eede401094b43b93cc0765,VERIFIED_VALID,33.808,32.141,25.567,40.0,40.301,0,0.0368,0,0.3831,0.7771,0.9237,0.6294,0.0,0.019
2026-08-20T22:00:00+00:00,2026-08-21T04:00:00+00:00,6,1Zb102pg,test,a1ac286b97b15d33df0a93f90b11a1c3a41b0dafd9eede401094b43b93cc0765,VERIFIED_VALID,34.416,32.689,26.712,40.56,42.081,0,0.0517,0,0.5865,0.758,0.8099,0.6523,0.0,0.04
2026-08-20T23:00:00+00:00,2026-08-21T05:00:00+00:00,6,1Zb102pg,test,a1ac286b97b15d33df0a93f90b11a1c3a41b0dafd9eede401094b43b93cc0765,VERIFIED_VALID,35.228,33.07,28.479,42.23,41.7,0,0.0637,0,0.0876,0.9983,-0.9962,-0.0586,0.0,0.065
2026-08-21T00:00:00+00:00,2026-08-21T06:00:00+00:00,6,1Zb102pg,test,a1ac286b97b15d33df0a93f90b11a1c3a41b0dafd9eede401094b43b93cc0765,VERIFIED_VALID,33.055,31.324,31.801,40.89,36.769,0,0.1312,0,0.293,0.6725,0.9561,0.7401,0.0,0.243
2026-08-21T01:00:00+00:00,2026-08-21T07:00:00+00:00,6,1Zb102pg,test,a1ac286b97b15d33df0a93f90b11a1c3a41b0dafd9eede401094b43b93cc0765,VERIFIED_VALID,33.96,30.144,32.685,41.8,35.229,0,0.2043,1,0.3848,0.0715,0.923,0.9974,0.0,0.473
2026-08-21T02:00:00+00:00,2026-08-21T08:00:00+00:00,6,1Zb102pg,test,a1ac286b97b15d33df0a93f90b11a1c3a41b0dafd9eede401094b43b93cc0765,VERIFIED_VALID,32.078,28.681,33.197,38.55,32.635,0,0.2545,1,0.5281,0.1144,0.8492,0.9934,0.0,0.68
2026-08-21T03:00:00+00:00,2026-08-21T09:00:00+00:00,6,1Zb102pg,test,a1ac286b97b15d33df0a93f90b11a1c3a41b0dafd9eede401094b43b93cc0765,VERIFIED_VALID,31.05,27.776,33.808,37.01,31.154,0,0.3076,1,0.3074,0.0045,0.9516,1.0,0.0,0.872
2026-08-21T04:00:00+00:00,2026-08-21T10:00:00+00:00,6,1Zb102pg,test,a1ac286b97b15d33df0a93f90b11a1c3a41b0dafd9eede401094b43b93cc0765,VERIFIED_VALID,30.471,27.074,34.416,36.21,29.878,0,0.3619,1,0.3067,0.0591,0.9518,0.9982,0.0,1.068
2026-08-21T05:00:00+00:00,2026-08-21T11:00:00+00:00,6,1Zb102pg,test,a1ac286b97b15d33df0a93f90b11a1c3a41b0dafd9eede401094b43b93cc0765,VERIFIED_VALID,30.024,26.519,35.228,34.69,28.958,0,0.3846,1,0.4206,-0.6193,0.9072,0.7852,0.0,1.187
2026-08-21T06:00:00+00:00,2026-08-21T12:00:00+00:00,6,1Zb102pg,test,a1ac286b97b15d33df0a93f90b11a1c3a41b0dafd9eede401094b43b93cc0765,VERIFIED_VALID,29.463,24.846,33.055,34.14,25.818,0,0.3717,1,0.4213,-0.0931,0.9069,0.9957,0.0,0.977
2026-08-21T07:00:00+00:00,2026-08-21T13:00:00+00:00,6,1Zb102pg,test,a1ac286b97b15d33df0a93f90b11a1c3a41b0dafd9eede401094b43b93cc0765,VERIFIED_VALID,29.005,25.538,33.96,33.45,26.494,0,0.369,1,0.4215,-0.0587,0.9068,0.9983,0.0,1.004
2026-08-21T08:00:00+00:00,2026-08-21T14:00:00+00:00,6,1Zb102pg,test,a1ac286b97b15d33df0a93f90b11a1c3a41b0dafd9eede401094b43b93cc0765,VERIFIED_VALID,28.632,24.536,32.078,33.19,25.438,0,0.3698,1,0.4209,0.0222,0.9071,0.9998,0.0,0.862
2026-08-21T09:00:00+00:00,2026-08-21T15:00:00+00:00,6,1Zb102pg,test,a1ac286b97b15d33df0a93f90b11a1c3a41b0dafd9eede401094b43b93cc0765,VERIFIED_VALID,27.474,24.764,31.05,31.19,25.667,0,0.3277,1,0.421,-0.0472,0.9071,0.9989,0.0,0.674
2026-08-21T10:00:00+00:00,2026-08-21T16:00:00+00:00,6,1Zb102pg,test,a1ac286b97b15d33df0a93f90b11a1c3a41b0dafd9eede401094b43b93cc0765,VERIFIED_VALID,27.505,24.881,30.471,31.23,25.797,0,0.3061,1,0.4206,-0.0274,0.9072,0.9996,0.0,0.6
2026-08-21T11:00:00+00:00,2026-08-21T17:00:00+00:00,6,1Zb102pg,test,a1ac286b97b15d33df0a93f90b11a1c3a41b0dafd9eede401094b43b93cc0765,VERIFIED_VALID,27.175,25.182,30.024,30.48,26.016,0,0.2909,1,0.4202,0.058,0.9074,0.9983,0.0,0.53
2026-08-21T12:00:00+00:00,2026-08-21T18:00:00+00:00,6,1Zb102pg,test,a1ac286b97b15d33df0a93f90b11a1c3a41b0dafd9eede401094b43b93cc0765,VERIFIED_VALID,27.043,25.576,29.463,30.25,26.448,0,0.2724,1,0.4198,0.098,0.9076,0.9952,0.0,0.494
2026-08-21T13:00:00+00:00,2026-08-21T19:00:00+00:00,6,1Zb102pg,test,a1ac286b97b15d33df0a93f90b11a1c3a41b0dafd9eede401094b43b93cc0765,VERIFIED_VALID,26.257,25.652,29.005,28.5,26.532,0,0.2398,1,0.4199,0.1261,0.9076,0.992,0.0,0.421
2026-08-21T14:00:00+00:00,2026-08-21T20:00:00+00:00,6,1Zb102pg,test,a1ac286b97b15d33df0a93f90b11a1c3a41b0dafd9eede401094b43b93cc0765,VERIFIED_VALID,26.562,25.991,28.632,29.2,27.914,0,0.2449,1,0.4202,0.16,0.9074,0.9871,0.0,0.442
2026-08-21T15:00:00+00:00,2026-08-21T21:00:00+00:00,6,1Zb102pg,test,a1ac286b97b15d33df0a93f90b11a1c3a41b0dafd9eede401094b43b93cc0765,VERIFIED_VALID,26.605,26.306,27.474,29.26,28.66,0,0.2034,1,0.4206,0.2529,0.9073,0.9675,0.0,0.333
2026-08-21T16:00:00+00:00,2026-08-21T22:00:00+00:00,6,1Zb102pg,test,a1ac286b97b15d33df0a93f90b11a1c3a41b0dafd9eede401094b43b93cc0765,VERIFIED_VALID,27.423,27.289,27.505,31.07,30.642,0,0.1401,0,0.4207,0.304,0.9072,0.9527,0.0,0.207
2026-08-21T17:00:00+00:00,2026-08-21T23:00:00+00:00,6,1Zb102pg,test,a1ac286b97b15d33df0a93f90b11a1c3a41b0dafd9eede401094b43b93cc0765,VERIFIED_VALID,28.237,28.538,27.175,33.01,33.073,0,0.1003,0,0.4147,0.3465,0.91,0.938,0.0,0.127
2026-08-21T18:00:00+00:00,2026-08-22T00:00:00+00:00,6,1Zb102pg,test,a1ac286b97b15d33df0a93f90b11a1c3a41b0dafd9eede401094b43b93cc0765,VERIFIED_VALID,29.904,29.477,27.043,36.18,35.049,0,0.0796,0,0.9773,0.3677,0.2121,0.9299,0.0,0.088
2026-08-21T19:00:00+00:00,2026-08-22T01:00:00+00:00,6,1Zb102pg,test,a1ac286b97b15d33df0a93f90b11a1c3a41b0dafd9eede401094b43b93cc0765,VERIFIED_VALID,30.762,31.378,26.257,37.01,38.729,0,0.0486,0,0.8788,0.4024,-0.4772,0.9155,0.0,0.037
2026-08-21T20:00:00+00:00,2026-08-22T02:00:00+00:00,6,1Zb102pg,test,a1ac286b97b15d33df0a93f90b11a1c3a41b0dafd9eede401094b43b93cc0765,VERIFIED_VALID,32.554,32.452,26.562,40.07,40.696,0,0.0428,0,0.8785,0.3997,-0.4778,0.9166,0.0,0.029
2026-08-21T21:00:00+00:00,2026-08-22T03:00:00+00:00,6,1Zb102pg,test,a1ac286b97b15d33df0a93f90b11a1c3a41b0dafd9eede401094b43b93cc0765,VERIFIED_VALID,33.619,32.913,26.605,41.61,41.264,0,0.0392,0,0.8505,0.4007,-0.5259,0.9162,0.0,0.024
2026-08-21T22:00:00+00:00,2026-08-22T04:00:00+00:00,6,1Zb102pg,test,a1ac286b97b15d33df0a93f90b11a1c3a41b0dafd9eede401094b43b93cc0765,VERIFIED_VALID,34.557,32.576,27.423,42.73,40.605,0,0.0693,0,0.5541,0.3634,-0.8325,0.9316,0.0,0.071
2026-08-21T23:00:00+00:00,2026-08-22T05:00:00+00:00,6,1Zb102pg,test,a1ac286b97b15d33df0a93f90b11a1c3a41b0dafd9eede401094b43b93cc0765,VERIFIED_VALID,32.851,31.71,28.237,39.9,39.388,0,0.1002,0,0.6053,0.3271,-0.796,0.945,0.0,0.132
2026-08-22T00:00:00+00:00,2026-08-22T06:00:00+00:00,6,1Zb102pg,test,a1ac286b97b15d33df0a93f90b11a1c3a41b0dafd9eede401094b43b93cc0765,VERIFIED_VALID,28.159,31.121,29.904,33.06,37.489,1,0.1678,0,0.3572,0.6509,-0.934,0.7592,1.978,0.297
2026-08-22T01:00:00+00:00,2026-08-22T07:00:00+00:00,6,1Zb102pg,test,a1ac286b97b15d33df0a93f90b11a1c3a41b0dafd9eede401094b43b93cc0765,VERIFIED_VALID,26.6,29.635,30.762,29.36,34.096,1,0.2484,1,0.1987,0.815,0.9801,0.5795,2.967,0.536
2026-08-22T02:00:00+00:00,2026-08-22T08:00:00+00:00,6,1Zb102pg,test,a1ac286b97b15d33df0a93f90b11a1c3a41b0dafd9eede401094b43b93cc0765,VERIFIED_VALID,26.722,29.39,32.554,29.72,34.448,1,0.3171,1,0.1974,0.7181,0.9803,0.6959,3.187,0.835
2026-08-22T03:00:00+00:00,2026-08-22T09:00:00+00:00,6,1Zb102pg,test,a1ac286b97b15d33df0a93f90b11a1c3a41b0dafd9eede401094b43b93cc0765,VERIFIED_VALID,27.182,28.945,33.619,30.97,33.911,1,0.2909,1,-0.9241,0.6532,0.3822,0.7572,2.638,0.812
2026-08-22T04:00:00+00:00,2026-08-22T10:00:00+00:00,6,1Zb102pg,test,a1ac286b97b15d33df0a93f90b11a1c3a41b0dafd9eede401094b43b93cc0765,VERIFIED_VALID,26.734,27.704,34.557,29.75,31.646,1,0.3525,1,-0.9238,0.227,0.3828,0.9739,0.11,1.094
2026-08-22T05:00:00+00:00,2026-08-22T11:00:00+00:00,6,1Zb102pg,test,a1ac286b97b15d33df0a93f90b11a1c3a41b0dafd9eede401094b43b93cc0765,VERIFIED_VALID,26.647,25.971,32.851,29.58,27.857,0,0.3412,1,-0.9239,0.35,0.3826,0.9367,0.0,0.94
2026-08-22T06:00:00+00:00,2026-08-22T12:00:00+00:00,6,1Zb102pg,test,a1ac286b97b15d33df0a93f90b11a1c3a41b0dafd9eede401094b43b93cc0765,VERIFIED_VALID,26.693,24.349,28.159,29.65,25.391,0,0.7742,1,-0.924,0.4978,0.3824,-0.8673,0.0,0.961
2026-08-22T07:00:00+00:00,2026-08-22T13:00:00+00:00,6,1Zb102pg,test,a1ac286b97b15d33df0a93f90b11a1c3a41b0dafd9eede401094b43b93cc0765,VERIFIED_VALID,26.342,24.437,26.6,28.8,25.419,0,0.7291,1,-0.924,0.032,0.3823,0.9995,0.0,0.749
2026-08-22T08:00:00+00:00,2026-08-22T14:00:00+00:00,6,1Zb102pg,test,a1ac286b97b15d33df0a93f90b11a1c3a41b0dafd9eede401094b43b93cc0765,VERIFIED_VALID,26.635,24.915,26.722,29.52,25.925,0,0.6875,1,-0.9238,0.056,0.383,0.9984,0.0,0.625
2026-08-22T09:00:00+00:00,2026-08-22T15:00:00+00:00,6,1Zb102pg,test,a1ac286b97b15d33df0a93f90b11a1c3a41b0dafd9eede401094b43b93cc0765,VERIFIED_VALID,26.931,25.319,27.182,30.27,26.38,0,0.6795,1,-0.9238,-0.7672,0.3829,0.6414,0.0,0.63
2026-08-22T10:00:00+00:00,2026-08-22T16:00:00+00:00,6,1Zb102pg,test,a1ac286b97b15d33df0a93f90b11a1c3a41b0dafd9eede401094b43b93cc0765,VERIFIED_VALID,27.166,24.966,26.734,30.95,25.976,1,0.6545,1,-0.924,-0.7719,0.3824,0.6357,1.209,0.571
2026-08-22T11:00:00+00:00,2026-08-22T17:00:00+00:00,6,1Zb102pg,test,a1ac286b97b15d33df0a93f90b11a1c3a41b0dafd9eede401094b43b93cc0765,VERIFIED_VALID,27.332,24.849,26.647,31.42,25.869,0,0.2978,1,-0.9238,-0.7784,0.3829,0.6277,0.0,0.49
2026-08-22T12:00:00+00:00,2026-08-22T18:00:00+00:00,6,1Zb102pg,test,a1ac286b97b15d33df0a93f90b11a1c3a41b0dafd9eede401094b43b93cc0765,VERIFIED_VALID,27.46,24.889,26.693,31.75,25.897,1,0.3309,1,-0.9241,-0.7608,0.3823,0.649,1.209,0.586
2026-08-22T13:00:00+00:00,2026-08-22T19:00:00+00:00,6,1Zb102pg,test,a1ac286b97b15d33df0a93f90b11a1c3a41b0dafd9eede401094b43b93cc0765,VERIFIED_VALID,27.456,24.956,26.342,31.83,25.942,1,0.3155,1,-0.9239,-0.7663,0.3825,0.6424,1.978,0.533
2026-08-22T14:00:00+00:00,2026-08-22T20:00:00+00:00,6,1Zb102pg,test,a1ac286b97b15d33df0a93f90b11a1c3a41b0dafd9eede401094b43b93cc0765,VERIFIED_VALID,27.401,25.658,26.635,31.63,26.657,0,0.298,1,-0.9239,-0.7315,0.3827,0.6818,0.0,0.517
2026-08-22T15:00:00+00:00,2026-08-22T21:00:00+00:00,6,1Zb102pg,test,a1ac286b97b15d33df0a93f90b11a1c3a41b0dafd9eede401094b43b93cc0765,VERIFIED_VALID,27.591,26.358,26.931,32.2,28.9,0,0.2541,1,-0.9237,-0.7053,0.383,0.7089,0.0,0.435
2026-08-22T16:00:00+00:00,2026-08-22T22:00:00+00:00,6,1Zb102pg,test,a1ac286b97b15d33df0a93f90b11a1c3a41b0dafd9eede401094b43b93cc0765,VERIFIED_VALID,27.827,27.48,27.166,32.92,31.7,0,0.6195,1,-0.9242,-0.6421,0.3819,0.7666,0.0,0.511
2026-08-22T17:00:00+00:00,2026-08-22T23:00:00+00:00,6,1Zb102pg,test,a1ac286b97b15d33df0a93f90b11a1c3a41b0dafd9eede401094b43b93cc0765,VERIFIED_VALID,28.62,29.27,27.332,34.46,35.771,0,0.1901,0,-0.9243,-0.5687,0.3817,0.8225,0.0,0.284
2026-08-22T18:00:00+00:00,2026-08-23T00:00:00+00:00,6,1Zb102pg,test,a1ac286b97b15d33df0a93f90b11a1c3a41b0dafd9eede401094b43b93cc0765,VERIFIED_VALID,30.276,29.13,27.46,37.7,35.487,0,0.5406,1,-0.9585,-0.5699,0.2852,0.8217,0.0,0.343
2026-08-22T19:00:00+00:00,2026-08-23T01:00:00+00:00,6,1Zb102pg,test,a1ac286b97b15d33df0a93f90b11a1c3a41b0dafd9eede401094b43b93cc0765,VERIFIED_VALID,30.924,29.481,27.456,38.46,36.472,0,0.5465,1,-0.0616,-0.5571,-0.9981,0.8305,0.0,0.345
2026-08-22T20:00:00+00:00,2026-08-23T02:00:00+00:00,6,1Zb102pg,test,a1ac286b97b15d33df0a93f90b11a1c3a41b0dafd9eede401094b43b93cc0765,VERIFIED_VALID,32.031,29.798,27.401,40.03,36.977,0,0.1922,0,0.6283,-0.5268,-0.778,0.85,0.0,0.287
2026-08-22T21:00:00+00:00,2026-08-23T03:00:00+00:00,6,1Zb102pg,test,a1ac286b97b15d33df0a93f90b11a1c3a41b0dafd9eede401094b43b93cc0765,VERIFIED_VALID,32.281,28.53,27.591,40.62,34.179,0,0.2989,1,0.8975,-0.5442,-0.4411,0.839,0.0,0.525
2026-08-22T22:00:00+00:00,2026-08-23T04:00:00+00:00,6,1Zb102pg,test,a1ac286b97b15d33df0a93f90b11a1c3a41b0dafd9eede401094b43b93cc0765,VERIFIED_VALID,32.835,27.386,27.827,40.49,31.765,0,0.3638,1,0.6578,-0.58,-0.7532,0.8146,0.0,0.722
2026-08-22T23:00:00+00:00,2026-08-23T05:00:00+00:00,6,1Zb102pg,test,a1ac286b97b15d33df0a93f90b11a1c3a41b0dafd9eede401094b43b93cc0765,VERIFIED_VALID,26.915,27.062,28.62,30.03,30.826,1,0.4183,1,-0.0811,-0.5981,-0.9967,0.8014,2.308,0.946
2026-08-23T00:00:00+00:00,2026-08-23T06:00:00+00:00,6,1Zb102pg,test,a1ac286b97b15d33df0a93f90b11a1c3a41b0dafd9eede401094b43b93cc0765,VERIFIED_VALID,27.185,27.587,30.276,30.64,31.848,1,0.393,1,-0.4326,-0.6517,0.9016,0.7584,0.44,0.981
2026-08-23T01:00:00+00:00,2026-08-23T07:00:00+00:00,6,1Zb102pg,test,a1ac286b97b15d33df0a93f90b11a1c3a41b0dafd9eede401094b43b93cc0765,VERIFIED_VALID,27.221,27.321,30.924,30.68,31.197,0,0.364,1,-0.432,-0.9963,0.9019,-0.0857,0.0,0.932
2026-08-23T02:00:00+00:00,2026-08-23T08:00:00+00:00,6,1Zb102pg,test,a1ac286b97b15d33df0a93f90b11a1c3a41b0dafd9eede401094b43b93cc0765,VERIFIED_VALID,27.565,27.408,32.031,31.24,31.28,0,0.3622,1,-0.433,0.7927,0.9014,0.6096,0.0,0.957
2026-08-23T03:00:00+00:00,2026-08-23T09:00:00+00:00,6,1Zb102pg,test,a1ac286b97b15d33df0a93f90b11a1c3a41b0dafd9eede401094b43b93cc0765,VERIFIED_VALID,27.824,26.773,32.281,32.0,30.17,0,0.3752,1,-0.4323,0.6402,0.9017,0.7682,0.0,1.009
2026-08-23T04:00:00+00:00,2026-08-23T10:00:00+00:00,6,1Zb102pg,test,a1ac286b97b15d33df0a93f90b11a1c3a41b0dafd9eede401094b43b93cc0765,VERIFIED_VALID,26.991,25.964,32.835,30.15,27.898,0,0.3953,1,-0.4324,0.4004,0.9017,0.9163,0.0,1.125
2026-08-23T05:00:00+00:00,2026-08-23T11:00:00+00:00,6,1Zb102pg,test,a1ac286b97b15d33df0a93f90b11a1c3a41b0dafd9eede401094b43b93cc0765,VERIFIED_VALID,27.142,24.551,26.915,30.46,25.526,0,0.7109,1,-0.4329,-0.4624,0.9015,-0.8867,0.0,0.683
2026-08-23T06:00:00+00:00,2026-08-23T12:00:00+00:00,6,1Zb102pg,test,a1ac286b97b15d33df0a93f90b11a1c3a41b0dafd9eede401094b43b93cc0765,VERIFIED_VALID,26.965,25.256,27.185,30.19,26.235,1,0.6652,1,-0.4327,-0.3627,0.9015,0.9319,4.726,0.623
2026-08-23T07:00:00+00:00,2026-08-23T13:00:00+00:00,6,1Zb102pg,test,a1ac286b97b15d33df0a93f90b11a1c3a41b0dafd9eede401094b43b93cc0765,VERIFIED_VALID,26.734,24.581,27.221,29.74,25.553,1,0.3564,1,-0.4319,-0.3786,0.9019,0.9256,1.099,0.663
2026-08-23T08:00:00+00:00,2026-08-23T14:00:00+00:00,6,1Zb102pg,test,a1ac286b97b15d33df0a93f90b11a1c3a41b0dafd9eede401094b43b93cc0765,VERIFIED_VALID,26.472,25.348,27.565,29.13,26.29,1,0.2724,1,-0.432,-0.3767,0.9019,0.9263,0.22,0.475
2026-08-23T09:00:00+00:00,2026-08-23T15:00:00+00:00,6,1Zb102pg,test,a1ac286b97b15d33df0a93f90b11a1c3a41b0dafd9eede401094b43b93cc0765,VERIFIED_VALID,26.524,25.039,27.824,29.26,26.027,0,0.2995,1,-0.4321,-0.3798,0.9018,0.9251,0.0,0.549
2026-08-23T10:00:00+00:00,2026-08-23T16:00:00+00:00,6,1Zb102pg,test,a1ac286b97b15d33df0a93f90b11a1c3a41b0dafd9eede401094b43b93cc0765,VERIFIED_VALID,26.522,24.41,26.991,29.27,25.375,1,0.3336,1,-0.4323,-0.3819,0.9017,0.9242,0.11,0.587
2026-08-23T11:00:00+00:00,2026-08-23T17:00:00+00:00,6,1Zb102pg,test,a1ac286b97b15d33df0a93f90b11a1c3a41b0dafd9eede401094b43b93cc0765,VERIFIED_VALID,26.334,24.815,27.142,28.82,25.774,1,0.3344,1,-0.4326,-0.3663,0.9016,0.9305,0.22,0.626
2026-08-23T12:00:00+00:00,2026-08-23T18:00:00+00:00,6,1Zb102pg,test,a1ac286b97b15d33df0a93f90b11a1c3a41b0dafd9eede401094b43b93cc0765,VERIFIED_VALID,26.56,25.456,26.965,29.37,26.443,0,0.6813,1,-0.4322,-0.3482,0.9018,0.9374,0.0,0.636
2026-08-23T13:00:00+00:00,2026-08-23T19:00:00+00:00,6,1Zb102pg,test,a1ac286b97b15d33df0a93f90b11a1c3a41b0dafd9eede401094b43b93cc0765,VERIFIED_VALID,26.746,25.599,26.734,29.83,26.601,1,0.665,1,-0.4322,-0.3209,0.9018,0.9471,0.11,0.609
2026-08-23T14:00:00+00:00,2026-08-23T20:00:00+00:00,6,1Zb102pg,test,a1ac286b97b15d33df0a93f90b11a1c3a41b0dafd9eede401094b43b93cc0765,VERIFIED_VALID,26.705,25.917,26.472,29.73,27.822,0,0.6488,1,-0.4326,-0.2867,0.9016,0.958,0.0,0.562
2026-08-23T15:00:00+00:00,2026-08-23T21:00:00+00:00,6,1Zb102pg,test,a1ac286b97b15d33df0a93f90b11a1c3a41b0dafd9eede401094b43b93cc0765,VERIFIED_VALID,27.027,26.644,26.524,30.57,29.509,0,0.2436,1,-0.4321,-0.256,0.9018,0.9667,0.0,0.384
2026-08-23T16:00:00+00:00,2026-08-23T22:00:00+00:00,6,1Zb102pg,test,a1ac286b97b15d33df0a93f90b11a1c3a41b0dafd9eede401094b43b93cc0765,VERIFIED_VALID,27.44,28.422,26.522,31.71,33.546,0,0.5666,1,-0.4319,-0.176,0.9019,0.9844,0.0,0.371
2026-08-23T17:00:00+00:00,2026-08-23T23:00:00+00:00,6,1Zb102pg,test,a1ac286b97b15d33df0a93f90b11a1c3a41b0dafd9eede401094b43b93cc0765,VERIFIED_VALID,28.233,27.833,26.334,33.74,32.205,0,0.5588,1,-0.432,-0.1905,0.9019,0.9817,0.0,0.362
2026-08-23T18:00:00+00:00,2026-08-24T00:00:00+00:00,6,1Zb102pg,test,a1ac286b97b15d33df0a93f90b11a1c3a41b0dafd9eede401094b43b93cc0765,VERIFIED_VALID,29.337,28.29,26.56,36.37,33.244,0,0.1876,0,-0.4842,-0.1841,0.8749,0.9829,0.0,0.27
2026-08-23T19:00:00+00:00,2026-08-24T01:00:00+00:00,6,1Zb102pg,test,a1ac286b97b15d33df0a93f90b11a1c3a41b0dafd9eede401094b43b93cc0765,VERIFIED_VALID,30.237,29.615,26.746,37.69,36.131,0,0.4934,1,0.381,-0.1407,-0.9246,0.9901,0.0,0.24
2026-08-23T20:00:00+00:00,2026-08-24T02:00:00+00:00,6,1Zb102pg,test,a1ac286b97b15d33df0a93f90b11a1c3a41b0dafd9eede401094b43b93cc0765,VERIFIED_VALID,31.32,29.586,26.705,39.26,36.047,0,0.1842,0,-0.7989,-0.1376,-0.6014,0.9905,0.0,0.261
2026-08-23T21:00:00+00:00,2026-08-24T03:00:00+00:00,6,1Zb102pg,test,a1ac286b97b15d33df0a93f90b11a1c3a41b0dafd9eede401094b43b93cc0765,VERIFIED_VALID,32.217,29.709,27.027,41.06,36.465,1,0.2211,1,0.304,-0.1388,-0.9527,0.9903,0.11,0.331
2026-08-23T22:00:00+00:00,2026-08-24T04:00:00+00:00,6,1Zb102pg,test,a1ac286b97b15d33df0a93f90b11a1c3a41b0dafd9eede401094b43b93cc0765,VERIFIED_VALID,29.898,28.4,27.44,35.91,33.732,0,0.3132,1,-0.0357,-0.1817,-0.9994,0.9834,0.0,0.554
2026-08-23T23:00:00+00:00,2026-08-24T05:00:00+00:00,6,1Zb102pg,test,a1ac286b97b15d33df0a93f90b11a1c3a41b0dafd9eede401094b43b93cc0765,VERIFIED_VALID,29.165,27.36,28.233,35.48,31.491,1,0.3938,1,-0.0361,-0.2236,-0.9993,0.9747,0.33,0.832
2026-08-24T00:00:00+00:00,2026-08-24T06:00:00+00:00,6,1Zb102pg,test,a1ac286b97b15d33df0a93f90b11a1c3a41b0dafd9eede401094b43b93cc0765,VERIFIED_VALID,27.026,27.017,29.337,30.35,31.09,1,0.4658,1,0.5393,-0.3046,0.8421,0.9525,6.704,1.157
2026-08-24T01:00:00+00:00,2026-08-24T07:00:00+00:00,6,1Zb102pg,test,a1ac286b97b15d33df0a93f90b11a1c3a41b0dafd9eede401094b43b93cc0765,VERIFIED_VALID,26.881,27.489,30.237,30.02,31.799,1,0.3851,1,0.0305,0.9923,-0.9995,-0.1238,1.868,0.937
2026-08-24T02:00:00+00:00,2026-08-24T08:00:00+00:00,6,1Zb102pg,test,a1ac286b97b15d33df0a93f90b11a1c3a41b0dafd9eede401094b43b93cc0765,VERIFIED_VALID,26.816,26.979,31.32,29.98,30.568,1,0.3692,1,0.0299,-0.9197,-0.9996,0.3927,1.319,0.992
2026-08-24T03:00:00+00:00,2026-08-24T09:00:00+00:00,6,1Zb102pg,test,a1ac286b97b15d33df0a93f90b11a1c3a41b0dafd9eede401094b43b93cc0765,VERIFIED_VALID,26.965,26.88,32.217,30.29,30.598,0,0.7285,1,0.0296,-0.1781,-0.9996,0.984,0.0,1.131
2026-08-24T04:00:00+00:00,2026-08-24T10:00:00+00:00,6,1Zb102pg,test,a1ac286b97b15d33df0a93f90b11a1c3a41b0dafd9eede401094b43b93cc0765,VERIFIED_VALID,26.426,25.667,29.898,28.98,26.64,0,0.4034,1,0.0795,-0.927,-0.9968,-0.3751,0.0,0.961
2026-08-24T05:00:00+00:00,2026-08-24T11:00:00+00:00,6,1Zb102pg,test,a1ac286b97b15d33df0a93f90b11a1c3a41b0dafd9eede401094b43b93cc0765,VERIFIED_VALID,26.266,24.82,29.165,28.56,25.897,1,0.7639,1,-0.0039,-0.9311,-1.0,-0.3649,0.11,1.039
2026-08-24T06:00:00+00:00,2026-08-24T12:00:00+00:00,6,1Zb102pg,test,a1ac286b97b15d33df0a93f90b11a1c3a41b0dafd9eede401094b43b93cc0765,VERIFIED_VALID,26.409,24.795,27.026,28.9,25.79,1,0.7864,1,-0.0038,0.2616,-1.0,0.9652,0.11,0.91
2026-08-24T07:00:00+00:00,2026-08-24T13:00:00+00:00,6,1Zb102pg,test,a1ac286b97b15d33df0a93f90b11a1c3a41b0dafd9eede401094b43b93cc0765,VERIFIED_VALID,26.529,25.103,26.881,29.21,26.095,0,0.7181,1,-0.0037,-0.1525,-1.0,-0.9883,0.0,0.715
2026-08-24T08:00:00+00:00,2026-08-24T14:00:00+00:00,6,1Zb102pg,test,a1ac286b97b15d33df0a93f90b11a1c3a41b0dafd9eede401094b43b93cc0765,VERIFIED_VALID,26.667,24.779,26.816,29.47,25.8,1,0.7449,1,-0.0037,-0.1979,-1.0,-0.9802,0.11,0.77
2026-08-24T09:00:00+00:00,2026-08-24T15:00:00+00:00,6,1Zb102pg,test,a1ac286b97b15d33df0a93f90b11a1c3a41b0dafd9eede401094b43b93cc0765,VERIFIED_VALID,26.677,24.967,26.965,29.57,25.983,0,0.3136,1,-0.0038,-0.1513,-1.0,-0.9885,0.0,0.513
2026-08-24T10:00:00+00:00,2026-08-24T16:00:00+00:00,6,1Zb102pg,test,a1ac286b97b15d33df0a93f90b11a1c3a41b0dafd9eede401094b43b93cc0765,VERIFIED_VALID,26.6,24.755,26.426,29.37,25.741,1,0.2834,1,-0.0027,-0.0073,-1.0,-1.0,0.22,0.451
2026-08-24T11:00:00+00:00,2026-08-24T17:00:00+00:00,6,1Zb102pg,test,a1ac286b97b15d33df0a93f90b11a1c3a41b0dafd9eede401094b43b93cc0765,VERIFIED_VALID,26.648,24.983,26.266,29.48,25.937,0,0.6311,1,-0.0033,-0.0948,-1.0,-0.9955,0.0,0.503
2026-08-24T12:00:00+00:00,2026-08-24T18:00:00+00:00,6,1Zb102pg,test,a1ac286b97b15d33df0a93f90b11a1c3a41b0dafd9eede401094b43b93cc0765,VERIFIED_VALID,26.502,24.854,26.409,29.17,25.819,0,0.6549,1,-0.0035,-0.1422,-1.0,-0.9898,0.0,0.563
2026-08-24T13:00:00+00:00,2026-08-24T19:00:00+00:00,6,1Zb102pg,test,a1ac286b97b15d33df0a93f90b11a1c3a41b0dafd9eede401094b43b93cc0765,VERIFIED_VALID,26.705,25.22,26.529,29.68,26.198,0,0.3042,1,-0.0033,-0.0958,-1.0,-0.9954,0.0,0.51
2026-08-24T14:00:00+00:00,2026-08-24T20:00:00+00:00,6,1Zb102pg,test,a1ac286b97b15d33df0a93f90b11a1c3a41b0dafd9eede401094b43b93cc0765,VERIFIED_VALID,26.75,25.632,26.667,29.81,26.591,0,0.6403,1,-0.0037,-0.0512,-1.0,-0.9987,0.0,0.554
2026-08-24T15:00:00+00:00,2026-08-24T21:00:00+00:00,6,1Zb102pg,test,a1ac286b97b15d33df0a93f90b11a1c3a41b0dafd9eede401094b43b93cc0765,VERIFIED_VALID,26.745,26.608,26.677,29.81,29.39,0,0.2631,1,-0.0036,0.1132,-1.0,-0.9936,0.0,0.418
2026-08-24T16:00:00+00:00,2026-08-24T22:00:00+00:00,6,1Zb102pg,test,a1ac286b97b15d33df0a93f90b11a1c3a41b0dafd9eede401094b43b93cc0765,VERIFIED_VALID,27.179,27.47,26.6,30.85,31.286,0,0.5626,1,-0.0036,0.2546,-1.0,-0.967,0.0,0.366
2026-08-24T17:00:00+00:00,2026-08-24T23:00:00+00:00,6,1Zb102pg,test,a1ac286b97b15d33df0a93f90b11a1c3a41b0dafd9eede401094b43b93cc0765,VERIFIED_VALID,27.958,28.483,26.648,32.52,33.468,0,0.1847,0,0.0327,0.4033,-0.9995,-0.9151,0.0,0.256
2026-08-24T18:00:00+00:00,2026-08-25T00:00:00+00:00,6,1Zb102pg,test,a1ac286b97b15d33df0a93f90b11a1c3a41b0dafd9eede401094b43b93cc0765,VERIFIED_VALID,28.953,28.736,26.502,34.0,34.065,0,0.181,0,0.9299,0.4955,-0.3678,-0.8686,0.0,0.246
2026-08-24T19:00:00+00:00,2026-08-25T01:00:00+00:00,6,1Zb102pg,test,a1ac286b97b15d33df0a93f90b11a1c3a41b0dafd9eede401094b43b93cc0765,VERIFIED_VALID,29.537,29.84,26.705,35.38,36.509,0,0.1382,0,0.9022,0.6227,-0.4313,-0.7825,0.0,0.171
2026-08-24T20:00:00+00:00,2026-08-25T02:00:00+00:00,6,1Zb102pg,test,a1ac286b97b15d33df0a93f90b11a1c3a41b0dafd9eede401094b43b93cc0765,VERIFIED_VALID,28.881,29.857,26.75,33.79,36.614,0,0.1661,0,0.6956,0.6966,-0.7184,-0.7175,0.0,0.216
2026-08-24T21:00:00+00:00,2026-08-25T03:00:00+00:00,6,1Zb102pg,test,a1ac286b97b15d33df0a93f90b11a1c3a41b0dafd9eede401094b43b93cc0765,VERIFIED_VALID,30.181,29.435,26.745,36.11,35.729,0,0.1789,0,0.5463,0.6377,-0.8376,-0.7703,0.0,0.243
2026-08-24T22:00:00+00:00,2026-08-25T04:00:00+00:00,6,1Zb102pg,test,a1ac286b97b15d33df0a93f90b11a1c3a41b0dafd9eede401094b43b93cc0765,VERIFIED_VALID,30.741,28.2,27.179,37.06,32.999,0,0.3061,1,0.2974,0.5693,-0.9548,-0.8221,0.0,0.514
2026-08-24T23:00:00+00:00,2026-08-25T05:00:00+00:00,6,1Zb102pg,test,a1ac286b97b15d33df0a93f90b11a1c3a41b0dafd9eede401094b43b93cc0765,VERIFIED_VALID,29.915,27.489,27.958,35.65,31.265,0,0.3447,1,0.2104,0.4173,-0.9776,-0.9088,0.0,0.664
2026-08-25T00:00:00+00:00,2026-08-25T06:00:00+00:00,6,1Zb102pg,test,a1ac286b97b15d33df0a93f90b11a1c3a41b0dafd9eede401094b43b93cc0765,VERIFIED_VALID,29.466,27.256,28.953,34.81,30.524,1,0.3943,1,0.1386,0.8787,-0.9903,0.4774,0.11,0.875
2026-08-25T01:00:00+00:00,2026-08-25T07:00:00+00:00,6,1Zb102pg,test,a1ac286b97b15d33df0a93f90b11a1c3a41b0dafd9eede401094b43b93cc0765,VERIFIED_VALID,30.032,27.216,29.537,36.61,30.663,0,0.3797,1,0.1381,0.8975,-0.9904,0.441,0.0,0.875
2026-08-25T02:00:00+00:00,2026-08-25T08:00:00+00:00,6,1Zb102pg,test,a1ac286b97b15d33df0a93f90b11a1c3a41b0dafd9eede401094b43b93cc0765,VERIFIED_VALID,29.762,25.938,28.881,35.77,27.8,0,0.4296,1,0.1389,0.9881,-0.9903,0.1537,0.0,1.007
2026-08-25T03:00:00+00:00,2026-08-25T09:00:00+00:00,6,1Zb102pg,test,a1ac286b97b15d33df0a93f90b11a1c3a41b0dafd9eede401094b43b93cc0765,VERIFIED_VALID,29.176,26.203,30.181,34.95,28.389,0,0.4365,1,0.1384,0.921,-0.9904,0.3897,0.0,1.124
2026-08-25T04:00:00+00:00,2026-08-25T10:00:00+00:00,6,1Zb102pg,test,a1ac286b97b15d33df0a93f90b11a1c3a41b0dafd9eede401094b43b93cc0765,VERIFIED_VALID,28.278,26.216,30.741,33.47,28.429,0,0.3784,1,0.1382,0.9513,-0.9904,0.3082,0.0,0.954
2026-08-25T05:00:00+00:00,2026-08-25T11:00:00+00:00,6,1Zb102pg,test,a1ac286b97b15d33df0a93f90b11a1c3a41b0dafd9eede401094b43b93cc0765,VERIFIED_VALID,27.986,25.506,29.915,32.89,26.45,0,0.364,1,0.1385,-0.5462,-0.9904,-0.8376,0.0,0.837
2026-08-25T06:00:00+00:00,2026-08-25T12:00:00+00:00,6,1Zb102pg,test,a1ac286b97b15d33df0a93f90b11a1c3a41b0dafd9eede401094b43b93cc0765,VERIFIED_VALID,27.942,24.755,29.466,32.64,25.692,0,0.7725,1,0.1385,-0.9449,-0.9904,-0.3273,0.0,1.067
2026-08-25T07:00:00+00:00,2026-08-25T13:00:00+00:00,6,1Zb102pg,test,a1ac286b97b15d33df0a93f90b11a1c3a41b0dafd9eede401094b43b93cc0765,VERIFIED_VALID,27.853,25.081,30.032,32.46,26.101,0,0.4299,1,0.1385,-0.9901,-0.9904,-0.1401,0.0,1.031
2026-08-25T08:00:00+00:00,2026-08-25T14:00:00+00:00,6,1Zb102pg,test,a1ac286b97b15d33df0a93f90b11a1c3a41b0dafd9eede401094b43b93cc0765,VERIFIED_VALID,27.551,24.71,29.762,31.84,25.694,0,0.4536,1,0.1384,-0.9979,-0.9904,-0.0647,0.0,1.076
2026-08-25T09:00:00+00:00,2026-08-25T15:00:00+00:00,6,1Zb102pg,test,a1ac286b97b15d33df0a93f90b11a1c3a41b0dafd9eede401094b43b93cc0765,VERIFIED_VALID,27.307,24.621,29.176,31.08,25.639,0,0.4304,1,0.1384,-0.8265,-0.9904,-0.563,0.0,0.947
2026-08-25T10:00:00+00:00,2026-08-25T16:00:00+00:00,6,1Zb102pg,test,a1ac286b97b15d33df0a93f90b11a1c3a41b0dafd9eede401094b43b93cc0765,VERIFIED_VALID,26.982,24.885,28.278,30.4,25.955,0,0.3908,1,0.1387,-0.2967,-0.9903,-0.955,0.0,0.754
2026-08-25T11:00:00+00:00,2026-08-25T17:00:00+00:00,6,1Zb102pg,test,a1ac286b97b15d33df0a93f90b11a1c3a41b0dafd9eede401094b43b93cc0765,VERIFIED_VALID,27.087,25.222,27.986,30.7,26.302,0,0.3572,1,0.1389,-0.1117,-0.9903,-0.9937,0.0,0.664
2026-08-25T12:00:00+00:00,2026-08-25T18:00:00+00:00,6,1Zb102pg,test,a1ac286b97b15d33df0a93f90b11a1c3a41b0dafd9eede401094b43b93cc0765,VERIFIED_VALID,26.763,25.458,27.942,29.86,26.512,0,0.3451,1,0.139,-0.0471,-0.9903,-0.9989,0.0,0.647
2026-08-25T13:00:00+00:00,2026-08-25T19:00:00+00:00,6,1Zb102pg,test,a1ac286b97b15d33df0a93f90b11a1c3a41b0dafd9eede401094b43b93cc0765,VERIFIED_VALID,27.223,25.655,27.853,31.01,27.228,0,0.3205,1,0.1385,0.0145,-0.9904,-0.9999,0.0,0.593
2026-08-25T14:00:00+00:00,2026-08-25T20:00:00+00:00,6,1Zb102pg,test,a1ac286b97b15d33df0a93f90b11a1c3a41b0dafd9eede401094b43b93cc0765,VERIFIED_VALID,27.156,25.838,27.551,30.96,27.705,1,0.3046,1,0.1395,0.1009,-0.9902,-0.9949,2.747,0.548
2026-08-25T15:00:00+00:00,2026-08-25T21:00:00+00:00,6,1Zb102pg,test,a1ac286b97b15d33df0a93f90b11a1c3a41b0dafd9eede401094b43b93cc0765,VERIFIED_VALID,27.142,26.602,27.307,30.94,29.432,1,0.2532,1,0.1388,0.2963,-0.9903,-0.9551,0.22,0.428
2026-08-25T16:00:00+00:00,2026-08-25T22:00:00+00:00,6,1Zb102pg,test,a1ac286b97b15d33df0a93f90b11a1c3a41b0dafd9eede401094b43b93cc0765,VERIFIED_VALID,27.433,27.64,26.982,31.72,31.81,0,0.1925,0,0.1387,0.4856,-0.9903,-0.8742,0.0,0.287
2026-08-25T17:00:00+00:00,2026-08-25T23:00:00+00:00,6,1Zb102pg,test,a1ac286b97b15d33df0a93f90b11a1c3a41b0dafd9eede401094b43b93cc0765,VERIFIED_VALID,28.683,28.451,27.087,34.41,33.705,0,0.148,0,0.1392,0.5562,-0.9903,-0.831,0.0,0.204
2026-08-25T18:00:00+00:00,2026-08-26T00:00:00+00:00,6,1Zb102pg,test,a1ac286b97b15d33df0a93f90b11a1c3a41b0dafd9eede401094b43b93cc0765,VERIFIED_VALID,31.156,29.186,26.763,39.23,35.188,0,0.1213,0,0.1374,0.6426,-0.9905,-0.7662,0.0,0.15
2026-08-25T19:00:00+00:00,2026-08-26T01:00:00+00:00,6,1Zb102pg,test,a1ac286b97b15d33df0a93f90b11a1c3a41b0dafd9eede401094b43b93cc0765,VERIFIED_VALID,32.385,30.768,27.223,40.41,38.592,0,0.0954,0,0.1374,0.8136,-0.9905,-0.5815,0.0,0.108
2026-08-25T20:00:00+00:00,2026-08-26T02:00:00+00:00,6,1Zb102pg,test,a1ac286b97b15d33df0a93f90b11a1c3a41b0dafd9eede401094b43b93cc0765,VERIFIED_VALID,33.043,30.518,27.156,42.48,38.539,0,0.5088,1,0.1374,0.8453,-0.9905,-0.5343,0.0,0.245
2026-08-16T21:00:00+00:00,2026-08-17T03:00:00+00:00,6,3nzr48bG,test,a1ac286b97b15d33df0a93f90b11a1c3a41b0dafd9eede401094b43b93cc0765,VERIFIED_VALID,26.001,27.982,24.885,28.37,34.185,1,0.8125,1,0.2059,-0.8366,0.9786,0.5478,10.001,0.633
2026-08-16T22:00:00+00:00,2026-08-17T04:00:00+00:00,6,3nzr48bG,test,a1ac286b97b15d33df0a93f90b11a1c3a41b0dafd9eede401094b43b93cc0765,VERIFIED_VALID,25.563,26.933,24.589,27.02,31.426,1,0.8567,1,0.8522,-0.4538,0.5231,0.8911,3.187,0.775
2026-08-16T23:00:00+00:00,2026-08-17T05:00:00+00:00,6,3nzr48bG,test,a1ac286b97b15d33df0a93f90b11a1c3a41b0dafd9eede401094b43b93cc0765,VERIFIED_VALID,26.36,26.967,25.086,29.4,31.719,1,0.8743,1,0.6983,-0.4053,-0.7158,0.9142,2.747,0.856
2026-08-17T00:00:00+00:00,2026-08-17T06:00:00+00:00,6,3nzr48bG,test,a1ac286b97b15d33df0a93f90b11a1c3a41b0dafd9eede401094b43b93cc0765,VERIFIED_VALID,25.306,27.154,25.801,26.27,32.469,1,0.9039,1,0.9967,-0.4295,-0.0814,0.903,1.209,1.031
2026-08-17T01:00:00+00:00,2026-08-17T07:00:00+00:00,6,3nzr48bG,test,a1ac286b97b15d33df0a93f90b11a1c3a41b0dafd9eede401094b43b93cc0765,VERIFIED_VALID,25.577,27.573,25.689,27.06,33.486,1,0.8993,1,0.9582,0.0168,-0.286,0.9999,5.935,0.989
2026-08-17T02:00:00+00:00,2026-08-17T08:00:00+00:00,6,3nzr48bG,test,a1ac286b97b15d33df0a93f90b11a1c3a41b0dafd9eede401094b43b93cc0765,VERIFIED_VALID,25.175,28.897,25.611,25.88,36.952,1,0.8626,1,0.9974,-0.4012,-0.0716,0.916,21.76,0.788
2026-08-17T03:00:00+00:00,2026-08-17T09:00:00+00:00,6,3nzr48bG,test,a1ac286b97b15d33df0a93f90b11a1c3a41b0dafd9eede401094b43b93cc0765,VERIFIED_VALID,25.237,29.527,26.001,26.06,38.852,1,0.8313,1,0.9284,0.2023,-0.3715,0.9793,4.836,0.701
2026-08-17T04:00:00+00:00,2026-08-17T10:00:00+00:00,6,3nzr48bG,test,a1ac286b97b15d33df0a93f90b11a1c3a41b0dafd9eede401094b43b93cc0765,VERIFIED_VALID,25.438,28.225,25.563,26.65,35.045,1,0.8409,1,0.8979,0.5773,-0.4402,0.8165,0.22,0.752
2026-08-17T05:00:00+00:00,2026-08-17T11:00:00+00:00,6,3nzr48bG,test,a1ac286b97b15d33df0a93f90b11a1c3a41b0dafd9eede401094b43b93cc0765,VERIFIED_VALID,25.71,27.553,26.36,27.44,33.505,1,0.8296,1,0.8756,0.9997,-0.483,0.0256,0.22,0.784
2026-08-17T06:00:00+00:00,2026-08-17T12:00:00+00:00,6,3nzr48bG,test,a1ac286b97b15d33df0a93f90b11a1c3a41b0dafd9eede401094b43b93cc0765,VERIFIED_VALID,25.536,25.825,25.306,26.94,27.788,0,0.7726,1,0.261,0.9062,-0.9653,0.4229,0.0,0.653
2026-08-17T07:00:00+00:00,2026-08-17T13:00:00+00:00,6,3nzr48bG,test,a1ac286b97b15d33df0a93f90b11a1c3a41b0dafd9eede401094b43b93cc0765,VERIFIED_VALID,25.843,26.421,25.577,27.86,29.567,1,0.7725,1,-0.1154,0.9548,-0.9933,0.2973,0.11,0.638
2026-08-17T08:00:00+00:00,2026-08-17T14:00:00+00:00,6,3nzr48bG,test,a1ac286b97b15d33df0a93f90b11a1c3a41b0dafd9eede401094b43b93cc0765,VERIFIED_VALID,26.01,26.12,25.175,28.37,28.656,0,0.8355,1,-0.0604,0.8638,-0.9982,0.5038,0.0,0.744
2026-08-17T09:00:00+00:00,2026-08-17T15:00:00+00:00,6,3nzr48bG,test,a1ac286b97b15d33df0a93f90b11a1c3a41b0dafd9eede401094b43b93cc0765,VERIFIED_VALID,25.896,26.883,25.237,27.97,31.561,0,0.7169,1,0.9815,0.9836,0.1912,0.1803,0.0,0.485
2026-08-17T10:00:00+00:00,2026-08-17T16:00:00+00:00,6,3nzr48bG,test,a1ac286b97b15d33df0a93f90b11a1c3a41b0dafd9eede401094b43b93cc0765,VERIFIED_VALID,25.46,27.354,25.438,26.71,32.686,1,0.7328,1,0.5563,0.9856,-0.831,0.1692,3.956,0.521
2026-08-17T11:00:00+00:00,2026-08-17T17:00:00+00:00,6,3nzr48bG,test,a1ac286b97b15d33df0a93f90b11a1c3a41b0dafd9eede401094b43b93cc0765,VERIFIED_VALID,25.763,26.85,25.71,27.61,31.405,1,0.7307,1,0.6332,0.9961,-0.774,0.0884,0.879,0.536
2026-08-17T12:00:00+00:00,2026-08-17T18:00:00+00:00,6,3nzr48bG,test,a1ac286b97b15d33df0a93f90b11a1c3a41b0dafd9eede401094b43b93cc0765,VERIFIED_VALID,25.152,26.226,25.536,25.81,28.955,1,0.1738,0,0.999,0.4666,0.0448,-0.8845,14.177,0.181
2026-08-17T13:00:00+00:00,2026-08-17T19:00:00+00:00,6,3nzr48bG,test,a1ac286b97b15d33df0a93f90b11a1c3a41b0dafd9eede401094b43b93cc0765,VERIFIED_VALID,25.127,26.656,25.843,25.74,30.296,1,0.5144,1,0.1659,-0.0255,-0.9862,-0.9997,6.264,0.212
2026-08-17T14:00:00+00:00,2026-08-17T20:00:00+00:00,6,3nzr48bG,test,a1ac286b97b15d33df0a93f90b11a1c3a41b0dafd9eede401094b43b93cc0765,VERIFIED_VALID,25.173,27.742,26.01,25.88,33.987,1,0.1084,0,0.5932,0.124,-0.8051,-0.9923,0.659,0.101
2026-08-17T15:00:00+00:00,2026-08-17T21:00:00+00:00,6,3nzr48bG,test,a1ac286b97b15d33df0a93f90b11a1c3a41b0dafd9eede401094b43b93cc0765,VERIFIED_VALID,25.2,27.459,25.896,25.96,32.858,1,0.1464,0,0.3351,0.887,-0.9422,0.4618,1.209,0.154
2026-08-17T16:00:00+00:00,2026-08-17T22:00:00+00:00,6,3nzr48bG,test,a1ac286b97b15d33df0a93f90b11a1c3a41b0dafd9eede401094b43b93cc0765,VERIFIED_VALID,25.23,27.414,25.46,26.06,32.761,1,0.4777,1,0.4639,0.85,-0.8859,-0.5267,0.22,0.155
2026-08-17T17:00:00+00:00,2026-08-17T23:00:00+00:00,6,3nzr48bG,test,a1ac286b97b15d33df0a93f90b11a1c3a41b0dafd9eede401094b43b93cc0765,VERIFIED_VALID,25.672,27.927,25.763,27.33,34.292,0,0.4533,1,0.5181,0.8976,-0.8553,-0.4409,0.0,0.124
2026-08-17T18:00:00+00:00,2026-08-18T00:00:00+00:00,6,3nzr48bG,test,a1ac286b97b15d33df0a93f90b11a1c3a41b0dafd9eede401094b43b93cc0765,VERIFIED_VALID,26.878,27.805,25.152,31.02,33.855,0,0.4657,1,0.455,0.9277,-0.8905,0.3733,0.0,0.133
2026-08-17T19:00:00+00:00,2026-08-18T01:00:00+00:00,6,3nzr48bG,test,a1ac286b97b15d33df0a93f90b11a1c3a41b0dafd9eede401094b43b93cc0765,VERIFIED_VALID,27.698,29.309,25.127,33.35,37.498,0,0.4034,1,0.734,0.6952,-0.6791,-0.7188,0.0,0.063
2026-08-17T20:00:00+00:00,2026-08-18T02:00:00+00:00,6,3nzr48bG,test,a1ac286b97b15d33df0a93f90b11a1c3a41b0dafd9eede401094b43b93cc0765,VERIFIED_VALID,29.023,30.203,25.173,36.14,39.72,0,0.4171,1,0.9935,0.994,0.1138,-0.1091,0.0,0.076
2026-08-17T21:00:00+00:00,2026-08-18T03:00:00+00:00,6,3nzr48bG,test,a1ac286b97b15d33df0a93f90b11a1c3a41b0dafd9eede401094b43b93cc0765,VERIFIED_VALID,29.491,29.496,25.2,37.38,37.949,0,0.4381,1,0.4048,0.8875,-0.9144,-0.4608,0.0,0.1
2026-08-17T22:00:00+00:00,2026-08-18T04:00:00+00:00,6,3nzr48bG,test,a1ac286b97b15d33df0a93f90b11a1c3a41b0dafd9eede401094b43b93cc0765,VERIFIED_VALID,28.901,28.725,25.23,35.89,35.873,0,0.4936,1,0.9938,0.9227,0.1115,-0.3854,0.0,0.168
2026-08-17T23:00:00+00:00,2026-08-18T05:00:00+00:00,6,3nzr48bG,test,a1ac286b97b15d33df0a93f90b11a1c3a41b0dafd9eede401094b43b93cc0765,VERIFIED_VALID,27.93,29.126,25.672,33.65,37.108,0,0.1231,0,0.9643,0.9238,-0.2648,-0.3828,0.0,0.112
2026-08-18T00:00:00+00:00,2026-08-18T06:00:00+00:00,6,3nzr48bG,test,a1ac286b97b15d33df0a93f90b11a1c3a41b0dafd9eede401094b43b93cc0765,VERIFIED_VALID,27.648,29.717,26.878,33.25,39.318,0,0.098,0,0.548,0.8354,-0.8365,-0.5496,0.0,0.09
2026-08-18T01:00:00+00:00,2026-08-18T07:00:00+00:00,6,3nzr48bG,test,a1ac286b97b15d33df0a93f90b11a1c3a41b0dafd9eede401094b43b93cc0765,VERIFIED_VALID,26.487,29.123,27.698,29.74,37.535,1,0.1177,0,0.7126,0.943,-0.7016,-0.3327,0.33,0.122
2026-08-18T02:00:00+00:00,2026-08-18T08:00:00+00:00,6,3nzr48bG,test,a1ac286b97b15d33df0a93f90b11a1c3a41b0dafd9eede401094b43b93cc0765,VERIFIED_VALID,26.703,28.568,29.023,30.42,35.118,0,0.1971,0,0.2518,0.8905,-0.9678,0.455,0.0,0.276
2026-08-18T03:00:00+00:00,2026-08-18T09:00:00+00:00,6,3nzr48bG,test,a1ac286b97b15d33df0a93f90b11a1c3a41b0dafd9eede401094b43b93cc0765,VERIFIED_VALID,26.706,28.268,29.491,30.41,34.493,1,0.2129,1,0.9729,0.7029,-0.2312,-0.7113,0.22,0.356
2026-08-18T04:00:00+00:00,2026-08-18T10:00:00+00:00,6,3nzr48bG,test,a1ac286b97b15d33df0a93f90b11a1c3a41b0dafd9eede401094b43b93cc0765,VERIFIED_VALID,26.655,27.021,28.901,30.19,31.758,1,0.3172,1,0.9198,0.808,-0.3924,0.5892,0.11,0.577
2026-08-18T05:00:00+00:00,2026-08-18T11:00:00+00:00,6,3nzr48bG,test,a1ac286b97b15d33df0a93f90b11a1c3a41b0dafd9eede401094b43b93cc0765,VERIFIED_VALID,26.913,26.63,27.93,30.99,30.162,0,0.2814,1,0.9535,0.9832,-0.3015,0.1824,0.0,0.452
2026-08-18T06:00:00+00:00,2026-08-18T12:00:00+00:00,6,3nzr48bG,test,a1ac286b97b15d33df0a93f90b11a1c3a41b0dafd9eede401094b43b93cc0765,VERIFIED_VALID,26.112,25.872,27.648,28.62,28.002,1,0.3201,1,0.911,0.7968,0.4125,-0.6043,0.549,0.548
2026-08-18T07:00:00+00:00,2026-08-18T13:00:00+00:00,6,3nzr48bG,test,a1ac286b97b15d33df0a93f90b11a1c3a41b0dafd9eede401094b43b93cc0765,VERIFIED_VALID,25.728,25.825,26.487,27.51,27.814,1,0.5239,1,0.9306,0.878,0.3659,-0.4786,9.451,0.261
2026-08-18T08:00:00+00:00,2026-08-18T14:00:00+00:00,6,3nzr48bG,test,a1ac286b97b15d33df0a93f90b11a1c3a41b0dafd9eede401094b43b93cc0765,VERIFIED_VALID,25.315,26.044,26.703,26.28,28.502,1,0.2373,1,0.9223,0.3645,-0.3864,-0.9312,5.715,0.313
2026-08-18T09:00:00+00:00,2026-08-18T15:00:00+00:00,6,3nzr48bG,test,a1ac286b97b15d33df0a93f90b11a1c3a41b0dafd9eede401094b43b93cc0765,VERIFIED_VALID,25.193,25.415,26.706,25.93,26.623,1,0.6051,1,0.813,0.9932,-0.5823,0.116,9.122,0.372
2026-08-18T10:00:00+00:00,2026-08-18T16:00:00+00:00,6,3nzr48bG,test,a1ac286b97b15d33df0a93f90b11a1c3a41b0dafd9eede401094b43b93cc0765,VERIFIED_VALID,25.17,25.693,26.655,25.87,27.417,1,0.5925,1,-0.7535,0.9969,0.6575,-0.0787,6.264,0.35
2026-08-18T11:00:00+00:00,2026-08-18T17:00:00+00:00,6,3nzr48bG,test,a1ac286b97b15d33df0a93f90b11a1c3a41b0dafd9eede401094b43b93cc0765,VERIFIED_VALID,25.092,25.977,26.913,25.64,28.291,1,0.2221,1,0.929,0.9997,0.37,-0.0249,9.232,0.268
2026-08-18T12:00:00+00:00,2026-08-18T18:00:00+00:00,6,3nzr48bG,test,a1ac286b97b15d33df0a93f90b11a1c3a41b0dafd9eede401094b43b93cc0765,VERIFIED_VALID,25.523,25.323,26.112,26.9,26.517,1,0.6112,1,0.3131,0.7693,-0.9497,0.6389,4.066,0.376
2026-08-18T13:00:00+00:00,2026-08-18T19:00:00+00:00,6,3nzr48bG,test,a1ac286b97b15d33df0a93f90b11a1c3a41b0dafd9eede401094b43b93cc0765,VERIFIED_VALID,25.358,25.666,25.728,26.41,27.338,1,0.5769,1,-0.4136,0.8264,0.9104,0.5632,16.925,0.29
2026-08-18T14:00:00+00:00,2026-08-18T20:00:00+00:00,6,3nzr48bG,test,a1ac286b97b15d33df0a93f90b11a1c3a41b0dafd9eede401094b43b93cc0765,VERIFIED_VALID,25.077,26.071,25.315,25.58,28.534,1,0.5329,1,0.9337,0.9956,0.3579,-0.094,33.08,0.217
2026-08-18T15:00:00+00:00,2026-08-18T21:00:00+00:00,6,3nzr48bG,test,a1ac286b97b15d33df0a93f90b11a1c3a41b0dafd9eede401094b43b93cc0765,VERIFIED_VALID,25.019,27.206,25.193,25.42,32.401,1,0.4915,1,0.9355,0.9767,0.3533,-0.2147,7.143,0.163
2026-08-18T16:00:00+00:00,2026-08-18T22:00:00+00:00,6,3nzr48bG,test,a1ac286b97b15d33df0a93f90b11a1c3a41b0dafd9eede401094b43b93cc0765,VERIFIED_VALID,25.319,27.595,25.17,26.3,33.259,1,0.5033,1,0.6555,-0.4783,-0.7552,0.8782,2.418,0.178
2026-08-18T17:00:00+00:00,2026-08-18T23:00:00+00:00,6,3nzr48bG,test,a1ac286b97b15d33df0a93f90b11a1c3a41b0dafd9eede401094b43b93cc0765,VERIFIED_VALID,25.46,27.309,25.092,26.71,32.582,1,0.5277,1,0.3751,0.8045,-0.927,0.594,1.319,0.209
2026-08-18T18:00:00+00:00,2026-08-19T00:00:00+00:00,6,3nzr48bG,test,a1ac286b97b15d33df0a93f90b11a1c3a41b0dafd9eede401094b43b93cc0765,VERIFIED_VALID,26.511,28.481,25.523,29.92,35.567,1,0.4902,1,0.3573,0.7322,-0.934,-0.6811,0.44,0.159
2026-08-18T19:00:00+00:00,2026-08-19T01:00:00+00:00,6,3nzr48bG,test,a1ac286b97b15d33df0a93f90b11a1c3a41b0dafd9eede401094b43b93cc0765,VERIFIED_VALID,27.73,27.934,25.358,33.77,34.349,0,0.6513,1,0.654,-0.1668,-0.7565,0.986,0.0,0.359
2026-08-18T20:00:00+00:00,2026-08-19T02:00:00+00:00,6,3nzr48bG,test,a1ac286b97b15d33df0a93f90b11a1c3a41b0dafd9eede401094b43b93cc0765,VERIFIED_VALID,27.649,28.375,25.077,33.51,35.344,0,0.6851,1,0.9548,0.7369,-0.2971,0.676,0.0,0.409
2026-08-18T21:00:00+00:00,2026-08-19T03:00:00+00:00,6,3nzr48bG,test,a1ac286b97b15d33df0a93f90b11a1c3a41b0dafd9eede401094b43b93cc0765,VERIFIED_VALID,25.249,28.494,25.019,26.09,35.52,1,0.548,1,0.7698,0.7783,-0.6383,0.6279,29.453,0.221
2026-08-18T22:00:00+00:00,2026-08-19T04:00:00+00:00,6,3nzr48bG,test,a1ac286b97b15d33df0a93f90b11a1c3a41b0dafd9eede401094b43b93cc0765,VERIFIED_VALID,26.156,29.347,25.319,28.84,37.662,1,0.6296,1,0.8561,0.9998,-0.5168,-0.0218,1.209,0.319
2026-08-18T23:00:00+00:00,2026-08-19T05:00:00+00:00,6,3nzr48bG,test,a1ac286b97b15d33df0a93f90b11a1c3a41b0dafd9eede401094b43b93cc0765,VERIFIED_VALID,25.545,28.852,25.46,26.96,36.58,1,0.6573,1,0.6791,0.9314,0.734,-0.364,9.781,0.376
2026-08-19T00:00:00+00:00,2026-08-19T06:00:00+00:00,6,3nzr48bG,test,a1ac286b97b15d33df0a93f90b11a1c3a41b0dafd9eede401094b43b93cc0765,VERIFIED_VALID,25.442,29.379,26.511,26.66,38.507,1,0.6793,1,0.953,0.8981,0.3029,-0.4397,8.902,0.431
2026-08-19T01:00:00+00:00,2026-08-19T07:00:00+00:00,6,3nzr48bG,test,a1ac286b97b15d33df0a93f90b11a1c3a41b0dafd9eede401094b43b93cc0765,VERIFIED_VALID,26.192,29.426,27.73,28.87,38.936,1,0.1893,0,0.7645,0.9425,0.6446,-0.3343,0.11,0.223
2026-08-19T02:00:00+00:00,2026-08-19T08:00:00+00:00,6,3nzr48bG,test,a1ac286b97b15d33df0a93f90b11a1c3a41b0dafd9eede401094b43b93cc0765,VERIFIED_VALID,27.647,27.637,27.649,33.18,34.147,0,0.2521,1,0.9986,0.9916,0.053,0.1294,0.0,0.347
2026-08-19T03:00:00+00:00,2026-08-19T09:00:00+00:00,6,3nzr48bG,test,a1ac286b97b15d33df0a93f90b11a1c3a41b0dafd9eede401094b43b93cc0765,VERIFIED_VALID,26.77,28.075,25.249,30.55,34.472,0,0.6268,1,-0.2307,1.0,-0.973,-0.0027,0.0,0.363
2026-08-19T04:00:00+00:00,2026-08-19T10:00:00+00:00,6,3nzr48bG,test,a1ac286b97b15d33df0a93f90b11a1c3a41b0dafd9eede401094b43b93cc0765,VERIFIED_VALID,26.57,29.473,26.156,30.09,38.588,0,0.4704,1,0.6106,0.9999,-0.7919,0.0145,0.0,0.148
2026-08-19T05:00:00+00:00,2026-08-19T11:00:00+00:00,6,3nzr48bG,test,a1ac286b97b15d33df0a93f90b11a1c3a41b0dafd9eede401094b43b93cc0765,VERIFIED_VALID,26.275,26.912,25.545,29.18,31.71,0,0.7037,1,-0.4862,0.5205,-0.8739,0.8539,0.0,0.493
2026-08-19T06:00:00+00:00,2026-08-19T12:00:00+00:00,6,3nzr48bG,test,a1ac286b97b15d33df0a93f90b11a1c3a41b0dafd9eede401094b43b93cc0765,VERIFIED_VALID,25.738,27.539,25.442,27.53,33.181,0,0.5554,1,-0.2411,0.8244,-0.9705,0.566,0.0,0.255
2026-08-19T07:00:00+00:00,2026-08-19T13:00:00+00:00,6,3nzr48bG,test,a1ac286b97b15d33df0a93f90b11a1c3a41b0dafd9eede401094b43b93cc0765,VERIFIED_VALID,25.642,26.81,26.192,27.25,31.454,1,0.675,1,-0.5749,0.5899,-0.8182,0.8075,0.549,0.485
2026-08-19T08:00:00+00:00,2026-08-19T14:00:00+00:00,6,3nzr48bG,test,a1ac286b97b15d33df0a93f90b11a1c3a41b0dafd9eede401094b43b93cc0765,VERIFIED_VALID,25.768,27.497,27.647,27.62,33.375,1,0.3063,1,-0.4827,0.8948,-0.8758,0.4464,0.33,0.444
2026-08-19T09:00:00+00:00,2026-08-19T15:00:00+00:00,6,3nzr48bG,test,a1ac286b97b15d33df0a93f90b11a1c3a41b0dafd9eede401094b43b93cc0765,VERIFIED_VALID,25.548,26.649,26.77,26.97,30.224,0,0.216,1,-0.278,-0.2853,-0.9606,-0.9584,0.0,0.29
2026-08-19T10:00:00+00:00,2026-08-19T16:00:00+00:00,6,3nzr48bG,test,a1ac286b97b15d33df0a93f90b11a1c3a41b0dafd9eede401094b43b93cc0765,VERIFIED_VALID,25.677,26.366,26.57,27.36,29.52,1,0.2998,1,-0.2854,0.8536,-0.9584,-0.5209,0.22,0.417
2026-08-19T11:00:00+00:00,2026-08-19T17:00:00+00:00,6,3nzr48bG,test,a1ac286b97b15d33df0a93f90b11a1c3a41b0dafd9eede401094b43b93cc0765,VERIFIED_VALID,25.71,25.859,26.275,27.46,27.944,1,0.2896,1,-0.8119,-0.6883,0.5839,-0.7254,0.11,0.402
2026-08-19T12:00:00+00:00,2026-08-19T18:00:00+00:00,6,3nzr48bG,test,a1ac286b97b15d33df0a93f90b11a1c3a41b0dafd9eede401094b43b93cc0765,VERIFIED_VALID,25.992,25.453,25.738,28.35,26.642,1,0.2575,1,0.9216,-0.3147,-0.3882,-0.9492,7.143,0.322
2026-08-19T13:00:00+00:00,2026-08-19T19:00:00+00:00,6,3nzr48bG,test,a1ac286b97b15d33df0a93f90b11a1c3a41b0dafd9eede401094b43b93cc0765,VERIFIED_VALID,26.35,25.334,25.642,29.23,26.528,0,0.6321,1,0.7329,-0.7689,-0.6804,-0.6393,0.0,0.402
2026-08-19T14:00:00+00:00,2026-08-19T20:00:00+00:00,6,3nzr48bG,test,a1ac286b97b15d33df0a93f90b11a1c3a41b0dafd9eede401094b43b93cc0765,VERIFIED_VALID,26.044,25.548,25.768,28.42,26.975,0,0.59,1,0.6448,-0.6451,-0.7643,-0.7641,0.0,0.342
2026-08-19T15:00:00+00:00,2026-08-19T21:00:00+00:00,6,3nzr48bG,test,a1ac286b97b15d33df0a93f90b11a1c3a41b0dafd9eede401094b43b93cc0765,VERIFIED_VALID,26.26,26.291,25.548,29.1,29.12,0,0.3805,1,0.3621,-0.4774,-0.9321,-0.8787,0.0,0.546
2026-08-19T16:00:00+00:00,2026-08-19T22:00:00+00:00,6,3nzr48bG,test,a1ac286b97b15d33df0a93f90b11a1c3a41b0dafd9eede401094b43b93cc0765,VERIFIED_VALID,26.577,27.27,25.677,29.98,32.605,0,0.5718,1,0.9986,-0.3088,-0.0521,-0.9511,0.0,0.297
2026-08-19T17:00:00+00:00,2026-08-19T23:00:00+00:00,6,3nzr48bG,test,a1ac286b97b15d33df0a93f90b11a1c3a41b0dafd9eede401094b43b93cc0765,VERIFIED_VALID,28.766,27.585,25.71,36.05,33.459,0,0.6876,1,0.8258,-0.4714,-0.564,0.8819,0.0,0.504
2026-08-19T18:00:00+00:00,2026-08-20T00:00:00+00:00,6,3nzr48bG,test,a1ac286b97b15d33df0a93f90b11a1c3a41b0dafd9eede401094b43b93cc0765,VERIFIED_VALID,30.251,29.334,25.992,40.39,38.308,0,0.5545,1,0.7543,0.976,-0.6566,0.2178,0.0,0.259
2026-08-19T19:00:00+00:00,2026-08-20T01:00:00+00:00,6,3nzr48bG,test,a1ac286b97b15d33df0a93f90b11a1c3a41b0dafd9eede401094b43b93cc0765,VERIFIED_VALID,27.907,30.788,26.35,34.17,40.776,0,0.0839,0,0.9303,0.9999,-0.3668,-0.0128,0.0,0.075
2026-08-19T20:00:00+00:00,2026-08-20T02:00:00+00:00,6,3nzr48bG,test,a1ac286b97b15d33df0a93f90b11a1c3a41b0dafd9eede401094b43b93cc0765,VERIFIED_VALID,31.274,29.995,26.044,40.86,39.255,1,0.1236,0,0.9965,0.9877,0.0832,-0.1563,0.11,0.119
2026-08-19T21:00:00+00:00,2026-08-20T03:00:00+00:00,6,3nzr48bG,test,a1ac286b97b15d33df0a93f90b11a1c3a41b0dafd9eede401094b43b93cc0765,VERIFIED_VALID,31.277,30.179,26.26,41.18,40.022,0,0.1513,0,0.9883,0.904,-0.1527,-0.4276,0.0,0.15
2026-08-19T22:00:00+00:00,2026-08-20T04:00:00+00:00,6,3nzr48bG,test,a1ac286b97b15d33df0a93f90b11a1c3a41b0dafd9eede401094b43b93cc0765,VERIFIED_VALID,31.011,29.246,26.577,40.96,37.449,0,0.2675,1,0.9993,0.8916,-0.0381,0.4529,0.0,0.325
2026-08-19T23:00:00+00:00,2026-08-20T05:00:00+00:00,6,3nzr48bG,test,a1ac286b97b15d33df0a93f90b11a1c3a41b0dafd9eede401094b43b93cc0765,VERIFIED_VALID,32.053,30.928,28.766,41.98,41.334,0,0.2635,1,0.9964,0.9804,0.0853,0.197,0.0,0.38
2026-08-20T00:00:00+00:00,2026-08-20T06:00:00+00:00,6,3nzr48bG,test,a1ac286b97b15d33df0a93f90b11a1c3a41b0dafd9eede401094b43b93cc0765,VERIFIED_VALID,31.253,30.293,30.251,41.02,39.827,0,0.2922,1,0.9978,0.9732,-0.066,0.23,0.0,0.53
2026-08-20T01:00:00+00:00,2026-08-20T07:00:00+00:00,6,3nzr48bG,test,a1ac286b97b15d33df0a93f90b11a1c3a41b0dafd9eede401094b43b93cc0765,VERIFIED_VALID,29.994,27.659,27.907,38.21,33.991,0,0.3181,1,0.9683,0.9827,-0.2499,0.1851,0.0,0.517
2026-08-20T02:00:00+00:00,2026-08-20T08:00:00+00:00,6,3nzr48bG,test,a1ac286b97b15d33df0a93f90b11a1c3a41b0dafd9eede401094b43b93cc0765,VERIFIED_VALID,30.136,30.369,31.274,38.63,38.432,0,0.5729,1,0.9989,0.7725,-0.0478,0.6351,0.0,0.463
2026-08-20T03:00:00+00:00,2026-08-20T09:00:00+00:00,6,3nzr48bG,test,a1ac286b97b15d33df0a93f90b11a1c3a41b0dafd9eede401094b43b93cc0765,VERIFIED_VALID,29.218,28.801,31.277,37.2,35.784,0,0.4061,1,0.9927,0.809,-0.1203,0.5878,0.0,0.866
2026-08-20T04:00:00+00:00,2026-08-20T10:00:00+00:00,6,3nzr48bG,test,a1ac286b97b15d33df0a93f90b11a1c3a41b0dafd9eede401094b43b93cc0765,VERIFIED_VALID,29.216,27.913,31.011,37.14,34.142,0,0.4083,1,0.9984,0.7563,0.0567,0.6542,0.0,0.832
2026-08-20T05:00:00+00:00,2026-08-20T11:00:00+00:00,6,3nzr48bG,test,a1ac286b97b15d33df0a93f90b11a1c3a41b0dafd9eede401094b43b93cc0765,VERIFIED_VALID,28.886,27.898,32.053,36.89,33.49,0,0.3831,1,0.7924,0.5981,-0.61,0.8014,0.0,0.843
2026-08-20T06:00:00+00:00,2026-08-20T12:00:00+00:00,6,3nzr48bG,test,a1ac286b97b15d33df0a93f90b11a1c3a41b0dafd9eede401094b43b93cc0765,VERIFIED_VALID,28.741,26.823,31.253,36.55,31.417,0,0.4585,1,0.8909,0.6434,-0.4541,0.7655,0.0,0.964
2026-08-20T07:00:00+00:00,2026-08-20T13:00:00+00:00,6,3nzr48bG,test,a1ac286b97b15d33df0a93f90b11a1c3a41b0dafd9eede401094b43b93cc0765,VERIFIED_VALID,28.256,26.307,29.994,35.49,29.185,0,0.4726,1,0.9937,0.7959,0.1119,0.6054,0.0,0.971
2026-08-20T08:00:00+00:00,2026-08-20T14:00:00+00:00,6,3nzr48bG,test,a1ac286b97b15d33df0a93f90b11a1c3a41b0dafd9eede401094b43b93cc0765,VERIFIED_VALID,28.41,25.905,30.136,35.98,28.043,0,0.4498,1,0.997,0.6686,-0.0776,0.7436,0.0,0.885
2026-08-20T09:00:00+00:00,2026-08-20T15:00:00+00:00,6,3nzr48bG,test,a1ac286b97b15d33df0a93f90b11a1c3a41b0dafd9eede401094b43b93cc0765,VERIFIED_VALID,28.326,25.465,29.218,35.61,26.725,0,0.4681,1,0.9239,0.7506,-0.3826,0.6608,0.0,0.871
2026-08-20T10:00:00+00:00,2026-08-20T16:00:00+00:00,6,3nzr48bG,test,a1ac286b97b15d33df0a93f90b11a1c3a41b0dafd9eede401094b43b93cc0765,VERIFIED_VALID,28.386,25.795,29.216,35.8,27.753,0,0.4543,1,0.9783,0.6975,-0.207,0.7166,0.0,0.835
2026-08-20T11:00:00+00:00,2026-08-20T17:00:00+00:00,6,3nzr48bG,test,a1ac286b97b15d33df0a93f90b11a1c3a41b0dafd9eede401094b43b93cc0765,VERIFIED_VALID,27.847,25.824,28.886,34.06,27.848,0,0.4499,1,0.9739,0.9976,-0.2269,0.0697,0.0,0.781
2026-08-20T12:00:00+00:00,2026-08-20T18:00:00+00:00,6,3nzr48bG,test,a1ac286b97b15d33df0a93f90b11a1c3a41b0dafd9eede401094b43b93cc0765,VERIFIED_VALID,27.78,26.11,28.741,33.16,28.775,0,0.4441,1,0.9995,0.977,0.0314,0.2134,0.0,0.778
2026-08-20T13:00:00+00:00,2026-08-20T19:00:00+00:00,6,3nzr48bG,test,a1ac286b97b15d33df0a93f90b11a1c3a41b0dafd9eede401094b43b93cc0765,VERIFIED_VALID,26.634,25.709,28.256,30.16,27.482,0,0.4522,1,0.998,0.7483,0.0631,0.6633,0.0,0.807
2026-08-20T14:00:00+00:00,2026-08-20T20:00:00+00:00,6,3nzr48bG,test,a1ac286b97b15d33df0a93f90b11a1c3a41b0dafd9eede401094b43b93cc0765,VERIFIED_VALID,26.679,26.275,28.41,30.41,29.322,0,0.4869,1,-0.6221,0.8459,-0.7829,0.5333,0.0,0.88
2026-08-20T15:00:00+00:00,2026-08-20T21:00:00+00:00,6,3nzr48bG,test,a1ac286b97b15d33df0a93f90b11a1c3a41b0dafd9eede401094b43b93cc0765,VERIFIED_VALID,27.516,26.908,28.326,32.84,32.507,0,0.467,1,0.9766,0.968,0.2153,0.2508,0.0,0.85
2026-08-20T16:00:00+00:00,2026-08-20T22:00:00+00:00,6,3nzr48bG,test,a1ac286b97b15d33df0a93f90b11a1c3a41b0dafd9eede401094b43b93cc0765,VERIFIED_VALID,29.083,27.298,28.386,37.05,33.545,0,0.4383,1,0.9947,0.9367,0.1029,0.3501,0.0,0.752
2026-08-20T17:00:00+00:00,2026-08-20T23:00:00+00:00,6,3nzr48bG,test,a1ac286b97b15d33df0a93f90b11a1c3a41b0dafd9eede401094b43b93cc0765,VERIFIED_VALID,30.111,28.878,27.847,38.18,37.137,0,0.3418,1,0.9995,0.9244,-0.0321,0.3814,0.0,0.535
2026-08-20T18:00:00+00:00,2026-08-21T00:00:00+00:00,6,3nzr48bG,test,a1ac286b97b15d33df0a93f90b11a1c3a41b0dafd9eede401094b43b93cc0765,VERIFIED_VALID,30.992,29.41,27.78,39.12,37.198,0,0.3339,1,0.8574,0.8218,-0.5146,0.5698,0.0,0.523
2026-08-20T19:00:00+00:00,2026-08-21T01:00:00+00:00,6,3nzr48bG,test,a1ac286b97b15d33df0a93f90b11a1c3a41b0dafd9eede401094b43b93cc0765,VERIFIED_VALID,31.917,30.908,26.634,39.83,41.34,0,0.2583,1,0.9186,0.7986,-0.3952,0.6018,0.0,0.329
2026-08-20T20:00:00+00:00,2026-08-21T02:00:00+00:00,6,3nzr48bG,test,a1ac286b97b15d33df0a93f90b11a1c3a41b0dafd9eede401094b43b93cc0765,VERIFIED_VALID,31.763,31.772,26.679,41.11,43.869,0,0.1906,0,0.9975,-0.8992,-0.0713,0.4375,0.0,0.23
2026-08-20T21:00:00+00:00,2026-08-21T03:00:00+00:00,6,3nzr48bG,test,a1ac286b97b15d33df0a93f90b11a1c3a41b0dafd9eede401094b43b93cc0765,VERIFIED_VALID,31.328,31.893,27.516,41.17,44.089,0,0.223,1,0.9728,0.7375,-0.2317,0.6753,0.0,0.287
2026-08-20T22:00:00+00:00,2026-08-21T04:00:00+00:00,6,3nzr48bG,test,a1ac286b97b15d33df0a93f90b11a1c3a41b0dafd9eede401094b43b93cc0765,VERIFIED_VALID,32.521,31.831,29.083,42.07,43.336,0,0.2571,1,0.9697,0.7433,0.2443,0.6689,0.0,0.401
2026-08-20T23:00:00+00:00,2026-08-21T05:00:00+00:00,6,3nzr48bG,test,a1ac286b97b15d33df0a93f90b11a1c3a41b0dafd9eede401094b43b93cc0765,VERIFIED_VALID,31.669,31.691,30.111,40.96,40.728,0,0.3004,1,0.9999,0.7446,-0.0126,0.6675,0.0,0.536
2026-08-21T00:00:00+00:00,2026-08-21T06:00:00+00:00,6,3nzr48bG,test,a1ac286b97b15d33df0a93f90b11a1c3a41b0dafd9eede401094b43b93cc0765,VERIFIED_VALID,31.702,32.288,30.992,40.72,40.333,0,0.272,1,0.9998,0.8287,-0.0194,0.5597,0.0,0.51
2026-08-21T01:00:00+00:00,2026-08-21T07:00:00+00:00,6,3nzr48bG,test,a1ac286b97b15d33df0a93f90b11a1c3a41b0dafd9eede401094b43b93cc0765,VERIFIED_VALID,32.041,30.736,31.917,39.91,36.529,0,0.4252,1,0.9715,0.7333,0.2372,0.6799,0.0,0.977
2026-08-21T02:00:00+00:00,2026-08-21T08:00:00+00:00,6,3nzr48bG,test,a1ac286b97b15d33df0a93f90b11a1c3a41b0dafd9eede401094b43b93cc0765,VERIFIED_VALID,30.44,29.229,31.763,39.15,35.647,0,0.483,1,0.9996,0.6341,-0.0281,0.7733,0.0,1.219
2026-08-21T03:00:00+00:00,2026-08-21T09:00:00+00:00,6,3nzr48bG,test,a1ac286b97b15d33df0a93f90b11a1c3a41b0dafd9eede401094b43b93cc0765,VERIFIED_VALID,29.735,28.222,31.328,38.36,34.286,0,0.4746,1,0.9995,0.708,-0.0303,0.7062,0.0,1.193
2026-08-21T04:00:00+00:00,2026-08-21T10:00:00+00:00,6,3nzr48bG,test,a1ac286b97b15d33df0a93f90b11a1c3a41b0dafd9eede401094b43b93cc0765,VERIFIED_VALID,29.433,27.719,32.521,36.45,32.641,0,0.4642,1,0.996,0.4335,0.0897,0.9011,0.0,1.226
2026-08-21T05:00:00+00:00,2026-08-21T11:00:00+00:00,6,3nzr48bG,test,a1ac286b97b15d33df0a93f90b11a1c3a41b0dafd9eede401094b43b93cc0765,VERIFIED_VALID,29.032,27.094,31.669,36.0,31.546,0,0.4778,1,0.9917,0.5622,-0.1283,0.827,0.0,1.183
2026-08-21T06:00:00+00:00,2026-08-21T12:00:00+00:00,6,3nzr48bG,test,a1ac286b97b15d33df0a93f90b11a1c3a41b0dafd9eede401094b43b93cc0765,VERIFIED_VALID,28.875,27.034,31.702,36.51,31.284,0,0.4649,1,0.9867,0.5627,-0.1628,0.8266,0.0,1.135
2026-08-21T07:00:00+00:00,2026-08-21T13:00:00+00:00,6,3nzr48bG,test,a1ac286b97b15d33df0a93f90b11a1c3a41b0dafd9eede401094b43b93cc0765,VERIFIED_VALID,28.701,26.783,32.041,36.37,30.135,0,0.4626,1,0.9843,0.4223,-0.1765,0.9064,0.0,1.115
2026-08-21T08:00:00+00:00,2026-08-21T14:00:00+00:00,6,3nzr48bG,test,a1ac286b97b15d33df0a93f90b11a1c3a41b0dafd9eede401094b43b93cc0765,VERIFIED_VALID,28.586,26.324,30.44,35.19,29.232,0,0.489,1,0.882,0.6303,-0.4713,0.7764,0.0,1.071
2026-08-21T09:00:00+00:00,2026-08-21T15:00:00+00:00,6,3nzr48bG,test,a1ac286b97b15d33df0a93f90b11a1c3a41b0dafd9eede401094b43b93cc0765,VERIFIED_VALID,28.174,26.181,29.735,34.72,28.95,0,0.492,1,0.7643,0.6852,0.6449,0.7284,0.0,1.048
2026-08-21T10:00:00+00:00,2026-08-21T16:00:00+00:00,6,3nzr48bG,test,a1ac286b97b15d33df0a93f90b11a1c3a41b0dafd9eede401094b43b93cc0765,VERIFIED_VALID,28.045,26.071,29.433,34.64,28.423,0,0.4851,1,0.9854,0.6533,-0.1703,0.7571,0.0,0.993
2026-08-21T11:00:00+00:00,2026-08-21T17:00:00+00:00,6,3nzr48bG,test,a1ac286b97b15d33df0a93f90b11a1c3a41b0dafd9eede401094b43b93cc0765,VERIFIED_VALID,28.062,26.301,29.032,34.83,29.145,0,0.4533,1,0.9838,0.8107,0.179,0.5854,0.0,0.901
2026-08-21T12:00:00+00:00,2026-08-21T18:00:00+00:00,6,3nzr48bG,test,a1ac286b97b15d33df0a93f90b11a1c3a41b0dafd9eede401094b43b93cc0765,VERIFIED_VALID,27.704,26.44,28.875,33.43,29.794,0,0.4328,1,0.9975,0.8568,0.0701,0.5156,0.0,0.821
2026-08-21T13:00:00+00:00,2026-08-21T19:00:00+00:00,6,3nzr48bG,test,a1ac286b97b15d33df0a93f90b11a1c3a41b0dafd9eede401094b43b93cc0765,VERIFIED_VALID,27.666,26.734,28.701,33.48,31.853,0,0.4584,1,0.9773,0.8719,-0.2118,0.4897,0.0,0.885
2026-08-21T14:00:00+00:00,2026-08-21T20:00:00+00:00,6,3nzr48bG,test,a1ac286b97b15d33df0a93f90b11a1c3a41b0dafd9eede401094b43b93cc0765,VERIFIED_VALID,27.064,27.067,28.586,31.63,31.846,0,0.4425,1,-0.7291,0.9662,0.6844,0.2578,0.0,0.869
2026-08-21T15:00:00+00:00,2026-08-21T21:00:00+00:00,6,3nzr48bG,test,a1ac286b97b15d33df0a93f90b11a1c3a41b0dafd9eede401094b43b93cc0765,VERIFIED_VALID,27.962,27.681,28.174,34.22,33.656,0,0.4043,1,0.9591,0.4802,0.283,0.8772,0.0,0.769
2026-08-21T16:00:00+00:00,2026-08-21T22:00:00+00:00,6,3nzr48bG,test,a1ac286b97b15d33df0a93f90b11a1c3a41b0dafd9eede401094b43b93cc0765,VERIFIED_VALID,28.836,28.573,28.045,36.78,36.317,0,0.3699,1,0.9825,0.8996,-0.1862,0.4368,0.0,0.62
2026-08-21T17:00:00+00:00,2026-08-21T23:00:00+00:00,6,3nzr48bG,test,a1ac286b97b15d33df0a93f90b11a1c3a41b0dafd9eede401094b43b93cc0765,VERIFIED_VALID,29.485,28.573,28.062,37.77,36.527,0,0.3688,1,0.9981,0.7733,0.062,0.6341,0.0,0.618
2026-08-21T18:00:00+00:00,2026-08-22T00:00:00+00:00,6,3nzr48bG,test,a1ac286b97b15d33df0a93f90b11a1c3a41b0dafd9eede401094b43b93cc0765,VERIFIED_VALID,29.749,29.848,27.704,38.88,39.176,0,0.2843,1,0.9391,0.8217,0.3436,0.5699,0.0,0.422
2026-08-21T19:00:00+00:00,2026-08-22T01:00:00+00:00,6,3nzr48bG,test,a1ac286b97b15d33df0a93f90b11a1c3a41b0dafd9eede401094b43b93cc0765,VERIFIED_VALID,31.19,31.528,27.666,41.26,43.769,0,0.1907,0,0.966,0.8989,0.2584,0.4382,0.0,0.245
2026-08-21T20:00:00+00:00,2026-08-22T02:00:00+00:00,6,3nzr48bG,test,a1ac286b97b15d33df0a93f90b11a1c3a41b0dafd9eede401094b43b93cc0765,VERIFIED_VALID,26.477,31.927,27.064,29.65,44.361,1,0.1621,0,0.9987,-0.2709,0.0517,0.9626,7.473,0.204
2026-08-21T21:00:00+00:00,2026-08-22T03:00:00+00:00,6,3nzr48bG,test,a1ac286b97b15d33df0a93f90b11a1c3a41b0dafd9eede401094b43b93cc0765,VERIFIED_VALID,29.898,32.442,27.962,39.29,45.547,1,0.2077,1,0.9744,0.7061,-0.2246,0.7081,0.11,0.274
2026-08-21T22:00:00+00:00,2026-08-22T04:00:00+00:00,6,3nzr48bG,test,a1ac286b97b15d33df0a93f90b11a1c3a41b0dafd9eede401094b43b93cc0765,VERIFIED_VALID,27.083,32.836,28.836,31.87,46.338,1,0.1874,0,0.9753,0.8325,0.221,0.5541,7.143,0.265
2026-08-21T23:00:00+00:00,2026-08-22T05:00:00+00:00,6,3nzr48bG,test,a1ac286b97b15d33df0a93f90b11a1c3a41b0dafd9eede401094b43b93cc0765,VERIFIED_VALID,29.475,31.42,29.485,38.96,41.658,1,0.3147,1,0.8785,0.7146,0.4778,0.6995,0.769,0.556
2026-08-22T00:00:00+00:00,2026-08-22T06:00:00+00:00,6,3nzr48bG,test,a1ac286b97b15d33df0a93f90b11a1c3a41b0dafd9eede401094b43b93cc0765,VERIFIED_VALID,29.363,29.474,29.749,37.65,37.483,0,0.4546,1,0.9675,0.5677,-0.2528,0.8232,0.0,0.956
2026-08-22T01:00:00+00:00,2026-08-22T07:00:00+00:00,6,3nzr48bG,test,a1ac286b97b15d33df0a93f90b11a1c3a41b0dafd9eede401094b43b93cc0765,VERIFIED_VALID,29.615,30.234,31.19,38.6,38.003,0,0.4077,1,0.9943,0.5673,-0.1066,0.8235,0.0,0.903
2026-08-22T02:00:00+00:00,2026-08-22T08:00:00+00:00,6,3nzr48bG,test,a1ac286b97b15d33df0a93f90b11a1c3a41b0dafd9eede401094b43b93cc0765,VERIFIED_VALID,29.344,27.809,26.477,37.87,33.698,0,0.8253,1,0.9992,0.7892,-0.0401,0.6142,0.0,0.827
2026-08-22T03:00:00+00:00,2026-08-22T09:00:00+00:00,6,3nzr48bG,test,a1ac286b97b15d33df0a93f90b11a1c3a41b0dafd9eede401094b43b93cc0765,VERIFIED_VALID,27.406,30.051,29.898,32.47,39.407,0,0.7822,1,0.9294,0.8554,0.3691,0.5179,0.0,0.87
2026-08-22T04:00:00+00:00,2026-08-22T10:00:00+00:00,6,3nzr48bG,test,a1ac286b97b15d33df0a93f90b11a1c3a41b0dafd9eede401094b43b93cc0765,VERIFIED_VALID,27.599,27.442,27.083,33.49,33.764,1,0.8129,1,0.853,0.7443,0.5219,0.6678,0.11,0.831
2026-08-22T05:00:00+00:00,2026-08-22T11:00:00+00:00,6,3nzr48bG,test,a1ac286b97b15d33df0a93f90b11a1c3a41b0dafd9eede401094b43b93cc0765,VERIFIED_VALID,27.494,28.425,29.475,33.21,36.342,0,0.8193,1,0.9734,0.5594,0.2291,0.8289,0.0,1.019
2026-08-22T06:00:00+00:00,2026-08-22T12:00:00+00:00,6,3nzr48bG,test,a1ac286b97b15d33df0a93f90b11a1c3a41b0dafd9eede401094b43b93cc0765,VERIFIED_VALID,27.274,27.783,29.363,32.43,33.969,1,0.4975,1,0.9635,0.8812,0.2676,0.4728,0.11,1.034
2026-08-22T07:00:00+00:00,2026-08-22T13:00:00+00:00,6,3nzr48bG,test,a1ac286b97b15d33df0a93f90b11a1c3a41b0dafd9eede401094b43b93cc0765,VERIFIED_VALID,28.588,27.532,29.615,36.58,33.744,0,0.4445,1,0.9955,0.8563,-0.0951,0.5165,0.0,0.879
2026-08-22T08:00:00+00:00,2026-08-22T14:00:00+00:00,6,3nzr48bG,test,a1ac286b97b15d33df0a93f90b11a1c3a41b0dafd9eede401094b43b93cc0765,VERIFIED_VALID,28.334,26.533,29.344,35.7,30.129,0,0.4966,1,0.8843,0.7732,0.4668,0.6342,0.0,1.022
2026-08-22T09:00:00+00:00,2026-08-22T15:00:00+00:00,6,3nzr48bG,test,a1ac286b97b15d33df0a93f90b11a1c3a41b0dafd9eede401094b43b93cc0765,VERIFIED_VALID,27.872,25.43,27.406,34.32,26.64,0,0.4761,1,0.9542,0.6355,0.2992,0.7721,0.0,0.878
2026-08-22T10:00:00+00:00,2026-08-22T16:00:00+00:00,6,3nzr48bG,test,a1ac286b97b15d33df0a93f90b11a1c3a41b0dafd9eede401094b43b93cc0765,VERIFIED_VALID,28.386,25.598,27.599,35.86,27.133,0,0.8562,1,0.9824,0.5177,-0.187,0.8555,0.0,1.018
2026-08-22T11:00:00+00:00,2026-08-22T17:00:00+00:00,6,3nzr48bG,test,a1ac286b97b15d33df0a93f90b11a1c3a41b0dafd9eede401094b43b93cc0765,VERIFIED_VALID,28.542,25.662,27.494,36.14,27.335,0,0.5416,1,0.9994,0.6781,-0.0354,0.735,0.0,1.052
2026-08-22T12:00:00+00:00,2026-08-22T18:00:00+00:00,6,3nzr48bG,test,a1ac286b97b15d33df0a93f90b11a1c3a41b0dafd9eede401094b43b93cc0765,VERIFIED_VALID,28.456,25.658,27.274,35.56,27.324,0,0.845,1,0.9953,0.689,0.0966,0.7247,0.0,0.964
2026-08-22T13:00:00+00:00,2026-08-22T19:00:00+00:00,6,3nzr48bG,test,a1ac286b97b15d33df0a93f90b11a1c3a41b0dafd9eede401094b43b93cc0765,VERIFIED_VALID,28.247,27.043,28.588,34.99,33.05,0,0.4999,1,0.9446,0.8605,0.3281,0.5094,0.0,0.931
2026-08-22T14:00:00+00:00,2026-08-22T20:00:00+00:00,6,3nzr48bG,test,a1ac286b97b15d33df0a93f90b11a1c3a41b0dafd9eede401094b43b93cc0765,VERIFIED_VALID,27.584,26.625,28.334,33.17,30.515,0,0.5032,1,0.9589,0.5629,0.2838,0.8265,0.0,0.995
2026-08-22T15:00:00+00:00,2026-08-22T21:00:00+00:00,6,3nzr48bG,test,a1ac286b97b15d33df0a93f90b11a1c3a41b0dafd9eede401094b43b93cc0765,VERIFIED_VALID,27.253,26.937,27.872,32.25,32.533,0,0.4951,1,0.9585,0.6778,0.285,0.7353,0.0,0.954
2026-08-22T16:00:00+00:00,2026-08-22T22:00:00+00:00,6,3nzr48bG,test,a1ac286b97b15d33df0a93f90b11a1c3a41b0dafd9eede401094b43b93cc0765,VERIFIED_VALID,29.11,27.658,28.386,37.31,34.384,0,0.4742,1,0.9881,0.8846,0.1539,0.4664,0.0,0.896
2026-08-22T17:00:00+00:00,2026-08-22T23:00:00+00:00,6,3nzr48bG,test,a1ac286b97b15d33df0a93f90b11a1c3a41b0dafd9eede401094b43b93cc0765,VERIFIED_VALID,30.053,28.361,28.542,40.15,35.934,0,0.4511,1,0.9996,0.8288,-0.0287,0.5595,0.0,0.825
2026-08-22T18:00:00+00:00,2026-08-23T00:00:00+00:00,6,3nzr48bG,test,a1ac286b97b15d33df0a93f90b11a1c3a41b0dafd9eede401094b43b93cc0765,VERIFIED_VALID,31.103,28.047,28.456,41.07,34.776,0,0.4279,1,0.9811,0.7876,-0.1935,0.6162,0.0,0.785
2026-08-22T19:00:00+00:00,2026-08-23T01:00:00+00:00,6,3nzr48bG,test,a1ac286b97b15d33df0a93f90b11a1c3a41b0dafd9eede401094b43b93cc0765,VERIFIED_VALID,31.277,28.493,28.247,41.59,35.778,0,0.3657,1,0.9999,0.6954,-0.0127,0.7186,0.0,0.631
2026-08-22T20:00:00+00:00,2026-08-23T02:00:00+00:00,6,3nzr48bG,test,a1ac286b97b15d33df0a93f90b11a1c3a41b0dafd9eede401094b43b93cc0765,VERIFIED_VALID,31.23,29.715,27.584,41.43,38.989,0,0.2566,1,0.9983,0.7435,0.0577,0.6687,0.0,0.377
2026-08-22T21:00:00+00:00,2026-08-23T03:00:00+00:00,6,3nzr48bG,test,a1ac286b97b15d33df0a93f90b11a1c3a41b0dafd9eede401094b43b93cc0765,VERIFIED_VALID,32.685,28.629,27.253,44.19,36.406,0,0.4299,1,0.7498,0.6914,0.6617,0.7225,0.0,0.713
2026-08-22T22:00:00+00:00,2026-08-23T04:00:00+00:00,6,3nzr48bG,test,a1ac286b97b15d33df0a93f90b11a1c3a41b0dafd9eede401094b43b93cc0765,VERIFIED_VALID,31.804,28.787,29.11,42.75,36.339,0,0.4133,1,0.9993,0.7245,0.0372,0.6893,0.0,0.786
2026-08-22T23:00:00+00:00,2026-08-23T05:00:00+00:00,6,3nzr48bG,test,a1ac286b97b15d33df0a93f90b11a1c3a41b0dafd9eede401094b43b93cc0765,VERIFIED_VALID,31.663,29.225,30.053,40.86,37.672,0,0.4111,1,0.999,0.7713,-0.0452,0.6365,0.0,0.825
2026-08-23T00:00:00+00:00,2026-08-23T06:00:00+00:00,6,3nzr48bG,test,a1ac286b97b15d33df0a93f90b11a1c3a41b0dafd9eede401094b43b93cc0765,VERIFIED_VALID,30.808,28.899,31.103,40.61,35.894,1,0.4501,1,0.9996,0.762,-0.0273,0.6476,0.11,1.037
2026-08-23T01:00:00+00:00,2026-08-23T07:00:00+00:00,6,3nzr48bG,test,a1ac286b97b15d33df0a93f90b11a1c3a41b0dafd9eede401094b43b93cc0765,VERIFIED_VALID,30.263,29.074,31.277,39.12,36.482,0,0.3974,1,0.9991,0.7216,-0.0416,0.6923,0.0,0.878
2026-08-23T02:00:00+00:00,2026-08-23T08:00:00+00:00,6,3nzr48bG,test,a1ac286b97b15d33df0a93f90b11a1c3a41b0dafd9eede401094b43b93cc0765,VERIFIED_VALID,29.931,28.536,31.23,39.18,35.41,0,0.4693,1,0.9939,0.6671,-0.1102,0.7449,0.0,1.088
2026-08-23T03:00:00+00:00,2026-08-23T09:00:00+00:00,6,3nzr48bG,test,a1ac286b97b15d33df0a93f90b11a1c3a41b0dafd9eede401094b43b93cc0765,VERIFIED_VALID,29.43,29.146,32.685,37.98,36.499,0,0.4493,1,0.9946,0.283,-0.1039,0.9591,0.0,1.168
2026-08-23T04:00:00+00:00,2026-08-23T10:00:00+00:00,6,3nzr48bG,test,a1ac286b97b15d33df0a93f90b11a1c3a41b0dafd9eede401094b43b93cc0765,VERIFIED_VALID,29.453,27.528,31.804,38.22,33.322,0,0.4918,1,0.9421,0.5704,0.3352,0.8214,0.0,1.185
2026-08-23T05:00:00+00:00,2026-08-23T11:00:00+00:00,6,3nzr48bG,test,a1ac286b97b15d33df0a93f90b11a1c3a41b0dafd9eede401094b43b93cc0765,VERIFIED_VALID,28.191,27.286,31.663,35.27,31.951,0,0.4961,1,0.0625,0.5988,0.998,0.8009,0.0,1.175
2026-08-23T06:00:00+00:00,2026-08-23T12:00:00+00:00,6,3nzr48bG,test,a1ac286b97b15d33df0a93f90b11a1c3a41b0dafd9eede401094b43b93cc0765,VERIFIED_VALID,27.647,26.555,30.808,33.48,30.035,0,0.8208,1,0.5094,0.6163,0.8606,0.7875,0.0,1.149
2026-08-23T07:00:00+00:00,2026-08-23T13:00:00+00:00,6,3nzr48bG,test,a1ac286b97b15d33df0a93f90b11a1c3a41b0dafd9eede401094b43b93cc0765,VERIFIED_VALID,27.882,26.747,30.263,34.26,31.28,0,0.5129,1,0.8634,0.6773,0.5046,0.7357,0.0,1.154
2026-08-23T08:00:00+00:00,2026-08-23T14:00:00+00:00,6,3nzr48bG,test,a1ac286b97b15d33df0a93f90b11a1c3a41b0dafd9eede401094b43b93cc0765,VERIFIED_VALID,28.903,26.526,29.931,36.94,30.067,0,0.528,1,0.9942,0.7035,-0.1074,0.7107,0.0,1.193
2026-08-23T09:00:00+00:00,2026-08-23T15:00:00+00:00,6,3nzr48bG,test,a1ac286b97b15d33df0a93f90b11a1c3a41b0dafd9eede401094b43b93cc0765,VERIFIED_VALID,28.204,26.318,29.43,35.19,29.443,0,0.5308,1,0.9712,0.75,0.2382,0.6615,0.0,1.106
2026-08-23T10:00:00+00:00,2026-08-23T16:00:00+00:00,6,3nzr48bG,test,a1ac286b97b15d33df0a93f90b11a1c3a41b0dafd9eede401094b43b93cc0765,VERIFIED_VALID,28.642,26.388,29.453,36.63,29.697,0,0.5274,1,0.1235,0.536,-0.9923,0.8442,0.0,1.118
2026-08-23T11:00:00+00:00,2026-08-23T17:00:00+00:00,6,3nzr48bG,test,a1ac286b97b15d33df0a93f90b11a1c3a41b0dafd9eede401094b43b93cc0765,VERIFIED_VALID,28.944,25.731,28.191,37.17,27.551,0,0.515,1,0.9885,-0.0677,-0.151,0.9977,0.0,1.054
2026-08-23T12:00:00+00:00,2026-08-23T18:00:00+00:00,6,3nzr48bG,test,a1ac286b97b15d33df0a93f90b11a1c3a41b0dafd9eede401094b43b93cc0765,VERIFIED_VALID,28.815,26.29,27.647,36.78,29.372,0,0.5018,1,0.9083,0.2634,-0.4184,0.9647,0.0,0.98
2026-08-23T13:00:00+00:00,2026-08-23T19:00:00+00:00,6,3nzr48bG,test,a1ac286b97b15d33df0a93f90b11a1c3a41b0dafd9eede401094b43b93cc0765,VERIFIED_VALID,28.734,26.578,27.882,37.06,30.344,0,0.5011,1,0.875,0.5489,-0.4841,0.8359,0.0,0.979
2026-08-23T14:00:00+00:00,2026-08-23T20:00:00+00:00,6,3nzr48bG,test,a1ac286b97b15d33df0a93f90b11a1c3a41b0dafd9eede401094b43b93cc0765,VERIFIED_VALID,28.683,27.691,28.903,36.7,34.268,0,0.4574,1,0.9676,0.888,-0.2525,0.4599,0.0,0.822
2026-08-23T15:00:00+00:00,2026-08-23T21:00:00+00:00,6,3nzr48bG,test,a1ac286b97b15d33df0a93f90b11a1c3a41b0dafd9eede401094b43b93cc0765,VERIFIED_VALID,28.901,28.332,28.204,36.82,35.808,0,0.3995,1,0.9921,0.731,-0.1252,0.6824,0.0,0.709
2026-08-23T16:00:00+00:00,2026-08-23T22:00:00+00:00,6,3nzr48bG,test,a1ac286b97b15d33df0a93f90b11a1c3a41b0dafd9eede401094b43b93cc0765,VERIFIED_VALID,29.226,28.856,28.642,37.84,37.23,0,0.348,1,0.7494,0.5691,-0.6621,-0.8223,0.0,0.613
2026-08-23T17:00:00+00:00,2026-08-23T23:00:00+00:00,6,3nzr48bG,test,a1ac286b97b15d33df0a93f90b11a1c3a41b0dafd9eede401094b43b93cc0765,VERIFIED_VALID,29.713,29.448,28.944,38.47,38.437,0,0.3617,1,0.721,0.8839,-0.6929,0.4676,0.0,0.617
2026-08-23T18:00:00+00:00,2026-08-24T00:00:00+00:00,6,3nzr48bG,test,a1ac286b97b15d33df0a93f90b11a1c3a41b0dafd9eede401094b43b93cc0765,VERIFIED_VALID,29.733,29.562,28.815,37.59,38.741,0,0.3025,1,0.7776,0.9759,-0.6287,0.2182,0.0,0.477
2026-08-23T19:00:00+00:00,2026-08-24T01:00:00+00:00,6,3nzr48bG,test,a1ac286b97b15d33df0a93f90b11a1c3a41b0dafd9eede401094b43b93cc0765,VERIFIED_VALID,30.812,30.464,28.734,39.55,41.709,0,0.2706,1,0.8874,0.9684,-0.4609,0.2495,0.0,0.415
2026-08-23T20:00:00+00:00,2026-08-24T02:00:00+00:00,6,3nzr48bG,test,a1ac286b97b15d33df0a93f90b11a1c3a41b0dafd9eede401094b43b93cc0765,VERIFIED_VALID,30.261,29.803,28.683,38.79,39.691,0,0.3162,1,0.9937,0.9169,0.1122,0.3991,0.0,0.5
2026-08-23T21:00:00+00:00,2026-08-24T03:00:00+00:00,6,3nzr48bG,test,a1ac286b97b15d33df0a93f90b11a1c3a41b0dafd9eede401094b43b93cc0765,VERIFIED_VALID,30.643,30.252,28.901,40.09,40.031,0,0.3552,1,0.9912,0.8349,-0.1323,0.5505,0.0,0.596
2026-08-23T22:00:00+00:00,2026-08-24T04:00:00+00:00,6,3nzr48bG,test,a1ac286b97b15d33df0a93f90b11a1c3a41b0dafd9eede401094b43b93cc0765,VERIFIED_VALID,27.942,30.439,29.226,33.94,40.513,1,0.3131,1,0.8168,0.968,-0.577,0.2509,0.11,0.534
2026-08-23T23:00:00+00:00,2026-08-24T05:00:00+00:00,6,3nzr48bG,test,a1ac286b97b15d33df0a93f90b11a1c3a41b0dafd9eede401094b43b93cc0765,VERIFIED_VALID,29.241,29.346,29.713,37.01,36.878,0,0.4024,1,0.8376,0.9271,-0.5463,0.3749,0.0,0.808
2026-08-24T00:00:00+00:00,2026-08-24T06:00:00+00:00,6,3nzr48bG,test,a1ac286b97b15d33df0a93f90b11a1c3a41b0dafd9eede401094b43b93cc0765,VERIFIED_VALID,25.775,28.604,29.733,27.65,34.716,1,0.4596,1,0.9687,0.9528,0.2481,0.3036,28.024,0.955
2026-08-24T01:00:00+00:00,2026-08-24T07:00:00+00:00,6,3nzr48bG,test,a1ac286b97b15d33df0a93f90b11a1c3a41b0dafd9eede401094b43b93cc0765,VERIFIED_VALID,27.009,29.696,30.812,31.6,36.421,1,0.4288,1,0.7867,0.8267,0.6173,0.5626,3.956,0.935
2026-08-24T02:00:00+00:00,2026-08-24T08:00:00+00:00,6,3nzr48bG,test,a1ac286b97b15d33df0a93f90b11a1c3a41b0dafd9eede401094b43b93cc0765,VERIFIED_VALID,26.839,27.698,30.261,31.09,33.12,1,0.4771,1,0.7464,0.6574,0.6655,0.7535,4.506,1.075
2026-08-24T03:00:00+00:00,2026-08-24T09:00:00+00:00,6,3nzr48bG,test,a1ac286b97b15d33df0a93f90b11a1c3a41b0dafd9eede401094b43b93cc0765,VERIFIED_VALID,26.708,28.324,30.643,30.63,34.741,1,0.5002,1,0.9975,0.7361,-0.0712,0.6769,2.198,1.163
2026-08-24T04:00:00+00:00,2026-08-24T10:00:00+00:00,6,3nzr48bG,test,a1ac286b97b15d33df0a93f90b11a1c3a41b0dafd9eede401094b43b93cc0765,VERIFIED_VALID,27.746,26.895,27.942,33.81,31.793,0,0.7931,1,0.9122,0.991,-0.4097,0.1336,0.0,0.915
2026-08-24T05:00:00+00:00,2026-08-24T11:00:00+00:00,6,3nzr48bG,test,a1ac286b97b15d33df0a93f90b11a1c3a41b0dafd9eede401094b43b93cc0765,VERIFIED_VALID,28.886,27.783,29.241,36.25,33.594,1,0.4729,1,0.9046,0.9616,-0.4263,0.2745,0.11,0.979
2026-08-24T06:00:00+00:00,2026-08-24T12:00:00+00:00,6,3nzr48bG,test,a1ac286b97b15d33df0a93f90b11a1c3a41b0dafd9eede401094b43b93cc0765,VERIFIED_VALID,28.91,27.48,25.775,36.46,33.145,0,0.6876,1,0.9605,0.8045,-0.2782,0.5939,0.0,0.481
2026-08-24T07:00:00+00:00,2026-08-24T13:00:00+00:00,6,3nzr48bG,test,a1ac286b97b15d33df0a93f90b11a1c3a41b0dafd9eede401094b43b93cc0765,VERIFIED_VALID,27.535,27.997,27.009,33.05,35.202,0,0.6525,1,0.9918,0.6284,-0.1279,0.7779,0.0,0.432
2026-08-24T08:00:00+00:00,2026-08-24T14:00:00+00:00,6,3nzr48bG,test,a1ac286b97b15d33df0a93f90b11a1c3a41b0dafd9eede401094b43b93cc0765,VERIFIED_VALID,27.195,27.446,26.839,31.98,33.752,0,0.6748,1,0.9985,0.5784,0.0555,0.8157,0.0,0.493
2026-08-24T09:00:00+00:00,2026-08-24T15:00:00+00:00,6,3nzr48bG,test,a1ac286b97b15d33df0a93f90b11a1c3a41b0dafd9eede401094b43b93cc0765,VERIFIED_VALID,27.302,26.842,26.708,32.35,32.104,0,0.6231,1,0.7343,0.9689,0.6788,0.2476,0.0,0.379
2026-08-24T10:00:00+00:00,2026-08-24T16:00:00+00:00,6,3nzr48bG,test,a1ac286b97b15d33df0a93f90b11a1c3a41b0dafd9eede401094b43b93cc0765,VERIFIED_VALID,27.207,27.094,27.746,32.15,32.873,0,0.4069,1,-0.9462,0.9985,0.3237,0.0551,0.0,0.627
2026-08-24T11:00:00+00:00,2026-08-24T17:00:00+00:00,6,3nzr48bG,test,a1ac286b97b15d33df0a93f90b11a1c3a41b0dafd9eede401094b43b93cc0765,VERIFIED_VALID,27.314,27.72,28.886,32.43,33.751,0,0.771,1,0.8971,0.9908,-0.4418,0.1352,0.0,0.784
2026-08-24T12:00:00+00:00,2026-08-24T18:00:00+00:00,6,3nzr48bG,test,a1ac286b97b15d33df0a93f90b11a1c3a41b0dafd9eede401094b43b93cc0765,VERIFIED_VALID,28.114,27.007,28.91,34.87,32.227,0,0.3951,1,0.8349,0.9766,-0.5504,0.215,0.0,0.616
2026-08-24T13:00:00+00:00,2026-08-24T19:00:00+00:00,6,3nzr48bG,test,a1ac286b97b15d33df0a93f90b11a1c3a41b0dafd9eede401094b43b93cc0765,VERIFIED_VALID,27.667,26.672,27.535,33.49,31.56,0,0.4376,1,0.6323,0.8989,-0.7747,0.4382,0.0,0.781
2026-08-24T14:00:00+00:00,2026-08-24T20:00:00+00:00,6,3nzr48bG,test,a1ac286b97b15d33df0a93f90b11a1c3a41b0dafd9eede401094b43b93cc0765,VERIFIED_VALID,27.711,25.976,27.195,33.58,28.335,1,0.5234,1,0.871,0.7949,-0.4913,0.6068,1.758,0.973
2026-08-24T15:00:00+00:00,2026-08-24T21:00:00+00:00,6,3nzr48bG,test,a1ac286b97b15d33df0a93f90b11a1c3a41b0dafd9eede401094b43b93cc0765,VERIFIED_VALID,28.021,26.56,27.302,34.69,30.169,1,0.5195,1,0.7106,0.4498,-0.7036,0.8931,0.11,0.997
2026-08-24T16:00:00+00:00,2026-08-24T22:00:00+00:00,6,3nzr48bG,test,a1ac286b97b15d33df0a93f90b11a1c3a41b0dafd9eede401094b43b93cc0765,VERIFIED_VALID,26.741,26.634,27.207,30.49,30.422,1,0.4591,1,0.9547,-0.6862,0.2976,0.7274,2.198,0.871
2026-08-24T17:00:00+00:00,2026-08-24T23:00:00+00:00,6,3nzr48bG,test,a1ac286b97b15d33df0a93f90b11a1c3a41b0dafd9eede401094b43b93cc0765,VERIFIED_VALID,27.166,28.196,27.314,31.99,35.356,1,0.374,1,0.98,0.9781,0.199,0.2083,0.549,0.606
2026-08-24T18:00:00+00:00,2026-08-25T00:00:00+00:00,6,3nzr48bG,test,a1ac286b97b15d33df0a93f90b11a1c3a41b0dafd9eede401094b43b93cc0765,VERIFIED_VALID,27.942,27.767,28.114,34.64,34.228,1,0.3644,1,0.967,0.9843,-0.2548,0.1763,0.33,0.657
2026-08-24T19:00:00+00:00,2026-08-25T01:00:00+00:00,6,3nzr48bG,test,a1ac286b97b15d33df0a93f90b11a1c3a41b0dafd9eede401094b43b93cc0765,VERIFIED_VALID,26.566,29.886,27.667,29.84,39.582,1,0.3213,1,0.9995,0.9978,0.0313,0.0669,0.549,0.503
2026-08-24T20:00:00+00:00,2026-08-25T02:00:00+00:00,6,3nzr48bG,test,a1ac286b97b15d33df0a93f90b11a1c3a41b0dafd9eede401094b43b93cc0765,VERIFIED_VALID,26.84,29.297,27.711,30.84,38.117,1,0.7808,1,0.9748,0.9385,-0.2233,0.3452,1.099,0.762
2026-08-24T21:00:00+00:00,2026-08-25T03:00:00+00:00,6,3nzr48bG,test,a1ac286b97b15d33df0a93f90b11a1c3a41b0dafd9eede401094b43b93cc0765,VERIFIED_VALID,27.756,29.08,28.021,33.92,37.79,1,0.7773,1,0.9686,0.9842,0.2488,0.1769,0.549,0.791
2026-08-24T22:00:00+00:00,2026-08-25T04:00:00+00:00,6,3nzr48bG,test,a1ac286b97b15d33df0a93f90b11a1c3a41b0dafd9eede401094b43b93cc0765,VERIFIED_VALID,29.062,26.786,26.741,38.05,31.461,0,0.8545,1,0.8089,0.6736,0.588,0.7391,0.0,0.952
2026-08-24T23:00:00+00:00,2026-08-25T05:00:00+00:00,6,3nzr48bG,test,a1ac286b97b15d33df0a93f90b11a1c3a41b0dafd9eede401094b43b93cc0765,VERIFIED_VALID,28.876,27.978,27.166,36.21,34.866,0,0.8155,1,0.9628,0.7291,-0.2701,0.6844,0.0,0.846
2026-08-25T00:00:00+00:00,2026-08-25T06:00:00+00:00,6,3nzr48bG,test,a1ac286b97b15d33df0a93f90b11a1c3a41b0dafd9eede401094b43b93cc0765,VERIFIED_VALID,28.557,27.127,27.942,35.9,33.144,0,0.8373,1,0.9995,0.8928,-0.0319,0.4505,0.0,0.994
2026-08-25T01:00:00+00:00,2026-08-25T07:00:00+00:00,6,3nzr48bG,test,a1ac286b97b15d33df0a93f90b11a1c3a41b0dafd9eede401094b43b93cc0765,VERIFIED_VALID,28.384,26.283,26.566,35.74,29.086,0,0.8557,1,0.9891,0.7924,0.147,0.61,0.0,0.959
2026-08-25T02:00:00+00:00,2026-08-25T08:00:00+00:00,6,3nzr48bG,test,a1ac286b97b15d33df0a93f90b11a1c3a41b0dafd9eede401094b43b93cc0765,VERIFIED_VALID,28.597,26.934,26.84,35.8,31.922,0,0.8471,1,0.97,0.8782,0.243,0.4783,0.0,0.927
2026-08-25T03:00:00+00:00,2026-08-25T09:00:00+00:00,6,3nzr48bG,test,a1ac286b97b15d33df0a93f90b11a1c3a41b0dafd9eede401094b43b93cc0765,VERIFIED_VALID,28.316,27.2,27.756,35.51,33.167,0,0.875,1,0.9878,0.6731,0.1557,0.7395,0.0,1.055
2026-08-25T04:00:00+00:00,2026-08-25T10:00:00+00:00,6,3nzr48bG,test,a1ac286b97b15d33df0a93f90b11a1c3a41b0dafd9eede401094b43b93cc0765,VERIFIED_VALID,28.209,27.842,29.062,35.27,35.062,0,0.5324,1,0.9429,0.4672,-0.3332,0.8841,0.0,1.12
2026-08-25T05:00:00+00:00,2026-08-25T11:00:00+00:00,6,3nzr48bG,test,a1ac286b97b15d33df0a93f90b11a1c3a41b0dafd9eede401094b43b93cc0765,VERIFIED_VALID,28.058,28.181,28.876,34.76,34.686,0,0.3458,1,0.913,0.9606,-0.408,0.2779,0.0,0.585
2026-08-25T06:00:00+00:00,2026-08-25T12:00:00+00:00,6,3nzr48bG,test,a1ac286b97b15d33df0a93f90b11a1c3a41b0dafd9eede401094b43b93cc0765,VERIFIED_VALID,28.732,26.891,28.557,37.01,32.18,0,0.4686,1,0.9998,0.8426,0.0204,0.5386,0.0,0.876
2026-08-25T07:00:00+00:00,2026-08-25T13:00:00+00:00,6,3nzr48bG,test,a1ac286b97b15d33df0a93f90b11a1c3a41b0dafd9eede401094b43b93cc0765,VERIFIED_VALID,28.534,26.522,28.384,36.46,30.159,0,0.4656,1,0.9881,0.7366,0.1539,0.6764,0.0,0.915
2026-08-25T08:00:00+00:00,2026-08-25T14:00:00+00:00,6,3nzr48bG,test,a1ac286b97b15d33df0a93f90b11a1c3a41b0dafd9eede401094b43b93cc0765,VERIFIED_VALID,28.746,25.965,28.597,37.15,28.302,0,0.5455,1,0.9893,0.6016,0.1459,0.7988,0.0,1.192
2026-08-25T09:00:00+00:00,2026-08-25T15:00:00+00:00,6,3nzr48bG,test,a1ac286b97b15d33df0a93f90b11a1c3a41b0dafd9eede401094b43b93cc0765,VERIFIED_VALID,28.698,25.731,28.316,36.6,27.552,0,0.5367,1,0.9816,0.6688,-0.191,0.7434,0.0,1.109
2026-08-25T10:00:00+00:00,2026-08-25T16:00:00+00:00,6,3nzr48bG,test,a1ac286b97b15d33df0a93f90b11a1c3a41b0dafd9eede401094b43b93cc0765,VERIFIED_VALID,28.459,25.523,28.209,36.02,26.901,0,0.5415,1,0.9181,0.8591,-0.3963,0.5119,0.0,1.172
2026-08-25T11:00:00+00:00,2026-08-25T17:00:00+00:00,6,3nzr48bG,test,a1ac286b97b15d33df0a93f90b11a1c3a41b0dafd9eede401094b43b93cc0765,VERIFIED_VALID,27.491,26.264,28.058,32.97,29.286,0,0.4694,1,0.7683,0.9429,-0.6401,0.3332,0.0,0.965
2026-08-25T12:00:00+00:00,2026-08-25T18:00:00+00:00,6,3nzr48bG,test,a1ac286b97b15d33df0a93f90b11a1c3a41b0dafd9eede401094b43b93cc0765,VERIFIED_VALID,27.494,26.347,28.732,33.06,29.564,0,0.4595,1,0.3995,0.7995,-0.9167,0.6007,0.0,0.825
2026-08-25T13:00:00+00:00,2026-08-25T19:00:00+00:00,6,3nzr48bG,test,a1ac286b97b15d33df0a93f90b11a1c3a41b0dafd9eede401094b43b93cc0765,VERIFIED_VALID,28.003,25.977,28.534,34.61,28.34,0,0.4774,1,0.9946,0.7079,0.1041,0.7063,0.0,0.929
2026-08-25T14:00:00+00:00,2026-08-25T20:00:00+00:00,6,3nzr48bG,test,a1ac286b97b15d33df0a93f90b11a1c3a41b0dafd9eede401094b43b93cc0765,VERIFIED_VALID,27.821,26.428,28.746,33.91,29.839,0,0.5001,1,0.5949,0.7159,-0.8038,0.6982,0.0,0.971
2026-08-25T15:00:00+00:00,2026-08-25T21:00:00+00:00,6,3nzr48bG,test,a1ac286b97b15d33df0a93f90b11a1c3a41b0dafd9eede401094b43b93cc0765,VERIFIED_VALID,27.905,26.988,28.698,34.39,32.632,0,0.486,1,0.6647,0.8686,-0.7471,0.4956,0.0,0.968
2026-08-25T16:00:00+00:00,2026-08-25T22:00:00+00:00,6,3nzr48bG,test,a1ac286b97b15d33df0a93f90b11a1c3a41b0dafd9eede401094b43b93cc0765,VERIFIED_VALID,29.233,27.45,28.459,38.97,33.815,0,0.4885,1,0.8291,0.9383,-0.559,0.3457,0.0,0.948
2026-08-25T17:00:00+00:00,2026-08-25T23:00:00+00:00,6,3nzr48bG,test,a1ac286b97b15d33df0a93f90b11a1c3a41b0dafd9eede401094b43b93cc0765,VERIFIED_VALID,30.169,28.106,27.491,39.96,35.071,0,0.4059,1,0.9954,0.9921,-0.0961,0.1257,0.0,0.698
2026-08-25T18:00:00+00:00,2026-08-26T00:00:00+00:00,6,3nzr48bG,test,a1ac286b97b15d33df0a93f90b11a1c3a41b0dafd9eede401094b43b93cc0765,VERIFIED_VALID,30.749,27.678,27.494,41.39,34.151,0,0.3339,1,0.9955,0.8111,0.0948,-0.5849,0.0,0.533
2026-08-25T19:00:00+00:00,2026-08-26T01:00:00+00:00,6,3nzr48bG,test,a1ac286b97b15d33df0a93f90b11a1c3a41b0dafd9eede401094b43b93cc0765,VERIFIED_VALID,31.177,28.883,28.003,41.1,37.288,0,0.3765,1,0.5255,0.8,-0.8508,0.6,0.0,0.607
2026-08-25T20:00:00+00:00,2026-08-26T02:00:00+00:00,6,3nzr48bG,test,a1ac286b97b15d33df0a93f90b11a1c3a41b0dafd9eede401094b43b93cc0765,VERIFIED_VALID,31.093,29.58,27.821,40.57,38.7,0,0.3091,1,0.9494,0.9993,-0.3141,-0.0361,0.0,0.48
2026-08-16T21:00:00+00:00,2026-08-17T03:00:00+00:00,6,3nzr8bGo,test,a1ac286b97b15d33df0a93f90b11a1c3a41b0dafd9eede401094b43b93cc0765,VERIFIED_VALID,25.501,28.903,24.182,26.83,35.929,1,0.2241,1,0.8195,0.985,-0.573,0.1726,2.088,0.203
2026-08-16T22:00:00+00:00,2026-08-17T04:00:00+00:00,6,3nzr8bGo,test,a1ac286b97b15d33df0a93f90b11a1c3a41b0dafd9eede401094b43b93cc0765,VERIFIED_VALID,25.661,27.828,24.283,27.31,33.391,1,0.302,1,0.8175,0.9923,-0.5759,0.1239,2.967,0.312
2026-08-16T23:00:00+00:00,2026-08-17T05:00:00+00:00,6,3nzr8bGo,test,a1ac286b97b15d33df0a93f90b11a1c3a41b0dafd9eede401094b43b93cc0765,VERIFIED_VALID,26.128,28.306,24.893,28.7,34.725,1,0.2845,1,-0.986,0.9941,0.1666,0.1082,1.429,0.302
2026-08-17T00:00:00+00:00,2026-08-17T06:00:00+00:00,6,3nzr8bGo,test,a1ac286b97b15d33df0a93f90b11a1c3a41b0dafd9eede401094b43b93cc0765,VERIFIED_VALID,26.118,27.855,25.353,28.64,33.582,0,0.3071,1,-0.9764,0.9037,0.216,0.4283,0.0,0.361
2026-08-17T01:00:00+00:00,2026-08-17T07:00:00+00:00,6,3nzr8bGo,test,a1ac286b97b15d33df0a93f90b11a1c3a41b0dafd9eede401094b43b93cc0765,VERIFIED_VALID,25.496,27.077,24.885,26.82,31.697,1,0.671,1,-0.9814,0.9468,-0.1921,0.3217,5.385,0.43
2026-08-17T02:00:00+00:00,2026-08-17T08:00:00+00:00,6,3nzr8bGo,test,a1ac286b97b15d33df0a93f90b11a1c3a41b0dafd9eede401094b43b93cc0765,VERIFIED_VALID,25.113,27.457,24.78,25.7,32.693,1,0.6095,1,-0.9908,0.85,0.1354,-0.5268,7.143,0.325
2026-08-17T03:00:00+00:00,2026-08-17T09:00:00+00:00,6,3nzr8bGo,test,a1ac286b97b15d33df0a93f90b11a1c3a41b0dafd9eede401094b43b93cc0765,VERIFIED_VALID,25.053,28.396,25.501,25.52,35.132,1,0.5524,1,-0.9905,0.9999,0.1378,0.0145,4.286,0.247
2026-08-17T04:00:00+00:00,2026-08-17T10:00:00+00:00,6,3nzr8bGo,test,a1ac286b97b15d33df0a93f90b11a1c3a41b0dafd9eede401094b43b93cc0765,VERIFIED_VALID,24.729,27.439,25.661,24.61,32.99,1,0.6706,1,-0.9896,0.9999,0.1437,0.0169,0.879,0.422
2026-08-17T05:00:00+00:00,2026-08-17T11:00:00+00:00,6,3nzr8bGo,test,a1ac286b97b15d33df0a93f90b11a1c3a41b0dafd9eede401094b43b93cc0765,VERIFIED_VALID,24.689,26.361,26.128,24.5,29.411,1,0.7306,1,-0.989,-0.7907,0.1479,0.6122,0.549,0.586
2026-08-17T06:00:00+00:00,2026-08-17T12:00:00+00:00,6,3nzr8bGo,test,a1ac286b97b15d33df0a93f90b11a1c3a41b0dafd9eede401094b43b93cc0765,VERIFIED_VALID,24.672,25.976,26.118,24.48,28.242,0,0.3427,1,-0.9843,-0.7973,0.1763,0.6036,0.0,0.518
2026-08-17T07:00:00+00:00,2026-08-17T13:00:00+00:00,6,3nzr8bGo,test,a1ac286b97b15d33df0a93f90b11a1c3a41b0dafd9eede401094b43b93cc0765,VERIFIED_VALID,25.173,25.346,25.496,25.88,26.526,0,0.6981,1,-0.8376,-0.9567,0.5463,0.291,0.0,0.539
2026-08-17T08:00:00+00:00,2026-08-17T14:00:00+00:00,6,3nzr8bGo,test,a1ac286b97b15d33df0a93f90b11a1c3a41b0dafd9eede401094b43b93cc0765,VERIFIED_VALID,25.241,25.237,25.113,26.07,26.406,0,0.6539,1,-0.9856,-0.8662,0.1691,0.4997,0.0,0.426
2026-08-17T09:00:00+00:00,2026-08-17T15:00:00+00:00,6,3nzr8bGo,test,a1ac286b97b15d33df0a93f90b11a1c3a41b0dafd9eede401094b43b93cc0765,VERIFIED_VALID,24.963,25.183,25.053,25.3,26.351,1,0.6582,1,-0.9127,-0.8672,0.4086,0.498,0.659,0.427
2026-08-17T10:00:00+00:00,2026-08-17T16:00:00+00:00,6,3nzr8bGo,test,a1ac286b97b15d33df0a93f90b11a1c3a41b0dafd9eede401094b43b93cc0765,VERIFIED_VALID,24.803,24.617,24.729,24.83,25.745,0,0.6335,1,-0.9517,-0.8927,0.307,0.4507,0.0,0.372
2026-08-17T11:00:00+00:00,2026-08-17T17:00:00+00:00,6,3nzr8bGo,test,a1ac286b97b15d33df0a93f90b11a1c3a41b0dafd9eede401094b43b93cc0765,VERIFIED_VALID,24.578,25.056,24.689,24.19,26.194,1,0.5983,1,-0.934,-0.8757,-0.3572,0.4828,25.057,0.326
2026-08-17T12:00:00+00:00,2026-08-17T18:00:00+00:00,6,3nzr8bGo,test,a1ac286b97b15d33df0a93f90b11a1c3a41b0dafd9eede401094b43b93cc0765,VERIFIED_VALID,24.661,24.964,24.672,24.41,26.087,1,0.1852,0,-0.8882,-0.8978,-0.4595,0.4405,10.55,0.192
2026-08-17T13:00:00+00:00,2026-08-17T19:00:00+00:00,6,3nzr8bGo,test,a1ac286b97b15d33df0a93f90b11a1c3a41b0dafd9eede401094b43b93cc0765,VERIFIED_VALID,24.628,25.242,25.173,24.31,26.407,1,0.2523,1,-0.8889,-0.665,-0.4582,0.7468,3.407,0.304
2026-08-17T14:00:00+00:00,2026-08-17T20:00:00+00:00,6,3nzr8bGo,test,a1ac286b97b15d33df0a93f90b11a1c3a41b0dafd9eede401094b43b93cc0765,VERIFIED_VALID,24.235,26.045,25.241,23.27,28.434,1,0.2195,1,-0.9155,-0.8383,-0.4023,0.5451,3.297,0.262
2026-08-17T15:00:00+00:00,2026-08-17T21:00:00+00:00,6,3nzr8bGo,test,a1ac286b97b15d33df0a93f90b11a1c3a41b0dafd9eede401094b43b93cc0765,VERIFIED_VALID,24.089,25.502,24.963,22.9,26.645,1,0.6168,1,-0.9162,-0.7033,-0.4007,0.7109,1.209,0.378
2026-08-17T16:00:00+00:00,2026-08-17T22:00:00+00:00,6,3nzr8bGo,test,a1ac286b97b15d33df0a93f90b11a1c3a41b0dafd9eede401094b43b93cc0765,VERIFIED_VALID,24.308,26.569,24.803,23.46,29.852,1,0.2104,1,-0.9158,-0.7236,0.4015,0.6902,0.33,0.237
2026-08-17T17:00:00+00:00,2026-08-17T23:00:00+00:00,6,3nzr8bGo,test,a1ac286b97b15d33df0a93f90b11a1c3a41b0dafd9eede401094b43b93cc0765,VERIFIED_VALID,24.851,28.128,24.578,24.97,34.333,0,0.5697,1,-0.9165,-0.9249,0.4001,0.3802,0.0,0.265
2026-08-17T18:00:00+00:00,2026-08-18T00:00:00+00:00,6,3nzr8bGo,test,a1ac286b97b15d33df0a93f90b11a1c3a41b0dafd9eede401094b43b93cc0765,VERIFIED_VALID,26.131,28.508,24.661,28.69,35.33,0,0.4579,1,-0.9978,-0.9853,0.0657,0.1708,0.0,0.122
2026-08-17T19:00:00+00:00,2026-08-18T01:00:00+00:00,6,3nzr8bGo,test,a1ac286b97b15d33df0a93f90b11a1c3a41b0dafd9eede401094b43b93cc0765,VERIFIED_VALID,27.53,29.182,24.628,32.55,36.976,0,0.4449,1,-0.6597,-0.9432,-0.7515,0.3322,0.0,0.106
2026-08-17T20:00:00+00:00,2026-08-18T02:00:00+00:00,6,3nzr8bGo,test,a1ac286b97b15d33df0a93f90b11a1c3a41b0dafd9eede401094b43b93cc0765,VERIFIED_VALID,29.571,29.059,24.235,35.9,36.325,0,0.4828,1,-0.8934,-0.8657,-0.4493,0.5005,0.0,0.146
2026-08-17T21:00:00+00:00,2026-08-18T03:00:00+00:00,6,3nzr8bGo,test,a1ac286b97b15d33df0a93f90b11a1c3a41b0dafd9eede401094b43b93cc0765,VERIFIED_VALID,28.888,28.888,24.089,35.26,35.812,1,0.4885,1,-0.4345,-0.8655,-0.9007,0.501,0.11,0.151
2026-08-17T22:00:00+00:00,2026-08-18T04:00:00+00:00,6,3nzr8bGo,test,a1ac286b97b15d33df0a93f90b11a1c3a41b0dafd9eede401094b43b93cc0765,VERIFIED_VALID,28.673,28.017,24.308,34.32,33.913,0,0.6283,1,-0.8034,-0.5084,-0.5954,0.8611,0.0,0.33
2026-08-17T23:00:00+00:00,2026-08-18T05:00:00+00:00,6,3nzr8bGo,test,a1ac286b97b15d33df0a93f90b11a1c3a41b0dafd9eede401094b43b93cc0765,VERIFIED_VALID,29.069,27.355,24.851,35.13,32.499,0,0.2363,1,-0.8626,-0.5993,-0.5058,0.8005,0.0,0.262
2026-08-18T00:00:00+00:00,2026-08-18T06:00:00+00:00,6,3nzr8bGo,test,a1ac286b97b15d33df0a93f90b11a1c3a41b0dafd9eede401094b43b93cc0765,VERIFIED_VALID,28.782,28.313,26.131,34.24,35.165,0,0.2612,1,-0.778,-0.7726,-0.6283,0.6349,0.0,0.326
2026-08-18T01:00:00+00:00,2026-08-18T07:00:00+00:00,6,3nzr8bGo,test,a1ac286b97b15d33df0a93f90b11a1c3a41b0dafd9eede401094b43b93cc0765,VERIFIED_VALID,26.87,28.887,27.53,30.42,36.179,0,0.1839,0,-0.797,-0.9433,0.604,-0.332,0.0,0.247
2026-08-18T02:00:00+00:00,2026-08-18T08:00:00+00:00,6,3nzr8bGo,test,a1ac286b97b15d33df0a93f90b11a1c3a41b0dafd9eede401094b43b93cc0765,VERIFIED_VALID,26.357,28.296,29.571,29.28,33.047,1,0.2539,1,-0.8685,-0.9638,0.4957,0.2667,0.11,0.481
2026-08-18T03:00:00+00:00,2026-08-18T09:00:00+00:00,6,3nzr8bGo,test,a1ac286b97b15d33df0a93f90b11a1c3a41b0dafd9eede401094b43b93cc0765,VERIFIED_VALID,25.879,26.976,28.888,27.94,31.105,1,0.6169,1,-0.9336,-0.875,-0.3583,-0.4842,1.978,0.573
2026-08-18T04:00:00+00:00,2026-08-18T10:00:00+00:00,6,3nzr8bGo,test,a1ac286b97b15d33df0a93f90b11a1c3a41b0dafd9eede401094b43b93cc0765,VERIFIED_VALID,25.501,26.154,28.673,26.83,28.511,1,0.373,1,-0.8696,-0.9991,-0.4938,0.0434,0.989,0.758
2026-08-18T05:00:00+00:00,2026-08-18T11:00:00+00:00,6,3nzr8bGo,test,a1ac286b97b15d33df0a93f90b11a1c3a41b0dafd9eede401094b43b93cc0765,VERIFIED_VALID,25.32,25.283,29.069,26.31,26.334,1,0.5037,1,-0.8524,-0.9325,-0.5228,0.3611,0.989,1.279
