issue_timestamp_utc,target_timestamp_utc,horizon_hours,station_id,split_name,feature_schema_hash,label_quality_status,temp_true,temp_pred,temp_persist,hi_true,hi_pred,rain_true,rain_prob,rain_pred,wind_u_true,wind_u_pred,wind_v_true,wind_v_pred,precip_true,precip_pred
2026-08-19T00:00:00+00:00,2026-08-19T01:00:00+00:00,1,03pqkGAj,test,a1ac286b97b15d33df0a93f90b11a1c3a41b0dafd9eede401094b43b93cc0765,VERIFIED_VALID,26.267,25.323,25.244,29.16,26.496,1,0.8825,1,-0.8002,-0.9984,-0.5997,0.0565,0.44,0.814
2026-08-19T01:00:00+00:00,2026-08-19T02:00:00+00:00,1,03pqkGAj,test,a1ac286b97b15d33df0a93f90b11a1c3a41b0dafd9eede401094b43b93cc0765,VERIFIED_VALID,26.49,26.529,26.267,29.85,29.967,1,0.8294,1,-0.68,-0.8459,-0.7333,-0.5333,0.11,0.549
2026-08-19T02:00:00+00:00,2026-08-19T03:00:00+00:00,1,03pqkGAj,test,a1ac286b97b15d33df0a93f90b11a1c3a41b0dafd9eede401094b43b93cc0765,VERIFIED_VALID,26.427,26.787,26.49,29.72,31.676,1,0.8036,1,0.2215,-0.7272,-0.9752,-0.6864,0.549,0.532
2026-08-19T03:00:00+00:00,2026-08-19T04:00:00+00:00,1,03pqkGAj,test,a1ac286b97b15d33df0a93f90b11a1c3a41b0dafd9eede401094b43b93cc0765,VERIFIED_VALID,26.352,26.563,26.427,29.47,30.159,1,0.8756,1,-0.8708,0.2215,-0.4917,-0.9752,2.528,0.881
2026-08-19T04:00:00+00:00,2026-08-19T05:00:00+00:00,1,03pqkGAj,test,a1ac286b97b15d33df0a93f90b11a1c3a41b0dafd9eede401094b43b93cc0765,VERIFIED_VALID,26.157,26.348,26.352,28.82,29.471,1,0.9189,1,-0.9914,-0.9163,0.1306,-0.4005,2.638,1.648
2026-08-19T05:00:00+00:00,2026-08-19T06:00:00+00:00,1,03pqkGAj,test,a1ac286b97b15d33df0a93f90b11a1c3a41b0dafd9eede401094b43b93cc0765,VERIFIED_VALID,25.94,26.03,26.157,28.16,28.45,1,0.9147,1,-1.0,-0.9742,0.0056,0.2259,1.648,1.838
2026-08-19T06:00:00+00:00,2026-08-19T07:00:00+00:00,1,03pqkGAj,test,a1ac286b97b15d33df0a93f90b11a1c3a41b0dafd9eede401094b43b93cc0765,VERIFIED_VALID,26.374,25.794,25.94,29.48,27.727,1,0.9318,1,-0.9897,-0.9949,0.1431,0.1008,0.22,2.22
2026-08-19T07:00:00+00:00,2026-08-19T08:00:00+00:00,1,03pqkGAj,test,a1ac286b97b15d33df0a93f90b11a1c3a41b0dafd9eede401094b43b93cc0765,VERIFIED_VALID,25.829,26.241,26.374,27.78,29.088,0,0.9099,1,-0.7336,-0.9723,-0.6796,0.2338,0.0,1.552
2026-08-19T08:00:00+00:00,2026-08-19T09:00:00+00:00,1,03pqkGAj,test,a1ac286b97b15d33df0a93f90b11a1c3a41b0dafd9eede401094b43b93cc0765,VERIFIED_VALID,25.254,25.764,25.829,26.13,27.601,1,0.4645,1,-0.9351,-0.7768,-0.3543,-0.6298,0.22,0.754
2026-08-19T09:00:00+00:00,2026-08-19T10:00:00+00:00,1,03pqkGAj,test,a1ac286b97b15d33df0a93f90b11a1c3a41b0dafd9eede401094b43b93cc0765,VERIFIED_VALID,25.092,25.198,25.254,25.67,26.332,0,0.7561,1,-0.9904,-0.9634,0.138,-0.268,0.0,0.666
2026-08-19T10:00:00+00:00,2026-08-19T11:00:00+00:00,1,03pqkGAj,test,a1ac286b97b15d33df0a93f90b11a1c3a41b0dafd9eede401094b43b93cc0765,VERIFIED_VALID,25.231,25.04,25.092,26.04,26.162,0,0.1511,0,-0.0616,-0.9728,0.9981,0.2317,0.0,0.155
2026-08-19T11:00:00+00:00,2026-08-19T12:00:00+00:00,1,03pqkGAj,test,a1ac286b97b15d33df0a93f90b11a1c3a41b0dafd9eede401094b43b93cc0765,VERIFIED_VALID,25.478,25.171,25.231,26.77,26.325,1,0.1624,0,-0.9906,-0.0125,0.137,0.9999,0.33,0.161
2026-08-19T12:00:00+00:00,2026-08-19T13:00:00+00:00,1,03pqkGAj,test,a1ac286b97b15d33df0a93f90b11a1c3a41b0dafd9eede401094b43b93cc0765,VERIFIED_VALID,25.364,25.357,25.478,26.42,26.52,1,0.5397,1,-0.6391,-0.9707,-0.7691,0.2402,0.22,0.253
2026-08-19T13:00:00+00:00,2026-08-19T14:00:00+00:00,1,03pqkGAj,test,a1ac286b97b15d33df0a93f90b11a1c3a41b0dafd9eede401094b43b93cc0765,VERIFIED_VALID,25.438,25.265,25.364,26.65,26.443,0,0.8207,1,-0.9193,-0.6859,0.3936,-0.7277,0.0,0.751
2026-08-19T14:00:00+00:00,2026-08-19T15:00:00+00:00,1,03pqkGAj,test,a1ac286b97b15d33df0a93f90b11a1c3a41b0dafd9eede401094b43b93cc0765,VERIFIED_VALID,25.489,25.364,25.438,26.8,26.541,1,0.2895,0,-0.8603,-0.8737,-0.5098,0.4865,0.11,0.3
2026-08-19T15:00:00+00:00,2026-08-19T16:00:00+00:00,1,03pqkGAj,test,a1ac286b97b15d33df0a93f90b11a1c3a41b0dafd9eede401094b43b93cc0765,VERIFIED_VALID,25.259,25.368,25.489,26.12,26.529,0,0.5578,1,-0.9965,-0.8915,-0.0841,-0.453,0.0,0.249
2026-08-19T16:00:00+00:00,2026-08-19T17:00:00+00:00,1,03pqkGAj,test,a1ac286b97b15d33df0a93f90b11a1c3a41b0dafd9eede401094b43b93cc0765,VERIFIED_VALID,25.174,25.16,25.259,25.87,26.316,0,0.1941,0,0.9982,-1.0,-0.0606,0.005,0.0,0.175
2026-08-19T17:00:00+00:00,2026-08-19T18:00:00+00:00,1,03pqkGAj,test,a1ac286b97b15d33df0a93f90b11a1c3a41b0dafd9eede401094b43b93cc0765,VERIFIED_VALID,25.357,25.159,25.174,26.4,26.322,0,0.128,0,0.9942,0.9999,-0.1079,0.0123,0.0,0.094
2026-08-19T18:00:00+00:00,2026-08-19T19:00:00+00:00,1,03pqkGAj,test,a1ac286b97b15d33df0a93f90b11a1c3a41b0dafd9eede401094b43b93cc0765,VERIFIED_VALID,25.304,25.394,25.357,26.24,26.589,0,0.0992,0,0.8207,0.999,-0.5713,-0.0448,0.0,0.065
2026-08-19T19:00:00+00:00,2026-08-19T20:00:00+00:00,1,03pqkGAj,test,a1ac286b97b15d33df0a93f90b11a1c3a41b0dafd9eede401094b43b93cc0765,VERIFIED_VALID,25.562,25.518,25.304,27.02,26.885,1,0.0705,0,-0.9788,0.8484,-0.2047,-0.5294,0.33,0.036
2026-08-19T20:00:00+00:00,2026-08-19T21:00:00+00:00,1,03pqkGAj,test,a1ac286b97b15d33df0a93f90b11a1c3a41b0dafd9eede401094b43b93cc0765,VERIFIED_VALID,25.189,25.826,25.562,25.94,27.807,0,0.5391,1,-0.7861,-0.9921,0.6181,-0.1256,0.0,0.125
2026-08-19T21:00:00+00:00,2026-08-19T22:00:00+00:00,1,03pqkGAj,test,a1ac286b97b15d33df0a93f90b11a1c3a41b0dafd9eede401094b43b93cc0765,VERIFIED_VALID,25.552,25.435,25.189,26.98,26.577,0,0.214,0,-0.6949,-0.7309,0.7191,0.6825,0.0,0.134
2026-08-19T22:00:00+00:00,2026-08-19T23:00:00+00:00,1,03pqkGAj,test,a1ac286b97b15d33df0a93f90b11a1c3a41b0dafd9eede401094b43b93cc0765,VERIFIED_VALID,26.93,26.042,25.552,31.13,28.408,0,0.1371,0,-0.7031,-0.6349,-0.7111,0.7726,0.0,0.074
2026-08-19T23:00:00+00:00,2026-08-20T00:00:00+00:00,1,03pqkGAj,test,a1ac286b97b15d33df0a93f90b11a1c3a41b0dafd9eede401094b43b93cc0765,VERIFIED_VALID,27.772,27.463,26.93,34.16,33.361,1,0.1925,0,-0.7641,-0.7334,-0.6451,-0.6798,0.549,0.11
2026-08-20T00:00:00+00:00,2026-08-20T01:00:00+00:00,1,03pqkGAj,test,a1ac286b97b15d33df0a93f90b11a1c3a41b0dafd9eede401094b43b93cc0765,VERIFIED_VALID,30.375,28.063,27.772,42.75,35.699,0,0.7421,1,-0.9974,-0.8072,-0.0727,-0.5903,0.0,0.39
2026-08-20T01:00:00+00:00,2026-08-20T02:00:00+00:00,1,03pqkGAj,test,a1ac286b97b15d33df0a93f90b11a1c3a41b0dafd9eede401094b43b93cc0765,VERIFIED_VALID,31.368,30.899,30.375,45.53,44.456,0,0.0941,0,-0.5306,-1.0,-0.8476,0.0098,0.0,0.058
2026-08-20T02:00:00+00:00,2026-08-20T03:00:00+00:00,1,03pqkGAj,test,a1ac286b97b15d33df0a93f90b11a1c3a41b0dafd9eede401094b43b93cc0765,VERIFIED_VALID,25.331,31.515,31.368,26.38,46.044,1,0.1279,0,-0.5293,-0.5372,-0.8484,-0.8435,2.747,0.12
2026-08-20T03:00:00+00:00,2026-08-20T04:00:00+00:00,1,03pqkGAj,test,a1ac286b97b15d33df0a93f90b11a1c3a41b0dafd9eede401094b43b93cc0765,VERIFIED_VALID,26.816,25.325,25.331,30.67,26.361,1,0.8925,1,-0.9028,-0.5881,0.4301,-0.8088,3.077,1.254
2026-08-20T04:00:00+00:00,2026-08-20T05:00:00+00:00,1,03pqkGAj,test,a1ac286b97b15d33df0a93f90b11a1c3a41b0dafd9eede401094b43b93cc0765,VERIFIED_VALID,32.146,26.608,26.816,49.12,30.079,0,0.9007,1,0.0459,-0.8613,-0.9989,0.508,0.0,1.616
2026-08-20T05:00:00+00:00,2026-08-20T06:00:00+00:00,1,03pqkGAj,test,a1ac286b97b15d33df0a93f90b11a1c3a41b0dafd9eede401094b43b93cc0765,VERIFIED_VALID,30.529,31.855,32.146,42.6,48.241,0,0.2727,0,-0.8314,0.1145,-0.5557,-0.9934,0.0,0.441
2026-08-20T06:00:00+00:00,2026-08-20T07:00:00+00:00,1,03pqkGAj,test,a1ac286b97b15d33df0a93f90b11a1c3a41b0dafd9eede401094b43b93cc0765,VERIFIED_VALID,32.27,30.152,30.529,49.75,41.554,0,0.2286,0,-0.5509,-0.864,-0.8346,-0.5034,0.0,0.391
2026-08-20T07:00:00+00:00,2026-08-20T08:00:00+00:00,1,03pqkGAj,test,a1ac286b97b15d33df0a93f90b11a1c3a41b0dafd9eede401094b43b93cc0765,VERIFIED_VALID,29.836,31.678,32.27,40.08,47.951,0,0.159,0,0.2898,-0.5525,-0.9571,-0.8335,0.0,0.284
2026-08-20T08:00:00+00:00,2026-08-20T09:00:00+00:00,1,03pqkGAj,test,a1ac286b97b15d33df0a93f90b11a1c3a41b0dafd9eede401094b43b93cc0765,VERIFIED_VALID,28.305,29.277,29.836,35.05,38.624,0,0.2662,0,0.3717,0.3923,-0.9283,-0.9198,0.0,0.548
2026-08-20T09:00:00+00:00,2026-08-20T10:00:00+00:00,1,03pqkGAj,test,a1ac286b97b15d33df0a93f90b11a1c3a41b0dafd9eede401094b43b93cc0765,VERIFIED_VALID,26.683,27.904,28.305,30.34,34.331,0,0.2368,0,-0.9839,0.4708,0.1788,-0.8823,0.0,0.428
2026-08-20T10:00:00+00:00,2026-08-20T11:00:00+00:00,1,03pqkGAj,test,a1ac286b97b15d33df0a93f90b11a1c3a41b0dafd9eede401094b43b93cc0765,VERIFIED_VALID,26.786,26.298,26.683,30.7,29.206,0,0.2932,0,-0.9893,-0.9548,-0.1456,0.2974,0.0,0.507
2026-08-20T11:00:00+00:00,2026-08-20T12:00:00+00:00,1,03pqkGAj,test,a1ac286b97b15d33df0a93f90b11a1c3a41b0dafd9eede401094b43b93cc0765,VERIFIED_VALID,26.392,26.383,26.786,29.5,29.494,0,0.252,0,0.9996,-0.9992,0.0277,-0.0399,0.0,0.406
2026-08-20T12:00:00+00:00,2026-08-20T13:00:00+00:00,1,03pqkGAj,test,a1ac286b97b15d33df0a93f90b11a1c3a41b0dafd9eede401094b43b93cc0765,VERIFIED_VALID,26.201,26.065,26.392,28.97,28.528,0,0.1018,0,0.9395,0.9953,-0.3424,0.0971,0.0,0.109
2026-08-20T13:00:00+00:00,2026-08-20T14:00:00+00:00,1,03pqkGAj,test,a1ac286b97b15d33df0a93f90b11a1c3a41b0dafd9eede401094b43b93cc0765,VERIFIED_VALID,25.714,25.969,26.201,27.47,28.267,0,0.0862,0,-0.4539,0.9593,-0.8911,-0.2825,0.0,0.076
2026-08-20T14:00:00+00:00,2026-08-20T15:00:00+00:00,1,03pqkGAj,test,a1ac286b97b15d33df0a93f90b11a1c3a41b0dafd9eede401094b43b93cc0765,VERIFIED_VALID,25.482,25.527,25.714,26.78,26.911,0,0.0705,0,0.7373,-0.4642,-0.6756,-0.8857,0.0,0.053
2026-08-20T15:00:00+00:00,2026-08-20T16:00:00+00:00,1,03pqkGAj,test,a1ac286b97b15d33df0a93f90b11a1c3a41b0dafd9eede401094b43b93cc0765,VERIFIED_VALID,25.345,25.286,25.482,26.37,26.465,0,0.0404,0,0.9473,0.7205,-0.3203,-0.6935,0.0,0.022
2026-08-16T21:00:00+00:00,2026-08-16T22:00:00+00:00,1,1Zb102pg,test,a1ac286b97b15d33df0a93f90b11a1c3a41b0dafd9eede401094b43b93cc0765,VERIFIED_VALID,24.717,24.731,24.565,24.98,25.638,0,0.2172,0,0.5241,0.5196,0.8517,0.8544,0.0,0.225
2026-08-16T22:00:00+00:00,2026-08-16T23:00:00+00:00,1,1Zb102pg,test,a1ac286b97b15d33df0a93f90b11a1c3a41b0dafd9eede401094b43b93cc0765,VERIFIED_VALID,25.114,25.046,24.717,25.89,25.977,1,0.3089,0,0.5239,0.5093,0.8518,0.8606,0.989,0.343
2026-08-16T23:00:00+00:00,2026-08-17T00:00:00+00:00,1,1Zb102pg,test,a1ac286b97b15d33df0a93f90b11a1c3a41b0dafd9eede401094b43b93cc0765,VERIFIED_VALID,25.289,25.451,25.114,26.3,26.413,1,0.6824,1,0.4955,0.505,0.8686,0.8631,1.868,0.452
2026-08-17T00:00:00+00:00,2026-08-17T01:00:00+00:00,1,1Zb102pg,test,a1ac286b97b15d33df0a93f90b11a1c3a41b0dafd9eede401094b43b93cc0765,VERIFIED_VALID,26.197,25.502,25.289,28.54,26.474,1,0.7854,1,0.9991,0.4708,0.0417,0.8823,1.868,0.792
2026-08-17T01:00:00+00:00,2026-08-17T02:00:00+00:00,1,1Zb102pg,test,a1ac286b97b15d33df0a93f90b11a1c3a41b0dafd9eede401094b43b93cc0765,VERIFIED_VALID,26.458,26.287,26.197,29.16,28.778,1,0.8174,1,0.4634,0.9909,0.8862,0.1349,0.659,0.987
2026-08-17T02:00:00+00:00,2026-08-17T03:00:00+00:00,1,1Zb102pg,test,a1ac286b97b15d33df0a93f90b11a1c3a41b0dafd9eede401094b43b93cc0765,VERIFIED_VALID,27.997,26.558,26.458,32.7,29.424,1,0.8355,1,0.4957,0.4366,0.8685,0.8997,0.22,1.122
2026-08-17T03:00:00+00:00,2026-08-17T04:00:00+00:00,1,1Zb102pg,test,a1ac286b97b15d33df0a93f90b11a1c3a41b0dafd9eede401094b43b93cc0765,VERIFIED_VALID,27.921,27.967,27.997,32.88,32.673,1,0.7776,1,0.5853,0.4801,0.8108,0.8772,0.11,0.992
2026-08-17T04:00:00+00:00,2026-08-17T05:00:00+00:00,1,1Zb102pg,test,a1ac286b97b15d33df0a93f90b11a1c3a41b0dafd9eede401094b43b93cc0765,VERIFIED_VALID,28.064,27.698,27.921,32.74,32.45,0,0.7384,1,0.6424,0.5632,0.7664,0.8263,0.0,0.82
2026-08-17T05:00:00+00:00,2026-08-17T06:00:00+00:00,1,1Zb102pg,test,a1ac286b97b15d33df0a93f90b11a1c3a41b0dafd9eede401094b43b93cc0765,VERIFIED_VALID,28.344,27.7,28.064,33.6,31.921,0,0.2509,0,-0.9984,0.6279,0.0564,0.7783,0.0,0.45
2026-08-17T06:00:00+00:00,2026-08-17T07:00:00+00:00,1,1Zb102pg,test,a1ac286b97b15d33df0a93f90b11a1c3a41b0dafd9eede401094b43b93cc0765,VERIFIED_VALID,27.764,27.816,28.344,32.33,32.4,0,0.2325,0,-0.2809,-0.9828,-0.9597,0.1844,0.0,0.501
2026-08-17T07:00:00+00:00,2026-08-17T08:00:00+00:00,1,1Zb102pg,test,a1ac286b97b15d33df0a93f90b11a1c3a41b0dafd9eede401094b43b93cc0765,VERIFIED_VALID,27.828,27.21,27.764,32.07,31.189,0,0.1441,0,0.8647,-0.229,0.5023,-0.9734,0.0,0.271
2026-08-17T08:00:00+00:00,2026-08-17T09:00:00+00:00,1,1Zb102pg,test,a1ac286b97b15d33df0a93f90b11a1c3a41b0dafd9eede401094b43b93cc0765,VERIFIED_VALID,27.019,27.226,27.828,30.44,30.757,1,0.2225,0,0.5308,0.837,-0.8475,0.5473,0.11,0.513
2026-08-17T09:00:00+00:00,2026-08-17T10:00:00+00:00,1,1Zb102pg,test,a1ac286b97b15d33df0a93f90b11a1c3a41b0dafd9eede401094b43b93cc0765,VERIFIED_VALID,26.495,26.573,27.019,29.21,29.403,0,0.6044,1,0.5583,0.6393,-0.8296,-0.7689,0.0,0.644
2026-08-17T10:00:00+00:00,2026-08-17T11:00:00+00:00,1,1Zb102pg,test,a1ac286b97b15d33df0a93f90b11a1c3a41b0dafd9eede401094b43b93cc0765,VERIFIED_VALID,26.172,26.14,26.495,28.46,28.368,1,0.2521,0,-0.2951,0.6572,-0.9555,-0.7537,0.549,0.497
2026-08-17T11:00:00+00:00,2026-08-17T12:00:00+00:00,1,1Zb102pg,test,a1ac286b97b15d33df0a93f90b11a1c3a41b0dafd9eede401094b43b93cc0765,VERIFIED_VALID,26.121,25.831,26.172,28.33,27.628,1,0.5385,1,-0.2957,-0.2556,-0.9553,-0.9668,0.44,0.398
2026-08-17T12:00:00+00:00,2026-08-17T13:00:00+00:00,1,1Zb102pg,test,a1ac286b97b15d33df0a93f90b11a1c3a41b0dafd9eede401094b43b93cc0765,VERIFIED_VALID,26.008,25.807,26.121,28.05,27.567,0,0.5195,1,-0.2954,-0.2577,-0.9554,-0.9662,0.0,0.337
2026-08-17T13:00:00+00:00,2026-08-17T14:00:00+00:00,1,1Zb102pg,test,a1ac286b97b15d33df0a93f90b11a1c3a41b0dafd9eede401094b43b93cc0765,VERIFIED_VALID,25.828,25.731,26.008,27.6,27.378,0,0.1415,0,-0.2954,-0.2611,-0.9554,-0.9653,0.0,0.2
2026-08-17T14:00:00+00:00,2026-08-17T15:00:00+00:00,1,1Zb102pg,test,a1ac286b97b15d33df0a93f90b11a1c3a41b0dafd9eede401094b43b93cc0765,VERIFIED_VALID,25.6,25.594,25.828,27.04,26.572,0,0.1505,0,0.0491,-0.2623,-0.9988,-0.965,0.0,0.208
2026-08-17T15:00:00+00:00,2026-08-17T16:00:00+00:00,1,1Zb102pg,test,a1ac286b97b15d33df0a93f90b11a1c3a41b0dafd9eede401094b43b93cc0765,VERIFIED_VALID,25.7,25.431,25.6,27.27,26.388,0,0.1372,0,0.0496,0.1093,-0.9988,-0.994,0.0,0.167
2026-08-17T16:00:00+00:00,2026-08-17T17:00:00+00:00,1,1Zb102pg,test,a1ac286b97b15d33df0a93f90b11a1c3a41b0dafd9eede401094b43b93cc0765,VERIFIED_VALID,25.524,25.467,25.7,26.86,26.41,0,0.0868,0,0.0497,0.0885,-0.9988,-0.9961,0.0,0.095
2026-08-17T17:00:00+00:00,2026-08-17T18:00:00+00:00,1,1Zb102pg,test,a1ac286b97b15d33df0a93f90b11a1c3a41b0dafd9eede401094b43b93cc0765,VERIFIED_VALID,25.552,25.378,25.524,26.93,26.313,1,0.0935,0,-0.03,0.0909,-0.9996,-0.9959,0.33,0.097
2026-08-17T18:00:00+00:00,2026-08-17T19:00:00+00:00,1,1Zb102pg,test,a1ac286b97b15d33df0a93f90b11a1c3a41b0dafd9eede401094b43b93cc0765,VERIFIED_VALID,25.353,25.435,25.552,26.46,26.385,1,0.4938,1,0.2702,0.0273,-0.9628,-0.9996,0.989,0.222
2026-08-17T19:00:00+00:00,2026-08-17T20:00:00+00:00,1,1Zb102pg,test,a1ac286b97b15d33df0a93f90b11a1c3a41b0dafd9eede401094b43b93cc0765,VERIFIED_VALID,25.34,25.246,25.353,26.43,26.197,0,0.5689,1,0.2562,0.35,-0.9666,-0.9368,0.0,0.364
2026-08-17T20:00:00+00:00,2026-08-17T21:00:00+00:00,1,1Zb102pg,test,a1ac286b97b15d33df0a93f90b11a1c3a41b0dafd9eede401094b43b93cc0765,VERIFIED_VALID,25.446,25.308,25.34,26.68,26.239,0,0.1507,0,0.2564,0.3251,-0.9666,-0.9457,0.0,0.168
2026-08-17T21:00:00+00:00,2026-08-17T22:00:00+00:00,1,1Zb102pg,test,a1ac286b97b15d33df0a93f90b11a1c3a41b0dafd9eede401094b43b93cc0765,VERIFIED_VALID,25.698,25.505,25.446,27.28,26.447,1,0.1246,0,0.1761,0.3174,-0.9844,-0.9483,0.22,0.12
2026-08-17T22:00:00+00:00,2026-08-17T23:00:00+00:00,1,1Zb102pg,test,a1ac286b97b15d33df0a93f90b11a1c3a41b0dafd9eede401094b43b93cc0765,VERIFIED_VALID,26.207,25.917,25.698,28.45,27.813,1,0.4532,1,0.2073,0.2336,-0.9783,-0.9723,0.11,0.114
2026-08-17T23:00:00+00:00,2026-08-18T00:00:00+00:00,1,1Zb102pg,test,a1ac286b97b15d33df0a93f90b11a1c3a41b0dafd9eede401094b43b93cc0765,VERIFIED_VALID,27.119,26.398,26.207,30.28,28.906,0,0.4595,1,0.2073,0.2678,-0.9783,-0.9635,0.0,0.126
2026-08-18T00:00:00+00:00,2026-08-18T01:00:00+00:00,1,1Zb102pg,test,a1ac286b97b15d33df0a93f90b11a1c3a41b0dafd9eede401094b43b93cc0765,VERIFIED_VALID,27.947,27.317,27.119,31.86,30.743,0,0.1329,0,0.1748,0.2687,-0.9846,-0.9632,0.0,0.124
2026-08-18T01:00:00+00:00,2026-08-18T02:00:00+00:00,1,1Zb102pg,test,a1ac286b97b15d33df0a93f90b11a1c3a41b0dafd9eede401094b43b93cc0765,VERIFIED_VALID,28.753,28.19,27.947,33.06,32.409,0,0.0944,0,0.0786,0.2259,-0.9969,-0.9741,0.0,0.079
2026-08-18T02:00:00+00:00,2026-08-18T03:00:00+00:00,1,1Zb102pg,test,a1ac286b97b15d33df0a93f90b11a1c3a41b0dafd9eede401094b43b93cc0765,VERIFIED_VALID,30.238,28.957,28.753,35.61,33.509,0,0.0685,0,0.3447,0.1079,-0.9387,-0.9942,0.0,0.053
2026-08-18T03:00:00+00:00,2026-08-18T04:00:00+00:00,1,1Zb102pg,test,a1ac286b97b15d33df0a93f90b11a1c3a41b0dafd9eede401094b43b93cc0765,VERIFIED_VALID,30.154,30.209,30.238,35.7,35.64,0,0.0828,0,0.6885,0.3974,-0.7252,-0.9176,0.0,0.086
2026-08-18T04:00:00+00:00,2026-08-18T05:00:00+00:00,1,1Zb102pg,test,a1ac286b97b15d33df0a93f90b11a1c3a41b0dafd9eede401094b43b93cc0765,VERIFIED_VALID,30.698,29.849,30.154,36.76,35.206,0,0.0977,0,0.3638,0.7528,-0.9315,-0.6582,0.0,0.136
2026-08-18T05:00:00+00:00,2026-08-18T06:00:00+00:00,1,1Zb102pg,test,a1ac286b97b15d33df0a93f90b11a1c3a41b0dafd9eede401094b43b93cc0765,VERIFIED_VALID,29.117,30.195,30.698,34.21,35.91,1,0.1126,0,0.9787,0.4627,0.2054,-0.8865,4.066,0.191
2026-08-18T06:00:00+00:00,2026-08-18T07:00:00+00:00,1,1Zb102pg,test,a1ac286b97b15d33df0a93f90b11a1c3a41b0dafd9eede401094b43b93cc0765,VERIFIED_VALID,28.719,28.372,29.117,33.98,32.813,1,0.754,1,0.4352,0.9525,-0.9003,0.3046,3.187,1.468
2026-08-18T07:00:00+00:00,2026-08-18T08:00:00+00:00,1,1Zb102pg,test,a1ac286b97b15d33df0a93f90b11a1c3a41b0dafd9eede401094b43b93cc0765,VERIFIED_VALID,27.195,27.942,28.719,30.71,32.371,1,0.8051,1,0.5455,0.5652,-0.8381,-0.8249,2.967,1.752
2026-08-18T08:00:00+00:00,2026-08-18T09:00:00+00:00,1,1Zb102pg,test,a1ac286b97b15d33df0a93f90b11a1c3a41b0dafd9eede401094b43b93cc0765,VERIFIED_VALID,26.818,26.594,27.195,29.9,29.378,0,0.874,1,0.5869,0.6506,-0.8096,-0.7595,0.0,2.119
2026-08-18T09:00:00+00:00,2026-08-18T10:00:00+00:00,1,1Zb102pg,test,a1ac286b97b15d33df0a93f90b11a1c3a41b0dafd9eede401094b43b93cc0765,VERIFIED_VALID,26.243,26.385,26.818,28.52,28.906,1,0.3861,0,0.3919,0.6873,-0.92,-0.7264,0.659,0.994
2026-08-18T10:00:00+00:00,2026-08-18T11:00:00+00:00,1,1Zb102pg,test,a1ac286b97b15d33df0a93f90b11a1c3a41b0dafd9eede401094b43b93cc0765,VERIFIED_VALID,26.184,25.894,26.243,28.37,27.721,0,0.7087,1,-0.2111,0.4892,-0.9775,-0.8722,0.0,0.936
2026-08-18T11:00:00+00:00,2026-08-18T12:00:00+00:00,1,1Zb102pg,test,a1ac286b97b15d33df0a93f90b11a1c3a41b0dafd9eede401094b43b93cc0765,VERIFIED_VALID,25.996,25.889,26.184,28.01,27.704,1,0.3063,0,-0.0886,-0.1678,-0.9961,-0.9858,8.902,0.615
2026-08-18T12:00:00+00:00,2026-08-18T13:00:00+00:00,1,1Zb102pg,test,a1ac286b97b15d33df0a93f90b11a1c3a41b0dafd9eede401094b43b93cc0765,VERIFIED_VALID,24.769,25.612,25.996,25.13,26.603,1,0.899,1,0.6146,-0.0656,0.7888,-0.9978,11.43,2.2
2026-08-18T13:00:00+00:00,2026-08-18T14:00:00+00:00,1,1Zb102pg,test,a1ac286b97b15d33df0a93f90b11a1c3a41b0dafd9eede401094b43b93cc0765,VERIFIED_VALID,24.843,24.375,24.769,25.34,25.27,0,0.9227,1,0.3837,0.565,0.9234,0.8251,0.0,2.594
2026-08-18T14:00:00+00:00,2026-08-18T15:00:00+00:00,1,1Zb102pg,test,a1ac286b97b15d33df0a93f90b11a1c3a41b0dafd9eede401094b43b93cc0765,VERIFIED_VALID,25.019,24.684,24.843,25.71,25.548,0,0.3113,0,-0.4173,0.386,0.9088,0.9225,0.0,0.416
2026-08-18T15:00:00+00:00,2026-08-18T16:00:00+00:00,1,1Zb102pg,test,a1ac286b97b15d33df0a93f90b11a1c3a41b0dafd9eede401094b43b93cc0765,VERIFIED_VALID,25.127,24.898,25.019,25.94,25.794,0,0.3147,0,-0.4685,-0.3474,0.8835,0.9377,0.0,0.425
2026-08-18T16:00:00+00:00,2026-08-18T17:00:00+00:00,1,1Zb102pg,test,a1ac286b97b15d33df0a93f90b11a1c3a41b0dafd9eede401094b43b93cc0765,VERIFIED_VALID,25.454,25.036,25.127,26.7,25.956,1,0.1782,0,-0.4688,-0.3955,0.8833,0.9185,0.22,0.203
2026-08-18T17:00:00+00:00,2026-08-18T18:00:00+00:00,1,1Zb102pg,test,a1ac286b97b15d33df0a93f90b11a1c3a41b0dafd9eede401094b43b93cc0765,VERIFIED_VALID,25.304,25.314,25.454,26.35,26.252,1,0.5901,1,-0.4689,-0.3894,0.8833,0.9211,3.627,0.395
2026-08-18T18:00:00+00:00,2026-08-18T19:00:00+00:00,1,1Zb102pg,test,a1ac286b97b15d33df0a93f90b11a1c3a41b0dafd9eede401094b43b93cc0765,VERIFIED_VALID,25.544,25.095,25.304,26.91,26.021,1,0.7692,1,-0.4688,-0.3915,0.8833,0.9202,1.978,1.013
2026-08-18T19:00:00+00:00,2026-08-18T20:00:00+00:00,1,1Zb102pg,test,a1ac286b97b15d33df0a93f90b11a1c3a41b0dafd9eede401094b43b93cc0765,VERIFIED_VALID,25.346,25.411,25.544,26.45,26.357,1,0.6742,1,-0.4688,-0.3868,0.8833,0.9221,4.726,0.653
2026-08-18T20:00:00+00:00,2026-08-18T21:00:00+00:00,1,1Zb102pg,test,a1ac286b97b15d33df0a93f90b11a1c3a41b0dafd9eede401094b43b93cc0765,VERIFIED_VALID,25.255,25.037,25.346,26.23,25.973,1,0.9022,1,-0.4974,-0.4128,0.8675,0.9108,3.956,2.003
2026-08-18T21:00:00+00:00,2026-08-18T22:00:00+00:00,1,1Zb102pg,test,a1ac286b97b15d33df0a93f90b11a1c3a41b0dafd9eede401094b43b93cc0765,VERIFIED_VALID,25.442,25.008,25.255,26.67,25.941,1,0.9188,1,-0.4977,-0.4578,0.8674,0.8891,2.967,2.207
2026-08-18T22:00:00+00:00,2026-08-18T23:00:00+00:00,1,1Zb102pg,test,a1ac286b97b15d33df0a93f90b11a1c3a41b0dafd9eede401094b43b93cc0765,VERIFIED_VALID,25.689,25.251,25.442,27.26,26.198,1,0.9241,1,-0.4974,-0.4676,0.8675,0.8839,1.209,2.303
2026-08-18T23:00:00+00:00,2026-08-19T00:00:00+00:00,1,1Zb102pg,test,a1ac286b97b15d33df0a93f90b11a1c3a41b0dafd9eede401094b43b93cc0765,VERIFIED_VALID,26.094,25.581,25.689,28.25,26.562,1,0.9071,1,-0.7093,-0.4618,0.7049,0.887,2.198,1.79
2026-08-19T00:00:00+00:00,2026-08-19T01:00:00+00:00,1,1Zb102pg,test,a1ac286b97b15d33df0a93f90b11a1c3a41b0dafd9eede401094b43b93cc0765,VERIFIED_VALID,26.649,25.989,26.094,29.48,28.004,1,0.9171,1,-0.9039,-0.6661,0.4277,0.7458,0.989,2.054
2026-08-19T01:00:00+00:00,2026-08-19T02:00:00+00:00,1,1Zb102pg,test,a1ac286b97b15d33df0a93f90b11a1c3a41b0dafd9eede401094b43b93cc0765,VERIFIED_VALID,26.957,26.594,26.649,30.22,29.374,1,0.8997,1,-0.9038,-0.8639,0.428,0.5036,1.429,1.656
2026-08-19T02:00:00+00:00,2026-08-19T03:00:00+00:00,1,1Zb102pg,test,a1ac286b97b15d33df0a93f90b11a1c3a41b0dafd9eede401094b43b93cc0765,VERIFIED_VALID,27.723,26.821,26.957,32.04,30.067,1,0.9062,1,-0.8551,-0.86,0.5184,0.5103,1.099,1.955
2026-08-19T03:00:00+00:00,2026-08-19T04:00:00+00:00,1,1Zb102pg,test,a1ac286b97b15d33df0a93f90b11a1c3a41b0dafd9eede401094b43b93cc0765,VERIFIED_VALID,28.041,27.544,27.723,32.9,31.679,1,0.8874,1,-0.8554,-0.7999,0.518,0.6002,0.22,1.782
2026-08-19T04:00:00+00:00,2026-08-19T05:00:00+00:00,1,1Zb102pg,test,a1ac286b97b15d33df0a93f90b11a1c3a41b0dafd9eede401094b43b93cc0765,VERIFIED_VALID,26.901,27.816,28.041,30.2,32.432,1,0.895,1,-0.6473,-0.8,0.7623,0.6,6.154,1.897
2026-08-19T05:00:00+00:00,2026-08-19T06:00:00+00:00,1,1Zb102pg,test,a1ac286b97b15d33df0a93f90b11a1c3a41b0dafd9eede401094b43b93cc0765,VERIFIED_VALID,26.562,26.52,26.901,29.27,29.331,1,0.9347,1,0.9845,-0.5999,0.1754,0.8001,3.407,3.126
2026-08-19T06:00:00+00:00,2026-08-19T07:00:00+00:00,1,1Zb102pg,test,a1ac286b97b15d33df0a93f90b11a1c3a41b0dafd9eede401094b43b93cc0765,VERIFIED_VALID,26.758,26.201,26.562,29.68,28.457,1,0.9281,1,0.9991,0.9571,0.0423,0.2897,0.11,2.692
2026-08-19T07:00:00+00:00,2026-08-19T08:00:00+00:00,1,1Zb102pg,test,a1ac286b97b15d33df0a93f90b11a1c3a41b0dafd9eede401094b43b93cc0765,VERIFIED_VALID,26.427,26.514,26.758,29.0,29.143,1,0.9102,1,0.9991,0.9886,0.0425,0.1506,0.11,1.988
2026-08-19T08:00:00+00:00,2026-08-19T09:00:00+00:00,1,1Zb102pg,test,a1ac286b97b15d33df0a93f90b11a1c3a41b0dafd9eede401094b43b93cc0765,VERIFIED_VALID,26.481,26.259,26.427,29.13,28.62,0,0.9195,1,0.5553,0.9889,-0.8316,0.1488,0.0,2.132
2026-08-19T09:00:00+00:00,2026-08-19T10:00:00+00:00,1,1Zb102pg,test,a1ac286b97b15d33df0a93f90b11a1c3a41b0dafd9eede401094b43b93cc0765,VERIFIED_VALID,26.191,26.294,26.481,28.46,28.696,0,0.3918,0,0.5551,0.6392,-0.8318,-0.769,0.0,0.781
2026-08-19T10:00:00+00:00,2026-08-19T11:00:00+00:00,1,1Zb102pg,test,a1ac286b97b15d33df0a93f90b11a1c3a41b0dafd9eede401094b43b93cc0765,VERIFIED_VALID,25.953,25.984,26.191,27.85,27.97,0,0.3475,0,0.5549,0.6413,-0.8319,-0.7673,0.0,0.646
2026-08-19T11:00:00+00:00,2026-08-19T12:00:00+00:00,1,1Zb102pg,test,a1ac286b97b15d33df0a93f90b11a1c3a41b0dafd9eede401094b43b93cc0765,VERIFIED_VALID,26.111,25.841,25.953,28.24,27.596,0,0.2215,0,0.5554,0.6334,-0.8316,-0.7738,0.0,0.29
2026-08-19T12:00:00+00:00,2026-08-19T13:00:00+00:00,1,1Zb102pg,test,a1ac286b97b15d33df0a93f90b11a1c3a41b0dafd9eede401094b43b93cc0765,VERIFIED_VALID,26.116,26.014,26.111,28.27,28.018,1,0.1217,0,0.5549,0.6173,-0.8319,-0.7867,0.11,0.125
2026-08-19T13:00:00+00:00,2026-08-19T14:00:00+00:00,1,1Zb102pg,test,a1ac286b97b15d33df0a93f90b11a1c3a41b0dafd9eede401094b43b93cc0765,VERIFIED_VALID,25.95,25.967,26.116,27.87,27.921,0,0.6105,1,0.5554,0.6372,-0.8316,-0.7707,0.0,0.444
2026-08-19T14:00:00+00:00,2026-08-19T15:00:00+00:00,1,1Zb102pg,test,a1ac286b97b15d33df0a93f90b11a1c3a41b0dafd9eede401094b43b93cc0765,VERIFIED_VALID,26.194,25.817,25.95,28.48,27.56,0,0.2378,0,0.5551,0.6359,-0.8318,-0.7718,0.0,0.327
2026-08-19T15:00:00+00:00,2026-08-19T16:00:00+00:00,1,1Zb102pg,test,a1ac286b97b15d33df0a93f90b11a1c3a41b0dafd9eede401094b43b93cc0765,VERIFIED_VALID,26.05,26.049,26.194,28.12,28.139,1,0.1842,0,0.5555,0.632,-0.8315,-0.775,0.22,0.232
2026-08-19T16:00:00+00:00,2026-08-19T17:00:00+00:00,1,1Zb102pg,test,a1ac286b97b15d33df0a93f90b11a1c3a41b0dafd9eede401094b43b93cc0765,VERIFIED_VALID,26.058,25.904,26.05,28.15,27.774,0,0.577,1,0.5551,0.637,-0.8318,-0.7708,0.0,0.369
2026-08-19T17:00:00+00:00,2026-08-19T18:00:00+00:00,1,1Zb102pg,test,a1ac286b97b15d33df0a93f90b11a1c3a41b0dafd9eede401094b43b93cc0765,VERIFIED_VALID,26.131,25.942,26.058,28.33,27.873,1,0.2113,0,0.555,0.6326,-0.8319,-0.7745,0.33,0.271
2026-08-19T18:00:00+00:00,2026-08-19T19:00:00+00:00,1,1Zb102pg,test,a1ac286b97b15d33df0a93f90b11a1c3a41b0dafd9eede401094b43b93cc0765,VERIFIED_VALID,26.281,26.025,26.131,28.7,28.086,1,0.5615,1,0.5553,0.6337,-0.8317,-0.7736,0.11,0.321
2026-08-19T19:00:00+00:00,2026-08-19T20:00:00+00:00,1,1Zb102pg,test,a1ac286b97b15d33df0a93f90b11a1c3a41b0dafd9eede401094b43b93cc0765,VERIFIED_VALID,26.166,26.209,26.281,28.42,28.533,0,0.5515,1,0.5552,0.6315,-0.8317,-0.7754,0.0,0.288
2026-08-19T20:00:00+00:00,2026-08-19T21:00:00+00:00,1,1Zb102pg,test,a1ac286b97b15d33df0a93f90b11a1c3a41b0dafd9eede401094b43b93cc0765,VERIFIED_VALID,26.268,26.154,26.166,28.67,28.398,0,0.1438,0,0.5553,0.6212,-0.8316,-0.7837,0.0,0.144
2026-08-19T21:00:00+00:00,2026-08-19T22:00:00+00:00,1,1Zb102pg,test,a1ac286b97b15d33df0a93f90b11a1c3a41b0dafd9eede401094b43b93cc0765,VERIFIED_VALID,26.642,26.289,26.268,29.57,28.729,1,0.1508,0,0.5547,0.6226,-0.832,-0.7826,0.22,0.15
2026-08-19T22:00:00+00:00,2026-08-19T23:00:00+00:00,1,1Zb102pg,test,a1ac286b97b15d33df0a93f90b11a1c3a41b0dafd9eede401094b43b93cc0765,VERIFIED_VALID,26.998,26.774,26.642,30.35,30.121,1,0.5703,1,0.5549,0.6255,-0.8319,-0.7802,4.396,0.269
2026-08-19T23:00:00+00:00,2026-08-20T00:00:00+00:00,1,1Zb102pg,test,a1ac286b97b15d33df0a93f90b11a1c3a41b0dafd9eede401094b43b93cc0765,VERIFIED_VALID,27.592,26.915,26.998,31.48,30.314,0,0.8692,1,0.6126,0.6125,-0.7904,-0.7904,0.0,1.429
2026-08-20T00:00:00+00:00,2026-08-20T01:00:00+00:00,1,1Zb102pg,test,a1ac286b97b15d33df0a93f90b11a1c3a41b0dafd9eede401094b43b93cc0765,VERIFIED_VALID,30.945,27.631,27.592,38.02,31.6,0,0.3022,0,0.6106,0.6858,-0.792,-0.7278,0.0,0.384
2026-08-20T01:00:00+00:00,2026-08-20T02:00:00+00:00,1,1Zb102pg,test,a1ac286b97b15d33df0a93f90b11a1c3a41b0dafd9eede401094b43b93cc0765,VERIFIED_VALID,31.145,31.008,30.945,38.87,38.22,0,0.1823,0,0.5302,0.685,-0.8479,-0.7286,0.0,0.211
2026-08-20T02:00:00+00:00,2026-08-20T03:00:00+00:00,1,1Zb102pg,test,a1ac286b97b15d33df0a93f90b11a1c3a41b0dafd9eede401094b43b93cc0765,VERIFIED_VALID,32.263,31.023,31.145,39.62,38.685,0,0.1722,0,0.4743,0.6151,0.8803,-0.7885,0.0,0.24
2026-08-20T03:00:00+00:00,2026-08-20T04:00:00+00:00,1,1Zb102pg,test,a1ac286b97b15d33df0a93f90b11a1c3a41b0dafd9eede401094b43b93cc0765,VERIFIED_VALID,31.418,31.774,32.263,39.16,38.827,0,0.1428,0,0.2608,0.4881,-0.9654,0.8728,0.0,0.256
2026-08-20T04:00:00+00:00,2026-08-20T05:00:00+00:00,1,1Zb102pg,test,a1ac286b97b15d33df0a93f90b11a1c3a41b0dafd9eede401094b43b93cc0765,VERIFIED_VALID,31.098,30.764,31.418,37.56,37.94,0,0.1732,0,-0.5977,0.3768,-0.8017,-0.9263,0.0,0.361
2026-08-20T05:00:00+00:00,2026-08-20T06:00:00+00:00,1,1Zb102pg,test,a1ac286b97b15d33df0a93f90b11a1c3a41b0dafd9eede401094b43b93cc0765,VERIFIED_VALID,30.348,30.335,31.098,34.54,36.23,0,0.1403,0,0.5605,-0.5969,0.8281,-0.8023,0.0,0.292
2026-08-20T06:00:00+00:00,2026-08-20T07:00:00+00:00,1,1Zb102pg,test,a1ac286b97b15d33df0a93f90b11a1c3a41b0dafd9eede401094b43b93cc0765,VERIFIED_VALID,29.832,29.336,30.348,35.52,33.024,0,0.2066,0,0.4086,0.5673,0.9127,0.8235,0.0,0.566
2026-08-20T07:00:00+00:00,2026-08-20T08:00:00+00:00,1,1Zb102pg,test,a1ac286b97b15d33df0a93f90b11a1c3a41b0dafd9eede401094b43b93cc0765,VERIFIED_VALID,30.423,28.784,29.832,36.36,33.546,0,0.2317,0,0.9131,0.4386,0.4078,0.8987,0.0,0.67
2026-08-20T08:00:00+00:00,2026-08-20T09:00:00+00:00,1,1Zb102pg,test,a1ac286b97b15d33df0a93f90b11a1c3a41b0dafd9eede401094b43b93cc0765,VERIFIED_VALID,29.18,29.328,30.423,33.64,34.386,0,0.1551,0,0.991,0.8812,-0.1336,0.4728,0.0,0.401
2026-08-20T09:00:00+00:00,2026-08-20T10:00:00+00:00,1,1Zb102pg,test,a1ac286b97b15d33df0a93f90b11a1c3a41b0dafd9eede401094b43b93cc0765,VERIFIED_VALID,28.641,28.266,29.18,32.88,32.024,0,0.2471,0,0.9716,1.0,0.2366,0.0027,0.0,0.683
2026-08-20T10:00:00+00:00,2026-08-20T11:00:00+00:00,1,1Zb102pg,test,a1ac286b97b15d33df0a93f90b11a1c3a41b0dafd9eede401094b43b93cc0765,VERIFIED_VALID,28.105,27.749,28.641,32.1,31.215,0,0.1338,0,0.9716,0.9475,0.2367,0.3197,0.0,0.295
2026-08-20T11:00:00+00:00,2026-08-20T12:00:00+00:00,1,1Zb102pg,test,a1ac286b97b15d33df0a93f90b11a1c3a41b0dafd9eede401094b43b93cc0765,VERIFIED_VALID,27.124,27.349,28.105,30.46,30.599,0,0.1478,0,0.9716,0.9484,0.2368,0.3171,0.0,0.309
2026-08-20T12:00:00+00:00,2026-08-20T13:00:00+00:00,1,1Zb102pg,test,a1ac286b97b15d33df0a93f90b11a1c3a41b0dafd9eede401094b43b93cc0765,VERIFIED_VALID,26.673,26.528,27.124,29.43,29.138,0,0.1407,0,0.9716,0.9506,0.2367,0.3103,0.0,0.255
2026-08-20T13:00:00+00:00,2026-08-20T14:00:00+00:00,1,1Zb102pg,test,a1ac286b97b15d33df0a93f90b11a1c3a41b0dafd9eede401094b43b93cc0765,VERIFIED_VALID,26.141,26.269,26.673,28.19,28.536,0,0.1218,0,0.9717,0.954,0.2363,0.2998,0.0,0.17
2026-08-20T14:00:00+00:00,2026-08-20T15:00:00+00:00,1,1Zb102pg,test,a1ac286b97b15d33df0a93f90b11a1c3a41b0dafd9eede401094b43b93cc0765,VERIFIED_VALID,26.168,25.824,26.141,28.24,27.505,0,0.1106,0,0.9715,0.9562,0.2369,0.2927,0.0,0.135
2026-08-20T15:00:00+00:00,2026-08-20T16:00:00+00:00,1,1Zb102pg,test,a1ac286b97b15d33df0a93f90b11a1c3a41b0dafd9eede401094b43b93cc0765,VERIFIED_VALID,26.236,25.889,26.168,28.41,27.638,0,0.0706,0,0.9717,0.9625,0.2363,0.2714,0.0,0.068
2026-08-20T16:00:00+00:00,2026-08-20T17:00:00+00:00,1,1Zb102pg,test,a1ac286b97b15d33df0a93f90b11a1c3a41b0dafd9eede401094b43b93cc0765,VERIFIED_VALID,26.007,25.931,26.236,27.92,27.746,0,0.0637,0,0.9717,0.9649,0.2361,0.2628,0.0,0.06
2026-08-20T17:00:00+00:00,2026-08-20T18:00:00+00:00,1,1Zb102pg,test,a1ac286b97b15d33df0a93f90b11a1c3a41b0dafd9eede401094b43b93cc0765,VERIFIED_VALID,25.942,25.746,26.007,27.78,26.652,0,0.0666,0,0.9716,0.9646,0.2366,0.2637,0.0,0.062
2026-08-20T18:00:00+00:00,2026-08-20T19:00:00+00:00,1,1Zb102pg,test,a1ac286b97b15d33df0a93f90b11a1c3a41b0dafd9eede401094b43b93cc0765,VERIFIED_VALID,25.729,25.769,25.942,27.32,27.4,0,0.0607,0,0.9718,0.9661,0.2358,0.2581,0.0,0.05
2026-08-20T19:00:00+00:00,2026-08-20T20:00:00+00:00,1,1Zb102pg,test,a1ac286b97b15d33df0a93f90b11a1c3a41b0dafd9eede401094b43b93cc0765,VERIFIED_VALID,25.781,25.583,25.729,27.45,26.506,0,0.0545,0,0.9718,0.9682,0.2359,0.25,0.0,0.042
2026-08-20T20:00:00+00:00,2026-08-20T21:00:00+00:00,1,1Zb102pg,test,a1ac286b97b15d33df0a93f90b11a1c3a41b0dafd9eede401094b43b93cc0765,VERIFIED_VALID,25.567,25.786,25.781,26.95,27.462,0,0.0579,0,0.9716,0.9664,0.2365,0.2571,0.0,0.041
2026-08-20T21:00:00+00:00,2026-08-20T22:00:00+00:00,1,1Zb102pg,test,a1ac286b97b15d33df0a93f90b11a1c3a41b0dafd9eede401094b43b93cc0765,VERIFIED_VALID,26.712,25.695,25.567,29.72,26.629,0,0.0721,0,0.9717,0.9627,0.2361,0.2705,0.0,0.051
2026-08-20T22:00:00+00:00,2026-08-20T23:00:00+00:00,1,1Zb102pg,test,a1ac286b97b15d33df0a93f90b11a1c3a41b0dafd9eede401094b43b93cc0765,VERIFIED_VALID,28.479,27.1,26.712,33.48,30.78,0,0.0623,0,0.0865,0.9625,-0.9963,0.2712,0.0,0.036
2026-08-20T23:00:00+00:00,2026-08-21T00:00:00+00:00,1,1Zb102pg,test,a1ac286b97b15d33df0a93f90b11a1c3a41b0dafd9eede401094b43b93cc0765,VERIFIED_VALID,31.801,29.131,28.479,39.12,34.913,0,0.0431,0,0.0893,0.0965,-0.996,-0.9953,0.0,0.019
2026-08-21T00:00:00+00:00,2026-08-21T01:00:00+00:00,1,1Zb102pg,test,a1ac286b97b15d33df0a93f90b11a1c3a41b0dafd9eede401094b43b93cc0765,VERIFIED_VALID,32.685,32.545,31.801,39.71,40.391,0,0.0334,0,0.2663,0.0787,0.9639,-0.9969,0.0,0.012
2026-08-21T01:00:00+00:00,2026-08-21T02:00:00+00:00,1,1Zb102pg,test,a1ac286b97b15d33df0a93f90b11a1c3a41b0dafd9eede401094b43b93cc0765,VERIFIED_VALID,33.197,33.001,32.685,39.38,40.252,0,0.0417,0,0.5037,0.2534,0.8639,0.9674,0.0,0.026
2026-08-21T02:00:00+00:00,2026-08-21T03:00:00+00:00,1,1Zb102pg,test,a1ac286b97b15d33df0a93f90b11a1c3a41b0dafd9eede401094b43b93cc0765,VERIFIED_VALID,33.808,33.139,33.197,40.0,39.359,0,0.0405,0,0.3831,0.4804,0.9237,0.877,0.0,0.031
2026-08-21T03:00:00+00:00,2026-08-21T04:00:00+00:00,1,1Zb102pg,test,a1ac286b97b15d33df0a93f90b11a1c3a41b0dafd9eede401094b43b93cc0765,VERIFIED_VALID,34.416,33.207,33.808,40.56,39.269,0,0.0578,0,0.5865,0.383,0.8099,0.9237,0.0,0.076
2026-08-21T04:00:00+00:00,2026-08-21T05:00:00+00:00,1,1Zb102pg,test,a1ac286b97b15d33df0a93f90b11a1c3a41b0dafd9eede401094b43b93cc0765,VERIFIED_VALID,35.228,33.386,34.416,42.23,39.277,0,0.0737,0,0.0876,0.5793,-0.9962,0.8151,0.0,0.137
2026-08-21T05:00:00+00:00,2026-08-21T06:00:00+00:00,1,1Zb102pg,test,a1ac286b97b15d33df0a93f90b11a1c3a41b0dafd9eede401094b43b93cc0765,VERIFIED_VALID,33.055,33.944,35.228,40.89,40.644,0,0.0631,0,0.293,0.1724,0.9561,-0.985,0.0,0.118
2026-08-21T06:00:00+00:00,2026-08-21T07:00:00+00:00,1,1Zb102pg,test,a1ac286b97b15d33df0a93f90b11a1c3a41b0dafd9eede401094b43b93cc0765,VERIFIED_VALID,33.96,31.587,33.055,41.8,38.536,0,0.0905,0,0.3848,0.3401,0.923,0.9404,0.0,0.225
2026-08-21T07:00:00+00:00,2026-08-21T08:00:00+00:00,1,1Zb102pg,test,a1ac286b97b15d33df0a93f90b11a1c3a41b0dafd9eede401094b43b93cc0765,VERIFIED_VALID,32.078,32.424,33.96,38.55,39.523,0,0.0864,0,0.5281,0.4169,0.8492,0.909,0.0,0.216
2026-08-21T08:00:00+00:00,2026-08-21T09:00:00+00:00,1,1Zb102pg,test,a1ac286b97b15d33df0a93f90b11a1c3a41b0dafd9eede401094b43b93cc0765,VERIFIED_VALID,31.05,30.569,32.078,37.01,36.141,0,0.0965,0,0.3074,0.5382,0.9516,0.8428,0.0,0.252
2026-08-21T09:00:00+00:00,2026-08-21T10:00:00+00:00,1,1Zb102pg,test,a1ac286b97b15d33df0a93f90b11a1c3a41b0dafd9eede401094b43b93cc0765,VERIFIED_VALID,30.471,29.607,31.05,36.21,34.573,0,0.117,0,0.3067,0.3572,0.9518,0.934,0.0,0.321
2026-08-21T10:00:00+00:00,2026-08-21T11:00:00+00:00,1,1Zb102pg,test,a1ac286b97b15d33df0a93f90b11a1c3a41b0dafd9eede401094b43b93cc0765,VERIFIED_VALID,30.024,29.051,30.471,34.69,33.72,0,0.0809,0,0.4206,0.3472,0.9072,0.9378,0.0,0.188
2026-08-21T11:00:00+00:00,2026-08-21T12:00:00+00:00,1,1Zb102pg,test,a1ac286b97b15d33df0a93f90b11a1c3a41b0dafd9eede401094b43b93cc0765,VERIFIED_VALID,29.463,28.675,30.024,34.14,32.478,0,0.0723,0,0.4213,0.4385,0.9069,0.8987,0.0,0.153
2026-08-21T12:00:00+00:00,2026-08-21T13:00:00+00:00,1,1Zb102pg,test,a1ac286b97b15d33df0a93f90b11a1c3a41b0dafd9eede401094b43b93cc0765,VERIFIED_VALID,29.005,28.277,29.463,33.45,32.059,0,0.0673,0,0.4215,0.4312,0.9068,0.9023,0.0,0.126
2026-08-21T13:00:00+00:00,2026-08-21T14:00:00+00:00,1,1Zb102pg,test,a1ac286b97b15d33df0a93f90b11a1c3a41b0dafd9eede401094b43b93cc0765,VERIFIED_VALID,28.632,27.936,29.005,33.19,31.514,0,0.0628,0,0.4209,0.4249,0.9071,0.9052,0.0,0.105
2026-08-21T14:00:00+00:00,2026-08-21T15:00:00+00:00,1,1Zb102pg,test,a1ac286b97b15d33df0a93f90b11a1c3a41b0dafd9eede401094b43b93cc0765,VERIFIED_VALID,27.474,27.682,28.632,31.19,31.335,0,0.0617,0,0.421,0.4203,0.9071,0.9074,0.0,0.095
2026-08-21T15:00:00+00:00,2026-08-21T16:00:00+00:00,1,1Zb102pg,test,a1ac286b97b15d33df0a93f90b11a1c3a41b0dafd9eede401094b43b93cc0765,VERIFIED_VALID,27.505,26.709,27.474,31.23,29.55,0,0.0717,0,0.4206,0.4242,0.9072,0.9056,0.0,0.108
2026-08-21T16:00:00+00:00,2026-08-21T17:00:00+00:00,1,1Zb102pg,test,a1ac286b97b15d33df0a93f90b11a1c3a41b0dafd9eede401094b43b93cc0765,VERIFIED_VALID,27.175,26.785,27.505,30.48,29.681,0,0.0605,0,0.4202,0.4152,0.9074,0.9097,0.0,0.079
2026-08-21T17:00:00+00:00,2026-08-21T18:00:00+00:00,1,1Zb102pg,test,a1ac286b97b15d33df0a93f90b11a1c3a41b0dafd9eede401094b43b93cc0765,VERIFIED_VALID,27.043,26.518,27.175,30.25,29.07,0,0.0548,0,0.4198,0.4082,0.9076,0.9129,0.0,0.064
2026-08-21T18:00:00+00:00,2026-08-21T19:00:00+00:00,1,1Zb102pg,test,a1ac286b97b15d33df0a93f90b11a1c3a41b0dafd9eede401094b43b93cc0765,VERIFIED_VALID,26.257,26.422,27.043,28.5,28.895,0,0.0491,0,0.4199,0.3999,0.9076,0.9166,0.0,0.052
2026-08-21T19:00:00+00:00,2026-08-21T20:00:00+00:00,1,1Zb102pg,test,a1ac286b97b15d33df0a93f90b11a1c3a41b0dafd9eede401094b43b93cc0765,VERIFIED_VALID,26.562,25.81,26.257,29.2,27.506,0,0.057,0,0.4202,0.4101,0.9074,0.912,0.0,0.059
2026-08-21T20:00:00+00:00,2026-08-21T21:00:00+00:00,1,1Zb102pg,test,a1ac286b97b15d33df0a93f90b11a1c3a41b0dafd9eede401094b43b93cc0765,VERIFIED_VALID,26.605,26.26,26.562,29.26,28.535,0,0.0471,0,0.4206,0.4004,0.9073,0.9163,0.0,0.04
2026-08-21T21:00:00+00:00,2026-08-21T22:00:00+00:00,1,1Zb102pg,test,a1ac286b97b15d33df0a93f90b11a1c3a41b0dafd9eede401094b43b93cc0765,VERIFIED_VALID,27.423,26.443,26.605,31.07,28.914,0,0.0471,0,0.4207,0.4034,0.9072,0.915,0.0,0.037
2026-08-21T22:00:00+00:00,2026-08-21T23:00:00+00:00,1,1Zb102pg,test,a1ac286b97b15d33df0a93f90b11a1c3a41b0dafd9eede401094b43b93cc0765,VERIFIED_VALID,28.237,27.622,27.423,33.01,31.524,0,0.0533,0,0.4147,0.4152,0.91,0.9097,0.0,0.039
2026-08-21T23:00:00+00:00,2026-08-22T00:00:00+00:00,1,1Zb102pg,test,a1ac286b97b15d33df0a93f90b11a1c3a41b0dafd9eede401094b43b93cc0765,VERIFIED_VALID,29.904,28.621,28.237,36.18,33.906,0,0.0831,0,0.9773,0.4197,0.2121,0.9077,0.0,0.071
2026-08-22T00:00:00+00:00,2026-08-22T01:00:00+00:00,1,1Zb102pg,test,a1ac286b97b15d33df0a93f90b11a1c3a41b0dafd9eede401094b43b93cc0765,VERIFIED_VALID,30.762,30.399,29.904,37.01,37.194,0,0.047,0,0.8788,0.9673,-0.4772,0.2535,0.0,0.03
2026-08-22T01:00:00+00:00,2026-08-22T02:00:00+00:00,1,1Zb102pg,test,a1ac286b97b15d33df0a93f90b11a1c3a41b0dafd9eede401094b43b93cc0765,VERIFIED_VALID,32.554,31.158,30.762,40.07,37.742,0,0.0447,0,0.8785,0.8969,-0.4778,-0.4422,0.0,0.029
2026-08-22T02:00:00+00:00,2026-08-22T03:00:00+00:00,1,1Zb102pg,test,a1ac286b97b15d33df0a93f90b11a1c3a41b0dafd9eede401094b43b93cc0765,VERIFIED_VALID,33.619,32.72,32.554,41.61,40.379,0,0.0432,0,0.8505,0.894,-0.5259,-0.448,0.0,0.032
2026-08-22T03:00:00+00:00,2026-08-22T04:00:00+00:00,1,1Zb102pg,test,a1ac286b97b15d33df0a93f90b11a1c3a41b0dafd9eede401094b43b93cc0765,VERIFIED_VALID,34.557,33.357,33.619,42.73,41.311,0,0.0544,0,0.5541,0.8827,-0.8325,-0.4699,0.0,0.06
2026-08-22T04:00:00+00:00,2026-08-22T05:00:00+00:00,1,1Zb102pg,test,a1ac286b97b15d33df0a93f90b11a1c3a41b0dafd9eede401094b43b93cc0765,VERIFIED_VALID,32.851,33.9,34.557,39.9,41.891,0,0.0572,0,0.6053,0.6113,-0.796,-0.7914,0.0,0.078
2026-08-22T05:00:00+00:00,2026-08-22T06:00:00+00:00,1,1Zb102pg,test,a1ac286b97b15d33df0a93f90b11a1c3a41b0dafd9eede401094b43b93cc0765,VERIFIED_VALID,28.159,31.78,32.851,33.06,38.272,1,0.0848,0,0.3572,0.7119,-0.934,-0.7023,1.978,0.172
2026-08-22T06:00:00+00:00,2026-08-22T07:00:00+00:00,1,1Zb102pg,test,a1ac286b97b15d33df0a93f90b11a1c3a41b0dafd9eede401094b43b93cc0765,VERIFIED_VALID,26.6,27.44,28.159,29.36,31.495,1,0.8038,1,0.1987,0.4756,0.9801,-0.8796,2.967,1.654
2026-08-22T07:00:00+00:00,2026-08-22T08:00:00+00:00,1,1Zb102pg,test,a1ac286b97b15d33df0a93f90b11a1c3a41b0dafd9eede401094b43b93cc0765,VERIFIED_VALID,26.722,25.968,26.6,29.72,27.914,1,0.8639,1,0.1974,0.2243,0.9803,0.9745,3.187,1.99
2026-08-22T08:00:00+00:00,2026-08-22T09:00:00+00:00,1,1Zb102pg,test,a1ac286b97b15d33df0a93f90b11a1c3a41b0dafd9eede401094b43b93cc0765,VERIFIED_VALID,27.182,26.131,26.722,30.97,28.336,1,0.8705,1,-0.9241,0.218,0.3822,0.976,2.638,1.979
2026-08-22T09:00:00+00:00,2026-08-22T10:00:00+00:00,1,1Zb102pg,test,a1ac286b97b15d33df0a93f90b11a1c3a41b0dafd9eede401094b43b93cc0765,VERIFIED_VALID,26.734,26.627,27.182,29.75,29.634,1,0.8615,1,-0.9238,-0.8647,0.3828,0.5023,0.11,1.836
2026-08-22T10:00:00+00:00,2026-08-22T11:00:00+00:00,1,1Zb102pg,test,a1ac286b97b15d33df0a93f90b11a1c3a41b0dafd9eede401094b43b93cc0765,VERIFIED_VALID,26.647,26.249,26.734,29.58,28.605,0,0.7697,1,-0.9239,-0.8655,0.3826,0.501,0.0,1.175
2026-08-22T11:00:00+00:00,2026-08-22T12:00:00+00:00,1,1Zb102pg,test,a1ac286b97b15d33df0a93f90b11a1c3a41b0dafd9eede401094b43b93cc0765,VERIFIED_VALID,26.693,26.139,26.647,29.65,28.366,0,0.3585,0,-0.924,-0.8632,0.3824,0.5049,0.0,0.842
2026-08-22T12:00:00+00:00,2026-08-22T13:00:00+00:00,1,1Zb102pg,test,a1ac286b97b15d33df0a93f90b11a1c3a41b0dafd9eede401094b43b93cc0765,VERIFIED_VALID,26.342,26.249,26.693,28.8,28.601,0,0.2947,0,-0.924,-0.8661,0.3823,0.4998,0.0,0.586
2026-08-22T13:00:00+00:00,2026-08-22T14:00:00+00:00,1,1Zb102pg,test,a1ac286b97b15d33df0a93f90b11a1c3a41b0dafd9eede401094b43b93cc0765,VERIFIED_VALID,26.635,25.988,26.342,29.52,27.965,0,0.3121,0,-0.9238,-0.8692,0.383,0.4944,0.0,0.575
2026-08-22T14:00:00+00:00,2026-08-22T15:00:00+00:00,1,1Zb102pg,test,a1ac286b97b15d33df0a93f90b11a1c3a41b0dafd9eede401094b43b93cc0765,VERIFIED_VALID,26.931,26.238,26.635,30.27,28.584,0,0.1724,0,-0.9238,-0.8728,0.3829,0.4881,0.0,0.269
2026-08-22T15:00:00+00:00,2026-08-22T16:00:00+00:00,1,1Zb102pg,test,a1ac286b97b15d33df0a93f90b11a1c3a41b0dafd9eede401094b43b93cc0765,VERIFIED_VALID,27.166,26.478,26.931,30.95,29.195,1,0.1338,0,-0.924,-0.8763,0.3824,0.4817,1.209,0.203
2026-08-22T16:00:00+00:00,2026-08-22T17:00:00+00:00,1,1Zb102pg,test,a1ac286b97b15d33df0a93f90b11a1c3a41b0dafd9eede401094b43b93cc0765,VERIFIED_VALID,27.332,26.713,27.166,31.42,30.15,0,0.6541,1,-0.9238,-0.8649,0.3829,0.502,0.0,0.703
2026-08-22T17:00:00+00:00,2026-08-22T18:00:00+00:00,1,1Zb102pg,test,a1ac286b97b15d33df0a93f90b11a1c3a41b0dafd9eede401094b43b93cc0765,VERIFIED_VALID,27.46,26.893,27.332,31.75,30.635,1,0.2841,0,-0.9241,-0.8652,0.3823,0.5015,1.209,0.556
2026-08-22T18:00:00+00:00,2026-08-22T19:00:00+00:00,1,1Zb102pg,test,a1ac286b97b15d33df0a93f90b11a1c3a41b0dafd9eede401094b43b93cc0765,VERIFIED_VALID,27.456,26.944,27.46,31.83,30.781,1,0.7229,1,-0.9239,-0.8618,0.3825,0.5072,1.978,1.014
2026-08-22T19:00:00+00:00,2026-08-22T20:00:00+00:00,1,1Zb102pg,test,a1ac286b97b15d33df0a93f90b11a1c3a41b0dafd9eede401094b43b93cc0765,VERIFIED_VALID,27.401,26.918,27.456,31.63,30.846,0,0.7961,1,-0.9239,-0.8621,0.3827,0.5067,0.0,1.367
2026-08-22T20:00:00+00:00,2026-08-22T21:00:00+00:00,1,1Zb102pg,test,a1ac286b97b15d33df0a93f90b11a1c3a41b0dafd9eede401094b43b93cc0765,VERIFIED_VALID,27.591,26.873,27.401,32.2,30.654,0,0.2877,0,-0.9237,-0.8613,0.383,0.508,0.0,0.628
2026-08-22T21:00:00+00:00,2026-08-22T22:00:00+00:00,1,1Zb102pg,test,a1ac286b97b15d33df0a93f90b11a1c3a41b0dafd9eede401094b43b93cc0765,VERIFIED_VALID,27.827,27.196,27.591,32.92,31.501,0,0.3075,0,-0.9242,-0.8646,0.3819,0.5025,0.0,0.634
2026-08-22T22:00:00+00:00,2026-08-22T23:00:00+00:00,1,1Zb102pg,test,a1ac286b97b15d33df0a93f90b11a1c3a41b0dafd9eede401094b43b93cc0765,VERIFIED_VALID,28.62,27.581,27.827,34.46,32.56,0,0.2294,0,-0.9243,-0.8681,0.3817,0.4964,0.0,0.405
2026-08-22T23:00:00+00:00,2026-08-23T00:00:00+00:00,1,1Zb102pg,test,a1ac286b97b15d33df0a93f90b11a1c3a41b0dafd9eede401094b43b93cc0765,VERIFIED_VALID,30.276,28.416,28.62,37.7,34.018,0,0.2213,0,-0.9585,-0.8684,0.2852,0.4959,0.0,0.385
2026-08-23T00:00:00+00:00,2026-08-23T01:00:00+00:00,1,1Zb102pg,test,a1ac286b97b15d33df0a93f90b11a1c3a41b0dafd9eede401094b43b93cc0765,VERIFIED_VALID,30.924,30.102,30.276,38.46,37.393,0,0.1619,0,-0.0616,-0.9162,-0.9981,0.4007,0.0,0.263
2026-08-23T01:00:00+00:00,2026-08-23T02:00:00+00:00,1,1Zb102pg,test,a1ac286b97b15d33df0a93f90b11a1c3a41b0dafd9eede401094b43b93cc0765,VERIFIED_VALID,32.031,30.674,30.924,40.03,38.032,0,0.133,0,0.6283,0.0066,-0.778,-1.0,0.0,0.211
2026-08-23T02:00:00+00:00,2026-08-23T03:00:00+00:00,1,1Zb102pg,test,a1ac286b97b15d33df0a93f90b11a1c3a41b0dafd9eede401094b43b93cc0765,VERIFIED_VALID,32.281,31.618,32.031,40.62,39.344,0,0.1493,0,0.8975,0.7246,-0.4411,-0.6892,0.0,0.274
2026-08-23T03:00:00+00:00,2026-08-23T04:00:00+00:00,1,1Zb102pg,test,a1ac286b97b15d33df0a93f90b11a1c3a41b0dafd9eede401094b43b93cc0765,VERIFIED_VALID,32.835,31.618,32.281,40.49,39.462,0,0.1921,0,0.6578,0.9515,-0.7532,-0.3075,0.0,0.438
2026-08-23T04:00:00+00:00,2026-08-23T05:00:00+00:00,1,1Zb102pg,test,a1ac286b97b15d33df0a93f90b11a1c3a41b0dafd9eede401094b43b93cc0765,VERIFIED_VALID,26.915,31.92,32.835,30.03,39.027,1,0.1309,0,-0.0811,0.7672,-0.9967,-0.6414,2.308,0.295
2026-08-23T05:00:00+00:00,2026-08-23T06:00:00+00:00,1,1Zb102pg,test,a1ac286b97b15d33df0a93f90b11a1c3a41b0dafd9eede401094b43b93cc0765,VERIFIED_VALID,27.185,26.275,26.915,30.64,28.606,1,0.8675,1,-0.4326,-0.0271,0.9016,-0.9996,0.44,2.05
2026-08-23T06:00:00+00:00,2026-08-23T07:00:00+00:00,1,1Zb102pg,test,a1ac286b97b15d33df0a93f90b11a1c3a41b0dafd9eede401094b43b93cc0765,VERIFIED_VALID,27.221,26.516,27.185,30.68,29.146,0,0.7501,1,-0.432,-0.3281,0.9019,0.9446,0.0,1.298
2026-08-23T07:00:00+00:00,2026-08-23T08:00:00+00:00,1,1Zb102pg,test,a1ac286b97b15d33df0a93f90b11a1c3a41b0dafd9eede401094b43b93cc0765,VERIFIED_VALID,27.565,26.518,27.221,31.24,29.125,0,0.3451,0,-0.433,-0.3207,0.9014,0.9472,0.0,0.946
2026-08-23T08:00:00+00:00,2026-08-23T09:00:00+00:00,1,1Zb102pg,test,a1ac286b97b15d33df0a93f90b11a1c3a41b0dafd9eede401094b43b93cc0765,VERIFIED_VALID,27.824,26.856,27.565,32.0,29.75,0,0.3291,0,-0.4323,-0.3199,0.9017,0.9475,0.0,0.894
2026-08-23T09:00:00+00:00,2026-08-23T10:00:00+00:00,1,1Zb102pg,test,a1ac286b97b15d33df0a93f90b11a1c3a41b0dafd9eede401094b43b93cc0765,VERIFIED_VALID,26.991,27.072,27.824,30.15,30.367,0,0.2872,0,-0.4324,-0.3145,0.9017,0.9492,0.0,0.763
2026-08-23T10:00:00+00:00,2026-08-23T11:00:00+00:00,1,1Zb102pg,test,a1ac286b97b15d33df0a93f90b11a1c3a41b0dafd9eede401094b43b93cc0765,VERIFIED_VALID,27.142,26.224,26.991,30.46,28.447,0,0.2773,0,-0.4329,-0.3161,0.9015,0.9487,0.0,0.725
2026-08-23T11:00:00+00:00,2026-08-23T12:00:00+00:00,1,1Zb102pg,test,a1ac286b97b15d33df0a93f90b11a1c3a41b0dafd9eede401094b43b93cc0765,VERIFIED_VALID,26.965,26.468,27.142,30.19,28.977,1,0.2061,0,-0.4327,-0.3255,0.9015,0.9456,4.726,0.449
2026-08-23T12:00:00+00:00,2026-08-23T13:00:00+00:00,1,1Zb102pg,test,a1ac286b97b15d33df0a93f90b11a1c3a41b0dafd9eede401094b43b93cc0765,VERIFIED_VALID,26.734,26.386,26.965,29.74,28.878,1,0.862,1,-0.4319,-0.3499,0.9019,0.9368,1.099,1.827
2026-08-23T13:00:00+00:00,2026-08-23T14:00:00+00:00,1,1Zb102pg,test,a1ac286b97b15d33df0a93f90b11a1c3a41b0dafd9eede401094b43b93cc0765,VERIFIED_VALID,26.472,26.22,26.734,29.13,28.53,1,0.7598,1,-0.432,-0.3451,0.9019,0.9386,0.22,1.102
2026-08-23T14:00:00+00:00,2026-08-23T15:00:00+00:00,1,1Zb102pg,test,a1ac286b97b15d33df0a93f90b11a1c3a41b0dafd9eede401094b43b93cc0765,VERIFIED_VALID,26.524,26.027,26.472,29.26,28.076,0,0.7357,1,-0.4321,-0.348,0.9018,0.9375,0.0,0.938
2026-08-23T15:00:00+00:00,2026-08-23T16:00:00+00:00,1,1Zb102pg,test,a1ac286b97b15d33df0a93f90b11a1c3a41b0dafd9eede401094b43b93cc0765,VERIFIED_VALID,26.522,26.043,26.524,29.27,28.114,1,0.2728,0,-0.4323,-0.3383,0.9017,0.941,0.11,0.533
2026-08-23T16:00:00+00:00,2026-08-23T17:00:00+00:00,1,1Zb102pg,test,a1ac286b97b15d33df0a93f90b11a1c3a41b0dafd9eede401094b43b93cc0765,VERIFIED_VALID,26.334,26.116,26.522,28.82,28.303,1,0.7312,1,-0.4326,-0.3472,0.9016,0.9378,0.22,0.917
2026-08-23T17:00:00+00:00,2026-08-23T18:00:00+00:00,1,1Zb102pg,test,a1ac286b97b15d33df0a93f90b11a1c3a41b0dafd9eede401094b43b93cc0765,VERIFIED_VALID,26.56,25.911,26.334,29.37,27.805,0,0.72,1,-0.4322,-0.3437,0.9018,0.9391,0.0,0.92
2026-08-23T18:00:00+00:00,2026-08-23T19:00:00+00:00,1,1Zb102pg,test,a1ac286b97b15d33df0a93f90b11a1c3a41b0dafd9eede401094b43b93cc0765,VERIFIED_VALID,26.746,26.131,26.56,29.83,28.346,1,0.282,0,-0.4322,-0.3361,0.9018,0.9418,0.11,0.571
2026-08-23T19:00:00+00:00,2026-08-23T20:00:00+00:00,1,1Zb102pg,test,a1ac286b97b15d33df0a93f90b11a1c3a41b0dafd9eede401094b43b93cc0765,VERIFIED_VALID,26.705,26.336,26.746,29.73,28.851,0,0.6442,1,-0.4326,-0.338,0.9016,0.9411,0.0,0.687
2026-08-23T20:00:00+00:00,2026-08-23T21:00:00+00:00,1,1Zb102pg,test,a1ac286b97b15d33df0a93f90b11a1c3a41b0dafd9eede401094b43b93cc0765,VERIFIED_VALID,27.027,26.343,26.705,30.57,28.867,0,0.2582,0,-0.4321,-0.3401,0.9018,0.9404,0.0,0.48
2026-08-23T21:00:00+00:00,2026-08-23T22:00:00+00:00,1,1Zb102pg,test,a1ac286b97b15d33df0a93f90b11a1c3a41b0dafd9eede401094b43b93cc0765,VERIFIED_VALID,27.44,26.732,27.027,31.71,30.144,0,0.2703,0,-0.4319,-0.3422,0.9019,0.9396,0.0,0.492
2026-08-23T22:00:00+00:00,2026-08-23T23:00:00+00:00,1,1Zb102pg,test,a1ac286b97b15d33df0a93f90b11a1c3a41b0dafd9eede401094b43b93cc0765,VERIFIED_VALID,28.233,27.273,27.44,33.74,31.534,0,0.3585,0,-0.432,-0.3496,0.9019,0.9369,0.0,0.709
2026-08-23T23:00:00+00:00,2026-08-24T00:00:00+00:00,1,1Zb102pg,test,a1ac286b97b15d33df0a93f90b11a1c3a41b0dafd9eede401094b43b93cc0765,VERIFIED_VALID,29.337,28.143,28.233,36.37,33.627,0,0.2368,0,-0.4842,-0.3448,0.8749,0.9387,0.0,0.391
2026-08-24T00:00:00+00:00,2026-08-24T01:00:00+00:00,1,1Zb102pg,test,a1ac286b97b15d33df0a93f90b11a1c3a41b0dafd9eede401094b43b93cc0765,VERIFIED_VALID,30.237,29.199,29.337,37.69,36.094,0,0.2231,0,0.381,-0.3921,-0.9246,0.9199,0.0,0.384
2026-08-24T01:00:00+00:00,2026-08-24T02:00:00+00:00,1,1Zb102pg,test,a1ac286b97b15d33df0a93f90b11a1c3a41b0dafd9eede401094b43b93cc0765,VERIFIED_VALID,31.32,29.996,30.237,39.26,37.229,0,0.2092,0,-0.7989,0.4822,-0.6014,-0.8761,0.0,0.372
2026-08-24T02:00:00+00:00,2026-08-24T03:00:00+00:00,1,1Zb102pg,test,a1ac286b97b15d33df0a93f90b11a1c3a41b0dafd9eede401094b43b93cc0765,VERIFIED_VALID,32.217,30.942,31.32,41.06,38.576,1,0.1784,0,0.304,-0.8267,-0.9527,-0.5626,0.11,0.334
2026-08-24T03:00:00+00:00,2026-08-24T04:00:00+00:00,1,1Zb102pg,test,a1ac286b97b15d33df0a93f90b11a1c3a41b0dafd9eede401094b43b93cc0765,VERIFIED_VALID,29.898,31.636,32.217,35.91,40.008,0,0.5947,1,-0.0357,0.4244,-0.9994,-0.9055,0.0,0.669
2026-08-24T04:00:00+00:00,2026-08-24T05:00:00+00:00,1,1Zb102pg,test,a1ac286b97b15d33df0a93f90b11a1c3a41b0dafd9eede401094b43b93cc0765,VERIFIED_VALID,29.165,29.11,29.898,35.48,34.4,1,0.2483,0,-0.0361,0.0685,-0.9993,-0.9977,0.33,0.644
2026-08-24T05:00:00+00:00,2026-08-24T06:00:00+00:00,1,1Zb102pg,test,a1ac286b97b15d33df0a93f90b11a1c3a41b0dafd9eede401094b43b93cc0765,VERIFIED_VALID,27.026,28.363,29.165,30.35,33.702,1,0.6279,1,0.5393,0.0687,0.8421,-0.9976,6.704,0.875
2026-08-24T06:00:00+00:00,2026-08-24T07:00:00+00:00,1,1Zb102pg,test,a1ac286b97b15d33df0a93f90b11a1c3a41b0dafd9eede401094b43b93cc0765,VERIFIED_VALID,26.881,26.334,27.026,30.02,28.793,1,0.9072,1,0.0305,0.5161,-0.9995,0.8565,1.868,2.551
2026-08-24T07:00:00+00:00,2026-08-24T08:00:00+00:00,1,1Zb102pg,test,a1ac286b97b15d33df0a93f90b11a1c3a41b0dafd9eede401094b43b93cc0765,VERIFIED_VALID,26.816,26.351,26.881,29.98,28.814,1,0.8341,1,0.0299,0.0962,-0.9996,-0.9954,1.319,1.638
2026-08-24T08:00:00+00:00,2026-08-24T09:00:00+00:00,1,1Zb102pg,test,a1ac286b97b15d33df0a93f90b11a1c3a41b0dafd9eede401094b43b93cc0765,VERIFIED_VALID,26.965,26.406,26.816,30.29,29.019,0,0.8437,1,0.0296,0.082,-0.9996,-0.9966,0.0,1.59
2026-08-24T09:00:00+00:00,2026-08-24T10:00:00+00:00,1,1Zb102pg,test,a1ac286b97b15d33df0a93f90b11a1c3a41b0dafd9eede401094b43b93cc0765,VERIFIED_VALID,26.426,26.614,26.965,28.98,29.478,0,0.4011,1,0.0795,0.0965,-0.9968,-0.9953,0.0,0.934
2026-08-24T10:00:00+00:00,2026-08-24T11:00:00+00:00,1,1Zb102pg,test,a1ac286b97b15d33df0a93f90b11a1c3a41b0dafd9eede401094b43b93cc0765,VERIFIED_VALID,26.266,26.116,26.426,28.56,28.263,1,0.3055,0,-0.0039,0.1553,-1.0,-0.9879,0.11,0.577
2026-08-24T11:00:00+00:00,2026-08-24T12:00:00+00:00,1,1Zb102pg,test,a1ac286b97b15d33df0a93f90b11a1c3a41b0dafd9eede401094b43b93cc0765,VERIFIED_VALID,26.409,26.033,26.266,28.9,28.031,1,0.6222,1,-0.0038,0.0552,-1.0,-0.9985,0.11,0.501
2026-08-24T12:00:00+00:00,2026-08-24T13:00:00+00:00,1,1Zb102pg,test,a1ac286b97b15d33df0a93f90b11a1c3a41b0dafd9eede401094b43b93cc0765,VERIFIED_VALID,26.529,26.244,26.409,29.21,28.528,0,0.5781,1,-0.0037,0.0542,-1.0,-0.9985,0.0,0.371
2026-08-24T13:00:00+00:00,2026-08-24T14:00:00+00:00,1,1Zb102pg,test,a1ac286b97b15d33df0a93f90b11a1c3a41b0dafd9eede401094b43b93cc0765,VERIFIED_VALID,26.667,26.336,26.529,29.47,28.764,1,0.2019,0,-0.0037,0.056,-1.0,-0.9984,0.11,0.271
2026-08-24T14:00:00+00:00,2026-08-24T15:00:00+00:00,1,1Zb102pg,test,a1ac286b97b15d33df0a93f90b11a1c3a41b0dafd9eede401094b43b93cc0765,VERIFIED_VALID,26.677,26.508,26.667,29.57,29.116,0,0.5076,1,-0.0038,0.0527,-1.0,-0.9986,0.0,0.232
2026-08-24T15:00:00+00:00,2026-08-24T16:00:00+00:00,1,1Zb102pg,test,a1ac286b97b15d33df0a93f90b11a1c3a41b0dafd9eede401094b43b93cc0765,VERIFIED_VALID,26.6,26.493,26.677,29.37,29.147,1,0.183,0,-0.0027,0.0544,-1.0,-0.9985,0.22,0.234
2026-08-24T16:00:00+00:00,2026-08-24T17:00:00+00:00,1,1Zb102pg,test,a1ac286b97b15d33df0a93f90b11a1c3a41b0dafd9eede401094b43b93cc0765,VERIFIED_VALID,26.648,26.397,26.6,29.48,28.907,0,0.5479,1,-0.0033,0.0593,-1.0,-0.9982,0.0,0.327
2026-08-24T17:00:00+00:00,2026-08-24T18:00:00+00:00,1,1Zb102pg,test,a1ac286b97b15d33df0a93f90b11a1c3a41b0dafd9eede401094b43b93cc0765,VERIFIED_VALID,26.502,26.446,26.648,29.17,29.019,0,0.2145,0,-0.0035,0.0604,-1.0,-0.9982,0.0,0.311
2026-08-24T18:00:00+00:00,2026-08-24T19:00:00+00:00,1,1Zb102pg,test,a1ac286b97b15d33df0a93f90b11a1c3a41b0dafd9eede401094b43b93cc0765,VERIFIED_VALID,26.705,26.31,26.502,29.68,28.725,0,0.233,0,-0.0033,0.0606,-1.0,-0.9982,0.0,0.352
2026-08-24T19:00:00+00:00,2026-08-24T20:00:00+00:00,1,1Zb102pg,test,a1ac286b97b15d33df0a93f90b11a1c3a41b0dafd9eede401094b43b93cc0765,VERIFIED_VALID,26.75,26.524,26.705,29.81,29.265,0,0.1982,0,-0.0037,0.0602,-1.0,-0.9982,0.0,0.28
2026-08-24T20:00:00+00:00,2026-08-24T21:00:00+00:00,1,1Zb102pg,test,a1ac286b97b15d33df0a93f90b11a1c3a41b0dafd9eede401094b43b93cc0765,VERIFIED_VALID,26.745,26.637,26.75,29.81,29.56,0,0.1938,0,-0.0036,0.0563,-1.0,-0.9984,0.0,0.255
2026-08-24T21:00:00+00:00,2026-08-24T22:00:00+00:00,1,1Zb102pg,test,a1ac286b97b15d33df0a93f90b11a1c3a41b0dafd9eede401094b43b93cc0765,VERIFIED_VALID,27.179,26.723,26.745,30.85,30.004,0,0.1467,0,-0.0036,0.0491,-1.0,-0.9988,0.0,0.16
2026-08-24T22:00:00+00:00,2026-08-24T23:00:00+00:00,1,1Zb102pg,test,a1ac286b97b15d33df0a93f90b11a1c3a41b0dafd9eede401094b43b93cc0765,VERIFIED_VALID,27.958,27.255,27.179,32.52,31.172,0,0.1881,0,0.0327,0.0496,-0.9995,-0.9988,0.0,0.21
2026-08-24T23:00:00+00:00,2026-08-25T00:00:00+00:00,1,1Zb102pg,test,a1ac286b97b15d33df0a93f90b11a1c3a41b0dafd9eede401094b43b93cc0765,VERIFIED_VALID,28.953,28.095,27.958,34.0,32.889,0,0.1683,0,0.9299,0.0883,-0.3678,-0.9961,0.0,0.179
2026-08-25T00:00:00+00:00,2026-08-25T01:00:00+00:00,1,1Zb102pg,test,a1ac286b97b15d33df0a93f90b11a1c3a41b0dafd9eede401094b43b93cc0765,VERIFIED_VALID,29.537,29.078,28.953,35.38,34.32,0,0.1218,0,0.9022,0.9572,-0.4313,-0.2894,0.0,0.123
2026-08-25T01:00:00+00:00,2026-08-25T02:00:00+00:00,1,1Zb102pg,test,a1ac286b97b15d33df0a93f90b11a1c3a41b0dafd9eede401094b43b93cc0765,VERIFIED_VALID,28.881,29.519,29.537,33.79,35.408,0,0.1714,0,0.6956,0.9415,-0.7184,-0.3371,0.0,0.226
2026-08-25T02:00:00+00:00,2026-08-25T03:00:00+00:00,1,1Zb102pg,test,a1ac286b97b15d33df0a93f90b11a1c3a41b0dafd9eede401094b43b93cc0765,VERIFIED_VALID,30.181,28.784,28.881,36.11,33.641,0,0.2373,0,0.5463,0.7725,-0.8376,-0.635,0.0,0.374
2026-08-25T03:00:00+00:00,2026-08-25T04:00:00+00:00,1,1Zb102pg,test,a1ac286b97b15d33df0a93f90b11a1c3a41b0dafd9eede401094b43b93cc0765,VERIFIED_VALID,30.741,29.912,30.181,37.06,35.643,0,0.1486,0,0.2974,0.634,-0.9548,-0.7733,0.0,0.225
2026-08-25T04:00:00+00:00,2026-08-25T05:00:00+00:00,1,1Zb102pg,test,a1ac286b97b15d33df0a93f90b11a1c3a41b0dafd9eede401094b43b93cc0765,VERIFIED_VALID,29.915,30.253,30.741,35.65,36.209,0,0.1876,0,0.2104,0.4098,-0.9776,-0.9122,0.0,0.373
2026-08-25T05:00:00+00:00,2026-08-25T06:00:00+00:00,1,1Zb102pg,test,a1ac286b97b15d33df0a93f90b11a1c3a41b0dafd9eede401094b43b93cc0765,VERIFIED_VALID,29.466,29.272,29.915,34.81,34.46,1,0.1545,0,0.1386,0.3255,-0.9903,-0.9455,0.11,0.314
2026-08-25T06:00:00+00:00,2026-08-25T07:00:00+00:00,1,1Zb102pg,test,a1ac286b97b15d33df0a93f90b11a1c3a41b0dafd9eede401094b43b93cc0765,VERIFIED_VALID,30.032,28.844,29.466,36.61,33.643,0,0.6128,1,0.1381,0.2539,-0.9904,-0.9672,0.0,0.743
2026-08-25T07:00:00+00:00,2026-08-25T08:00:00+00:00,1,1Zb102pg,test,a1ac286b97b15d33df0a93f90b11a1c3a41b0dafd9eede401094b43b93cc0765,VERIFIED_VALID,29.762,29.313,30.032,35.77,35.182,0,0.2335,0,0.1389,0.2615,-0.9903,-0.9652,0.0,0.579
2026-08-25T08:00:00+00:00,2026-08-25T09:00:00+00:00,1,1Zb102pg,test,a1ac286b97b15d33df0a93f90b11a1c3a41b0dafd9eede401094b43b93cc0765,VERIFIED_VALID,29.176,29.023,29.762,34.95,34.334,0,0.2268,0,0.1384,0.2635,-0.9904,-0.9647,0.0,0.563
2026-08-25T09:00:00+00:00,2026-08-25T10:00:00+00:00,1,1Zb102pg,test,a1ac286b97b15d33df0a93f90b11a1c3a41b0dafd9eede401094b43b93cc0765,VERIFIED_VALID,28.278,28.439,29.176,33.47,33.42,0,0.2316,0,0.1382,0.2625,-0.9904,-0.9649,0.0,0.579
2026-08-25T10:00:00+00:00,2026-08-25T11:00:00+00:00,1,1Zb102pg,test,a1ac286b97b15d33df0a93f90b11a1c3a41b0dafd9eede401094b43b93cc0765,VERIFIED_VALID,27.986,27.63,28.278,32.89,32.034,0,0.2712,0,0.1385,0.2527,-0.9904,-0.9675,0.0,0.674
2026-08-25T11:00:00+00:00,2026-08-25T12:00:00+00:00,1,1Zb102pg,test,a1ac286b97b15d33df0a93f90b11a1c3a41b0dafd9eede401094b43b93cc0765,VERIFIED_VALID,27.942,27.427,27.986,32.64,31.695,0,0.2254,0,0.1385,0.244,-0.9904,-0.9698,0.0,0.486
2026-08-25T12:00:00+00:00,2026-08-25T13:00:00+00:00,1,1Zb102pg,test,a1ac286b97b15d33df0a93f90b11a1c3a41b0dafd9eede401094b43b93cc0765,VERIFIED_VALID,27.853,27.457,27.942,32.46,31.577,0,0.1952,0,0.1385,0.2348,-0.9904,-0.972,0.0,0.369
2026-08-25T13:00:00+00:00,2026-08-25T14:00:00+00:00,1,1Zb102pg,test,a1ac286b97b15d33df0a93f90b11a1c3a41b0dafd9eede401094b43b93cc0765,VERIFIED_VALID,27.551,27.417,27.853,31.84,31.513,0,0.1621,0,0.1384,0.2259,-0.9904,-0.9741,0.0,0.271
2026-08-25T14:00:00+00:00,2026-08-25T15:00:00+00:00,1,1Zb102pg,test,a1ac286b97b15d33df0a93f90b11a1c3a41b0dafd9eede401094b43b93cc0765,VERIFIED_VALID,27.307,27.155,27.551,31.08,31.063,0,0.1305,0,0.1384,0.2144,-0.9904,-0.9768,0.0,0.192
2026-08-25T15:00:00+00:00,2026-08-25T16:00:00+00:00,1,1Zb102pg,test,a1ac286b97b15d33df0a93f90b11a1c3a41b0dafd9eede401094b43b93cc0765,VERIFIED_VALID,26.982,26.918,27.307,30.4,30.311,0,0.1192,0,0.1387,0.209,-0.9903,-0.9779,0.0,0.168
2026-08-25T16:00:00+00:00,2026-08-25T17:00:00+00:00,1,1Zb102pg,test,a1ac286b97b15d33df0a93f90b11a1c3a41b0dafd9eede401094b43b93cc0765,VERIFIED_VALID,27.087,26.66,26.982,30.7,29.636,0,0.1094,0,0.1389,0.1994,-0.9903,-0.9799,0.0,0.138
2026-08-25T17:00:00+00:00,2026-08-25T18:00:00+00:00,1,1Zb102pg,test,a1ac286b97b15d33df0a93f90b11a1c3a41b0dafd9eede401094b43b93cc0765,VERIFIED_VALID,26.763,26.768,27.087,29.86,30.204,0,0.0878,0,0.139,0.1842,-0.9903,-0.9829,0.0,0.101
2026-08-25T18:00:00+00:00,2026-08-25T19:00:00+00:00,1,1Zb102pg,test,a1ac286b97b15d33df0a93f90b11a1c3a41b0dafd9eede401094b43b93cc0765,VERIFIED_VALID,27.223,26.484,26.763,31.01,29.201,0,0.102,0,0.1385,0.1937,-0.9904,-0.9811,0.0,0.121
2026-08-25T19:00:00+00:00,2026-08-25T20:00:00+00:00,1,1Zb102pg,test,a1ac286b97b15d33df0a93f90b11a1c3a41b0dafd9eede401094b43b93cc0765,VERIFIED_VALID,27.156,26.99,27.223,30.96,30.646,1,0.0993,0,0.1395,0.1898,-0.9902,-0.9818,2.747,0.112
2026-08-25T20:00:00+00:00,2026-08-25T21:00:00+00:00,1,1Zb102pg,test,a1ac286b97b15d33df0a93f90b11a1c3a41b0dafd9eede401094b43b93cc0765,VERIFIED_VALID,27.142,26.916,27.156,30.94,30.646,1,0.734,1,0.1388,0.2075,-0.9903,-0.9782,0.22,0.853
2026-08-25T21:00:00+00:00,2026-08-25T22:00:00+00:00,1,1Zb102pg,test,a1ac286b97b15d33df0a93f90b11a1c3a41b0dafd9eede401094b43b93cc0765,VERIFIED_VALID,27.433,26.976,27.142,31.72,30.811,0,0.6591,1,0.1387,0.2056,-0.9903,-0.9786,0.0,0.546
2026-08-25T22:00:00+00:00,2026-08-25T23:00:00+00:00,1,1Zb102pg,test,a1ac286b97b15d33df0a93f90b11a1c3a41b0dafd9eede401094b43b93cc0765,VERIFIED_VALID,28.683,27.354,27.433,34.41,31.752,0,0.3183,0,0.1392,0.2043,-0.9903,-0.9789,0.0,0.482
2026-08-25T23:00:00+00:00,2026-08-26T00:00:00+00:00,1,1Zb102pg,test,a1ac286b97b15d33df0a93f90b11a1c3a41b0dafd9eede401094b43b93cc0765,VERIFIED_VALID,31.156,28.711,28.683,39.23,34.52,0,0.253,0,0.1374,0.2052,-0.9905,-0.9787,0.0,0.328
2026-08-26T00:00:00+00:00,2026-08-26T01:00:00+00:00,1,1Zb102pg,test,a1ac286b97b15d33df0a93f90b11a1c3a41b0dafd9eede401094b43b93cc0765,VERIFIED_VALID,32.385,31.248,31.156,40.41,39.515,0,0.126,0,0.1374,0.2018,-0.9905,-0.9794,0.0,0.135
2026-08-26T01:00:00+00:00,2026-08-26T02:00:00+00:00,1,1Zb102pg,test,a1ac286b97b15d33df0a93f90b11a1c3a41b0dafd9eede401094b43b93cc0765,VERIFIED_VALID,33.043,32.289,32.385,42.48,40.327,0,0.1079,0,0.1374,0.2048,-0.9905,-0.9788,0.0,0.132
2026-08-16T21:00:00+00:00,2026-08-16T22:00:00+00:00,1,2Dpo5DAK,test,a1ac286b97b15d33df0a93f90b11a1c3a41b0dafd9eede401094b43b93cc0765,VERIFIED_VALID,24.734,24.496,24.432,24.63,25.584,1,0.8933,1,-0.9951,0.6266,-0.0985,0.7794,0.22,0.923
2026-08-16T22:00:00+00:00,2026-08-16T23:00:00+00:00,1,2Dpo5DAK,test,a1ac286b97b15d33df0a93f90b11a1c3a41b0dafd9eede401094b43b93cc0765,VERIFIED_VALID,24.691,24.982,24.734,24.52,26.113,1,0.9151,1,-0.3595,-0.9999,-0.9332,-0.0172,2.088,0.997
2026-08-16T23:00:00+00:00,2026-08-17T00:00:00+00:00,1,2Dpo5DAK,test,a1ac286b97b15d33df0a93f90b11a1c3a41b0dafd9eede401094b43b93cc0765,VERIFIED_VALID,24.762,24.901,24.691,24.71,26.024,1,0.9246,1,-0.016,-0.446,0.9999,-0.895,0.659,1.264
2026-08-17T00:00:00+00:00,2026-08-17T01:00:00+00:00,1,2Dpo5DAK,test,a1ac286b97b15d33df0a93f90b11a1c3a41b0dafd9eede401094b43b93cc0765,VERIFIED_VALID,24.82,24.89,24.762,24.87,26.016,0,0.9313,1,0.1933,-0.088,0.9811,0.9961,0.0,1.486
2026-08-18T02:00:00+00:00,2026-08-18T03:00:00+00:00,1,2Dpo5DAK,test,a1ac286b97b15d33df0a93f90b11a1c3a41b0dafd9eede401094b43b93cc0765,VERIFIED_VALID,28.5,28.272,28.5,33.0,32.075,0,0.3142,0,-0.7749,-0.0192,-0.6321,-0.9998,0.0,0.502
2026-08-18T03:00:00+00:00,2026-08-18T04:00:00+00:00,1,2Dpo5DAK,test,a1ac286b97b15d33df0a93f90b11a1c3a41b0dafd9eede401094b43b93cc0765,VERIFIED_VALID,28.5,28.262,28.5,33.0,32.062,0,0.5319,1,0.8424,-0.823,-0.5388,-0.568,0.0,1.292
2026-08-18T04:00:00+00:00,2026-08-18T05:00:00+00:00,1,2Dpo5DAK,test,a1ac286b97b15d33df0a93f90b11a1c3a41b0dafd9eede401094b43b93cc0765,VERIFIED_VALID,28.5,28.267,28.5,33.0,32.064,0,0.4403,1,-0.9458,0.8985,-0.3246,-0.439,0.0,0.841
2026-08-18T05:00:00+00:00,2026-08-18T06:00:00+00:00,1,2Dpo5DAK,test,a1ac286b97b15d33df0a93f90b11a1c3a41b0dafd9eede401094b43b93cc0765,VERIFIED_VALID,28.5,28.329,28.5,33.0,32.181,1,0.3773,0,-0.2153,-0.9725,-0.9765,-0.2328,0.11,0.59
2026-08-18T06:00:00+00:00,2026-08-18T07:00:00+00:00,1,2Dpo5DAK,test,a1ac286b97b15d33df0a93f90b11a1c3a41b0dafd9eede401094b43b93cc0765,VERIFIED_VALID,28.5,28.363,28.5,33.0,32.248,1,0.6629,1,0.2874,-0.1973,0.9578,-0.9803,0.22,0.491
2026-08-18T07:00:00+00:00,2026-08-18T08:00:00+00:00,1,2Dpo5DAK,test,a1ac286b97b15d33df0a93f90b11a1c3a41b0dafd9eede401094b43b93cc0765,VERIFIED_VALID,28.5,28.285,28.5,33.0,32.098,0,0.8477,1,-0.7968,0.2718,0.6042,0.9624,0.0,1.152
2026-08-18T08:00:00+00:00,2026-08-18T09:00:00+00:00,1,2Dpo5DAK,test,a1ac286b97b15d33df0a93f90b11a1c3a41b0dafd9eede401094b43b93cc0765,VERIFIED_VALID,28.5,28.256,28.5,33.0,32.041,1,0.5056,1,-0.5648,-0.7336,-0.8252,0.6795,1.648,1.095
2026-08-18T09:00:00+00:00,2026-08-18T10:00:00+00:00,1,2Dpo5DAK,test,a1ac286b97b15d33df0a93f90b11a1c3a41b0dafd9eede401094b43b93cc0765,VERIFIED_VALID,28.5,28.277,28.5,33.0,32.106,1,0.9187,1,-0.812,-0.6315,-0.5837,-0.7754,0.44,1.978
2026-08-18T10:00:00+00:00,2026-08-18T11:00:00+00:00,1,2Dpo5DAK,test,a1ac286b97b15d33df0a93f90b11a1c3a41b0dafd9eede401094b43b93cc0765,VERIFIED_VALID,28.5,28.251,28.5,33.0,32.044,1,0.9049,1,-0.5934,-0.8647,-0.8049,-0.5024,1.868,1.679
2026-08-18T11:00:00+00:00,2026-08-18T12:00:00+00:00,1,2Dpo5DAK,test,a1ac286b97b15d33df0a93f90b11a1c3a41b0dafd9eede401094b43b93cc0765,VERIFIED_VALID,28.5,28.221,28.5,33.0,31.981,1,0.903,1,-0.7874,-0.6508,-0.6164,-0.7592,10.111,1.682
2026-08-18T12:00:00+00:00,2026-08-18T13:00:00+00:00,1,2Dpo5DAK,test,a1ac286b97b15d33df0a93f90b11a1c3a41b0dafd9eede401094b43b93cc0765,VERIFIED_VALID,28.5,28.21,28.5,33.0,31.996,1,0.9355,1,0.189,-0.8573,-0.982,-0.5148,9.671,2.83
2026-08-18T13:00:00+00:00,2026-08-18T14:00:00+00:00,1,2Dpo5DAK,test,a1ac286b97b15d33df0a93f90b11a1c3a41b0dafd9eede401094b43b93cc0765,VERIFIED_VALID,28.5,28.191,28.5,33.0,31.954,1,0.9356,1,0.5409,0.1575,0.8411,-0.9875,3.956,2.79
2026-08-18T14:00:00+00:00,2026-08-18T15:00:00+00:00,1,2Dpo5DAK,test,a1ac286b97b15d33df0a93f90b11a1c3a41b0dafd9eede401094b43b93cc0765,VERIFIED_VALID,28.5,28.216,28.5,33.0,31.965,1,0.9172,1,0.9992,0.4821,0.0405,0.8761,7.363,1.777
2026-08-18T15:00:00+00:00,2026-08-18T16:00:00+00:00,1,2Dpo5DAK,test,a1ac286b97b15d33df0a93f90b11a1c3a41b0dafd9eede401094b43b93cc0765,VERIFIED_VALID,28.5,28.21,28.5,33.0,31.979,1,0.9293,1,0.9619,0.9879,-0.2733,0.1551,33.52,2.371
2026-08-18T16:00:00+00:00,2026-08-18T17:00:00+00:00,1,2Dpo5DAK,test,a1ac286b97b15d33df0a93f90b11a1c3a41b0dafd9eede401094b43b93cc0765,VERIFIED_VALID,28.5,28.352,28.5,33.0,32.306,1,0.9399,1,0.7585,0.9825,-0.6516,-0.1865,10.66,4.264
2026-08-18T17:00:00+00:00,2026-08-18T18:00:00+00:00,1,2Dpo5DAK,test,a1ac286b97b15d33df0a93f90b11a1c3a41b0dafd9eede401094b43b93cc0765,VERIFIED_VALID,28.5,28.202,28.5,33.0,31.938,1,0.9283,1,0.9438,0.7998,-0.3305,-0.6002,3.737,2.06
2026-08-18T18:00:00+00:00,2026-08-18T19:00:00+00:00,1,2Dpo5DAK,test,a1ac286b97b15d33df0a93f90b11a1c3a41b0dafd9eede401094b43b93cc0765,VERIFIED_VALID,28.5,28.275,28.5,33.0,32.079,1,0.9135,1,-0.9458,0.9719,-0.3247,-0.2356,19.892,1.69
2026-08-18T19:00:00+00:00,2026-08-18T20:00:00+00:00,1,2Dpo5DAK,test,a1ac286b97b15d33df0a93f90b11a1c3a41b0dafd9eede401094b43b93cc0765,VERIFIED_VALID,28.5,28.409,28.5,33.0,32.382,1,0.939,1,0.9731,-0.9792,-0.2302,-0.2027,28.024,3.255
2026-08-18T20:00:00+00:00,2026-08-18T21:00:00+00:00,1,2Dpo5DAK,test,a1ac286b97b15d33df0a93f90b11a1c3a41b0dafd9eede401094b43b93cc0765,VERIFIED_VALID,28.5,28.347,28.5,33.0,32.298,1,0.9399,1,-0.3731,0.9914,-0.9278,-0.1306,9.232,4.463
2026-08-18T21:00:00+00:00,2026-08-18T22:00:00+00:00,1,2Dpo5DAK,test,a1ac286b97b15d33df0a93f90b11a1c3a41b0dafd9eede401094b43b93cc0765,VERIFIED_VALID,28.5,28.215,28.5,33.0,31.989,1,0.935,1,-0.8249,-0.4613,0.5652,-0.8872,0.879,2.652
2026-08-18T22:00:00+00:00,2026-08-18T23:00:00+00:00,1,2Dpo5DAK,test,a1ac286b97b15d33df0a93f90b11a1c3a41b0dafd9eede401094b43b93cc0765,VERIFIED_VALID,28.5,28.315,28.5,33.0,32.169,1,0.888,1,0.6447,-0.773,0.7645,0.6344,0.11,1.553
2026-08-18T23:00:00+00:00,2026-08-19T00:00:00+00:00,1,2Dpo5DAK,test,a1ac286b97b15d33df0a93f90b11a1c3a41b0dafd9eede401094b43b93cc0765,VERIFIED_VALID,28.5,28.369,28.5,33.0,32.267,1,0.9198,1,0.2138,0.5761,-0.9769,0.8174,0.33,1.771
2026-08-19T00:00:00+00:00,2026-08-19T01:00:00+00:00,1,2Dpo5DAK,test,a1ac286b97b15d33df0a93f90b11a1c3a41b0dafd9eede401094b43b93cc0765,VERIFIED_VALID,28.5,28.316,28.5,33.0,32.169,1,0.9286,1,-0.9589,0.1871,-0.2838,-0.9823,1.758,2.062
2026-08-19T01:00:00+00:00,2026-08-19T02:00:00+00:00,1,2Dpo5DAK,test,a1ac286b97b15d33df0a93f90b11a1c3a41b0dafd9eede401094b43b93cc0765,VERIFIED_VALID,28.5,28.239,28.5,33.0,32.061,1,0.9332,1,-0.995,-0.9861,0.1,-0.1662,14.617,2.692
2026-08-19T02:00:00+00:00,2026-08-19T03:00:00+00:00,1,2Dpo5DAK,test,a1ac286b97b15d33df0a93f90b11a1c3a41b0dafd9eede401094b43b93cc0765,VERIFIED_VALID,28.5,28.182,28.5,33.0,32.01,1,0.9396,1,0.6519,-0.9783,0.7583,0.2074,0.33,4.14
2026-08-19T03:00:00+00:00,2026-08-19T04:00:00+00:00,1,2Dpo5DAK,test,a1ac286b97b15d33df0a93f90b11a1c3a41b0dafd9eede401094b43b93cc0765,VERIFIED_VALID,28.5,28.237,28.5,33.0,32.028,1,0.9284,1,-0.9943,0.5767,-0.1067,0.817,0.549,2.21
2026-08-19T04:00:00+00:00,2026-08-19T05:00:00+00:00,1,2Dpo5DAK,test,a1ac286b97b15d33df0a93f90b11a1c3a41b0dafd9eede401094b43b93cc0765,VERIFIED_VALID,28.5,28.294,28.5,33.0,32.154,1,0.9379,1,0.5056,-1.0,0.8628,0.0027,0.11,2.881
2026-08-19T05:00:00+00:00,2026-08-19T06:00:00+00:00,1,2Dpo5DAK,test,a1ac286b97b15d33df0a93f90b11a1c3a41b0dafd9eede401094b43b93cc0765,VERIFIED_VALID,28.5,28.314,28.5,33.0,32.176,1,0.9366,1,-0.8573,0.4037,-0.5148,0.9149,2.747,2.578
2026-08-19T06:00:00+00:00,2026-08-19T07:00:00+00:00,1,2Dpo5DAK,test,a1ac286b97b15d33df0a93f90b11a1c3a41b0dafd9eede401094b43b93cc0765,VERIFIED_VALID,28.5,28.244,28.5,33.0,32.07,0,0.9391,1,-0.6511,-0.9228,-0.759,-0.3853,0.0,3.375
2026-08-19T07:00:00+00:00,2026-08-19T08:00:00+00:00,1,2Dpo5DAK,test,a1ac286b97b15d33df0a93f90b11a1c3a41b0dafd9eede401094b43b93cc0765,VERIFIED_VALID,28.5,28.223,28.5,33.0,32.003,0,0.588,1,-0.9979,-0.7129,-0.064,-0.7013,0.0,1.878
2026-08-19T08:00:00+00:00,2026-08-19T09:00:00+00:00,1,2Dpo5DAK,test,a1ac286b97b15d33df0a93f90b11a1c3a41b0dafd9eede401094b43b93cc0765,VERIFIED_VALID,28.5,28.136,28.5,33.0,31.837,0,0.4317,1,-0.5867,-0.9981,-0.8098,0.0613,0.0,1.041
2026-08-19T09:00:00+00:00,2026-08-19T10:00:00+00:00,1,2Dpo5DAK,test,a1ac286b97b15d33df0a93f90b11a1c3a41b0dafd9eede401094b43b93cc0765,VERIFIED_VALID,28.5,28.142,28.5,33.0,31.836,0,0.4864,1,-0.5613,-0.6178,-0.8276,-0.7864,0.0,1.196
2026-08-19T10:00:00+00:00,2026-08-19T11:00:00+00:00,1,2Dpo5DAK,test,a1ac286b97b15d33df0a93f90b11a1c3a41b0dafd9eede401094b43b93cc0765,VERIFIED_VALID,28.5,28.111,28.5,33.0,31.774,0,0.4703,1,0.5524,-0.5869,0.8336,-0.8097,0.0,1.12
2026-08-19T11:00:00+00:00,2026-08-19T12:00:00+00:00,1,2Dpo5DAK,test,a1ac286b97b15d33df0a93f90b11a1c3a41b0dafd9eede401094b43b93cc0765,VERIFIED_VALID,28.5,28.108,28.5,33.0,31.76,0,0.4066,1,-0.1686,0.5373,0.9857,0.8434,0.0,0.854
2026-08-19T12:00:00+00:00,2026-08-19T13:00:00+00:00,1,2Dpo5DAK,test,a1ac286b97b15d33df0a93f90b11a1c3a41b0dafd9eede401094b43b93cc0765,VERIFIED_VALID,28.5,28.073,28.5,33.0,31.696,1,0.3728,0,-0.5236,-0.0997,-0.852,0.995,3.407,0.782
2026-08-19T13:00:00+00:00,2026-08-19T14:00:00+00:00,1,2Dpo5DAK,test,a1ac286b97b15d33df0a93f90b11a1c3a41b0dafd9eede401094b43b93cc0765,VERIFIED_VALID,28.5,28.092,28.5,33.0,31.758,1,0.905,1,-0.506,-0.5723,-0.8625,-0.8201,0.11,2.005
2026-08-19T14:00:00+00:00,2026-08-19T15:00:00+00:00,1,2Dpo5DAK,test,a1ac286b97b15d33df0a93f90b11a1c3a41b0dafd9eede401094b43b93cc0765,VERIFIED_VALID,28.5,28.203,28.5,33.0,31.933,0,0.7992,1,0.0354,-0.5347,-0.9994,-0.845,0.0,0.967
2026-08-19T15:00:00+00:00,2026-08-19T16:00:00+00:00,1,2Dpo5DAK,test,a1ac286b97b15d33df0a93f90b11a1c3a41b0dafd9eede401094b43b93cc0765,VERIFIED_VALID,28.5,28.32,28.5,33.0,32.154,1,0.2663,0,0.7616,0.084,-0.6481,-0.9965,0.879,0.311
2026-08-19T16:00:00+00:00,2026-08-19T17:00:00+00:00,1,2Dpo5DAK,test,a1ac286b97b15d33df0a93f90b11a1c3a41b0dafd9eede401094b43b93cc0765,VERIFIED_VALID,28.5,28.298,28.5,33.0,32.116,1,0.816,1,-0.8338,0.8207,-0.5521,-0.5713,3.077,0.908
2026-08-19T17:00:00+00:00,2026-08-19T18:00:00+00:00,1,2Dpo5DAK,test,a1ac286b97b15d33df0a93f90b11a1c3a41b0dafd9eede401094b43b93cc0765,VERIFIED_VALID,28.5,28.296,28.5,33.0,32.13,1,0.9069,1,-0.3942,-0.8841,-0.919,-0.4673,3.187,1.662
2026-08-19T18:00:00+00:00,2026-08-19T19:00:00+00:00,1,2Dpo5DAK,test,a1ac286b97b15d33df0a93f90b11a1c3a41b0dafd9eede401094b43b93cc0765,VERIFIED_VALID,28.5,28.26,28.5,33.0,32.046,0,0.8571,1,-0.6806,-0.4272,-0.7327,-0.9042,0.0,1.172
2026-08-19T19:00:00+00:00,2026-08-19T20:00:00+00:00,1,2Dpo5DAK,test,a1ac286b97b15d33df0a93f90b11a1c3a41b0dafd9eede401094b43b93cc0765,VERIFIED_VALID,28.5,28.455,28.5,33.0,32.417,1,0.1452,0,0.8401,-0.7058,0.5425,-0.7084,0.11,0.132
2026-08-19T20:00:00+00:00,2026-08-19T21:00:00+00:00,1,2Dpo5DAK,test,a1ac286b97b15d33df0a93f90b11a1c3a41b0dafd9eede401094b43b93cc0765,VERIFIED_VALID,28.5,28.425,28.5,33.0,32.364,1,0.7013,1,0.2222,0.8034,-0.975,0.5955,0.659,0.5
2026-08-19T21:00:00+00:00,2026-08-19T22:00:00+00:00,1,2Dpo5DAK,test,a1ac286b97b15d33df0a93f90b11a1c3a41b0dafd9eede401094b43b93cc0765,VERIFIED_VALID,28.5,28.407,28.5,33.0,32.335,1,0.8545,1,0.6183,0.2489,-0.7859,-0.9685,0.11,0.995
2026-08-19T22:00:00+00:00,2026-08-19T23:00:00+00:00,1,2Dpo5DAK,test,a1ac286b97b15d33df0a93f90b11a1c3a41b0dafd9eede401094b43b93cc0765,VERIFIED_VALID,28.5,28.449,28.5,33.0,32.42,0,0.8562,1,-0.739,0.6684,-0.6737,-0.7438,0.0,0.948
2026-08-19T23:00:00+00:00,2026-08-20T00:00:00+00:00,1,2Dpo5DAK,test,a1ac286b97b15d33df0a93f90b11a1c3a41b0dafd9eede401094b43b93cc0765,VERIFIED_VALID,28.5,28.463,28.5,33.0,32.453,0,0.5177,1,-0.9322,-0.7871,-0.362,-0.6168,0.0,0.979
2026-08-20T00:00:00+00:00,2026-08-20T01:00:00+00:00,1,2Dpo5DAK,test,a1ac286b97b15d33df0a93f90b11a1c3a41b0dafd9eede401094b43b93cc0765,VERIFIED_VALID,28.5,28.431,28.5,33.0,32.389,1,0.499,1,-0.5172,-0.9626,0.8559,-0.271,0.22,0.932
2026-08-20T01:00:00+00:00,2026-08-20T02:00:00+00:00,1,2Dpo5DAK,test,a1ac286b97b15d33df0a93f90b11a1c3a41b0dafd9eede401094b43b93cc0765,VERIFIED_VALID,28.5,28.433,28.5,33.0,32.384,1,0.7756,1,-0.8428,-0.4587,-0.5383,0.8886,0.11,0.721
2026-08-20T02:00:00+00:00,2026-08-20T03:00:00+00:00,1,2Dpo5DAK,test,a1ac286b97b15d33df0a93f90b11a1c3a41b0dafd9eede401094b43b93cc0765,VERIFIED_VALID,28.5,28.437,28.5,33.0,32.404,0,0.8906,1,-0.9803,-0.8902,-0.1975,-0.4555,0.0,1.298
2026-08-20T03:00:00+00:00,2026-08-20T04:00:00+00:00,1,2Dpo5DAK,test,a1ac286b97b15d33df0a93f90b11a1c3a41b0dafd9eede401094b43b93cc0765,VERIFIED_VALID,28.5,28.384,28.5,33.0,32.296,0,0.536,1,-0.9665,-0.9956,0.2567,-0.094,0.0,1.151
2026-08-20T04:00:00+00:00,2026-08-20T05:00:00+00:00,1,2Dpo5DAK,test,a1ac286b97b15d33df0a93f90b11a1c3a41b0dafd9eede401094b43b93cc0765,VERIFIED_VALID,28.5,28.402,28.5,33.0,32.333,0,0.5715,1,-0.9845,-0.9392,0.1755,0.3434,0.0,1.322
2026-08-20T05:00:00+00:00,2026-08-20T06:00:00+00:00,1,2Dpo5DAK,test,a1ac286b97b15d33df0a93f90b11a1c3a41b0dafd9eede401094b43b93cc0765,VERIFIED_VALID,28.5,28.314,28.5,33.0,32.158,0,0.5093,1,-0.9239,-0.9588,0.3827,0.2841,0.0,1.072
2026-08-20T06:00:00+00:00,2026-08-20T07:00:00+00:00,1,2Dpo5DAK,test,a1ac286b97b15d33df0a93f90b11a1c3a41b0dafd9eede401094b43b93cc0765,VERIFIED_VALID,28.5,28.346,28.5,33.0,32.221,0,0.447,1,-0.7768,-0.8745,0.6298,0.485,0.0,0.845
2026-08-20T07:00:00+00:00,2026-08-20T08:00:00+00:00,1,2Dpo5DAK,test,a1ac286b97b15d33df0a93f90b11a1c3a41b0dafd9eede401094b43b93cc0765,VERIFIED_VALID,28.5,28.252,28.5,33.0,32.048,0,0.5332,1,-0.7764,-0.7135,0.6302,0.7007,0.0,1.322
2026-08-20T08:00:00+00:00,2026-08-20T09:00:00+00:00,1,2Dpo5DAK,test,a1ac286b97b15d33df0a93f90b11a1c3a41b0dafd9eede401094b43b93cc0765,VERIFIED_VALID,28.5,28.222,28.5,33.0,31.992,0,0.5684,1,-0.9773,-0.7197,-0.2118,0.6943,0.0,1.603
2026-08-20T09:00:00+00:00,2026-08-20T10:00:00+00:00,1,2Dpo5DAK,test,a1ac286b97b15d33df0a93f90b11a1c3a41b0dafd9eede401094b43b93cc0765,VERIFIED_VALID,28.5,28.197,28.5,33.0,31.933,0,0.4817,1,-0.1945,-0.9947,-0.9809,-0.1024,0.0,1.075
2026-08-20T10:00:00+00:00,2026-08-20T11:00:00+00:00,1,2Dpo5DAK,test,a1ac286b97b15d33df0a93f90b11a1c3a41b0dafd9eede401094b43b93cc0765,VERIFIED_VALID,28.5,28.159,28.5,33.0,31.86,0,0.3079,0,-0.6577,-0.1553,-0.7533,-0.9879,0.0,0.556
2026-08-20T11:00:00+00:00,2026-08-20T12:00:00+00:00,1,2Dpo5DAK,test,a1ac286b97b15d33df0a93f90b11a1c3a41b0dafd9eede401094b43b93cc0765,VERIFIED_VALID,28.5,28.218,28.5,33.0,31.964,0,0.2736,0,0.962,-0.6835,-0.2731,-0.73,0.0,0.415
2026-08-20T12:00:00+00:00,2026-08-20T13:00:00+00:00,1,2Dpo5DAK,test,a1ac286b97b15d33df0a93f90b11a1c3a41b0dafd9eede401094b43b93cc0765,VERIFIED_VALID,28.5,28.262,28.5,33.0,32.05,0,0.2565,0,-0.7326,0.9864,-0.6807,-0.1643,0.0,0.368
2026-08-20T13:00:00+00:00,2026-08-20T14:00:00+00:00,1,2Dpo5DAK,test,a1ac286b97b15d33df0a93f90b11a1c3a41b0dafd9eede401094b43b93cc0765,VERIFIED_VALID,28.5,28.255,28.5,33.0,32.039,0,0.2779,0,-0.8776,-0.7635,-0.4794,-0.6458,0.0,0.422
2026-08-20T14:00:00+00:00,2026-08-20T15:00:00+00:00,1,2Dpo5DAK,test,a1ac286b97b15d33df0a93f90b11a1c3a41b0dafd9eede401094b43b93cc0765,VERIFIED_VALID,28.5,28.304,28.5,33.0,32.134,0,0.2504,0,-0.468,-0.9103,-0.8837,-0.4141,0.0,0.353
2026-08-20T15:00:00+00:00,2026-08-20T16:00:00+00:00,1,2Dpo5DAK,test,a1ac286b97b15d33df0a93f90b11a1c3a41b0dafd9eede401094b43b93cc0765,VERIFIED_VALID,28.5,28.313,28.5,33.0,32.152,0,0.1655,0,-0.6285,-0.4664,-0.7778,-0.8846,0.0,0.202
2026-08-20T16:00:00+00:00,2026-08-20T17:00:00+00:00,1,2Dpo5DAK,test,a1ac286b97b15d33df0a93f90b11a1c3a41b0dafd9eede401094b43b93cc0765,VERIFIED_VALID,28.5,28.479,28.5,33.0,32.47,1,0.0617,0,-0.4852,-0.6448,-0.8744,-0.7644,0.659,0.049
2026-08-20T17:00:00+00:00,2026-08-20T18:00:00+00:00,1,2Dpo5DAK,test,a1ac286b97b15d33df0a93f90b11a1c3a41b0dafd9eede401094b43b93cc0765,VERIFIED_VALID,28.5,28.37,28.5,33.0,32.26,0,0.6793,1,0.3064,-0.5014,-0.9519,-0.8652,0.0,0.521
2026-08-20T18:00:00+00:00,2026-08-20T19:00:00+00:00,1,2Dpo5DAK,test,a1ac286b97b15d33df0a93f90b11a1c3a41b0dafd9eede401094b43b93cc0765,VERIFIED_VALID,28.5,28.458,28.5,33.0,32.431,0,0.38,0,-0.9873,0.368,-0.1591,-0.9298,0.0,0.476
2026-08-20T19:00:00+00:00,2026-08-20T20:00:00+00:00,1,2Dpo5DAK,test,a1ac286b97b15d33df0a93f90b11a1c3a41b0dafd9eede401094b43b93cc0765,VERIFIED_VALID,28.5,28.496,28.5,33.0,32.507,0,0.3368,0,-0.5661,-0.9982,-0.8244,-0.0594,0.0,0.408
2026-08-20T20:00:00+00:00,2026-08-20T21:00:00+00:00,1,2Dpo5DAK,test,a1ac286b97b15d33df0a93f90b11a1c3a41b0dafd9eede401094b43b93cc0765,VERIFIED_VALID,28.5,28.487,28.5,33.0,32.491,0,0.3755,0,-0.932,-0.5947,-0.3625,-0.804,0.0,0.494
2026-08-20T21:00:00+00:00,2026-08-20T22:00:00+00:00,1,2Dpo5DAK,test,a1ac286b97b15d33df0a93f90b11a1c3a41b0dafd9eede401094b43b93cc0765,VERIFIED_VALID,28.5,28.453,28.5,33.0,32.428,0,0.4489,1,0.0261,-0.9618,-0.9997,-0.2736,0.0,0.7
2026-08-20T22:00:00+00:00,2026-08-20T23:00:00+00:00,1,2Dpo5DAK,test,a1ac286b97b15d33df0a93f90b11a1c3a41b0dafd9eede401094b43b93cc0765,VERIFIED_VALID,28.5,28.552,28.5,33.0,32.626,1,0.3124,0,-0.3949,0.0746,-0.9187,-0.9972,0.33,0.401
2026-08-20T23:00:00+00:00,2026-08-21T00:00:00+00:00,1,2Dpo5DAK,test,a1ac286b97b15d33df0a93f90b11a1c3a41b0dafd9eede401094b43b93cc0765,VERIFIED_VALID,28.5,28.522,28.5,33.0,32.566,0,0.7832,1,-0.8639,-0.4194,-0.5037,-0.9078,0.0,0.696
2026-08-21T00:00:00+00:00,2026-08-21T01:00:00+00:00,1,2Dpo5DAK,test,a1ac286b97b15d33df0a93f90b11a1c3a41b0dafd9eede401094b43b93cc0765,VERIFIED_VALID,28.5,28.52,28.5,33.0,32.565,1,0.5049,1,-0.9996,-0.9048,-0.0267,-0.4259,0.11,0.851
2026-08-21T01:00:00+00:00,2026-08-21T02:00:00+00:00,1,2Dpo5DAK,test,a1ac286b97b15d33df0a93f90b11a1c3a41b0dafd9eede401094b43b93cc0765,VERIFIED_VALID,28.5,28.471,28.5,33.0,32.467,0,0.8189,1,-0.6316,-0.9969,-0.7753,0.0788,0.0,0.916
2026-08-21T02:00:00+00:00,2026-08-21T03:00:00+00:00,1,2Dpo5DAK,test,a1ac286b97b15d33df0a93f90b11a1c3a41b0dafd9eede401094b43b93cc0765,VERIFIED_VALID,28.5,28.471,28.5,33.0,32.468,0,0.5212,1,-0.9511,-0.6807,0.3089,-0.7326,0.0,0.969
2026-08-21T03:00:00+00:00,2026-08-21T04:00:00+00:00,1,2Dpo5DAK,test,a1ac286b97b15d33df0a93f90b11a1c3a41b0dafd9eede401094b43b93cc0765,VERIFIED_VALID,28.5,28.493,28.5,33.0,32.512,0,0.2856,0,-0.9146,-0.9078,0.4043,0.4195,0.0,0.406
2026-08-21T04:00:00+00:00,2026-08-21T05:00:00+00:00,1,2Dpo5DAK,test,a1ac286b97b15d33df0a93f90b11a1c3a41b0dafd9eede401094b43b93cc0765,VERIFIED_VALID,28.5,28.378,28.5,33.0,32.284,0,0.5325,1,-0.8696,-0.8709,0.4938,0.4914,0.0,1.127
2026-08-21T05:00:00+00:00,2026-08-21T06:00:00+00:00,1,2Dpo5DAK,test,a1ac286b97b15d33df0a93f90b11a1c3a41b0dafd9eede401094b43b93cc0765,VERIFIED_VALID,28.5,28.35,28.5,33.0,32.232,0,0.4474,1,-0.8406,-0.8094,0.5417,0.5873,0.0,0.864
2026-08-21T06:00:00+00:00,2026-08-21T07:00:00+00:00,1,2Dpo5DAK,test,a1ac286b97b15d33df0a93f90b11a1c3a41b0dafd9eede401094b43b93cc0765,VERIFIED_VALID,28.5,28.293,28.5,33.0,32.122,0,0.4178,1,-0.7153,-0.7725,0.6989,0.635,0.0,0.815
2026-08-21T07:00:00+00:00,2026-08-21T08:00:00+00:00,1,2Dpo5DAK,test,a1ac286b97b15d33df0a93f90b11a1c3a41b0dafd9eede401094b43b93cc0765,VERIFIED_VALID,28.5,28.239,28.5,33.0,32.016,0,0.4788,1,-0.614,-0.6416,0.7893,0.767,0.0,1.048
2026-08-21T08:00:00+00:00,2026-08-21T09:00:00+00:00,1,2Dpo5DAK,test,a1ac286b97b15d33df0a93f90b11a1c3a41b0dafd9eede401094b43b93cc0765,VERIFIED_VALID,28.5,28.217,28.5,33.0,31.977,0,0.5436,1,-0.947,-0.5516,0.3211,0.8341,0.0,1.381
2026-08-21T09:00:00+00:00,2026-08-21T10:00:00+00:00,1,2Dpo5DAK,test,a1ac286b97b15d33df0a93f90b11a1c3a41b0dafd9eede401094b43b93cc0765,VERIFIED_VALID,28.5,28.171,28.5,33.0,31.884,0,0.4718,1,0.9304,-0.9008,-0.3666,0.4343,0.0,1.061
2026-08-21T10:00:00+00:00,2026-08-21T11:00:00+00:00,1,2Dpo5DAK,test,a1ac286b97b15d33df0a93f90b11a1c3a41b0dafd9eede401094b43b93cc0765,VERIFIED_VALID,28.5,28.21,28.5,33.0,31.948,0,0.3522,0,-0.9816,0.9674,0.1908,-0.2531,0.0,0.597
2026-08-21T11:00:00+00:00,2026-08-21T12:00:00+00:00,1,2Dpo5DAK,test,a1ac286b97b15d33df0a93f90b11a1c3a41b0dafd9eede401094b43b93cc0765,VERIFIED_VALID,28.5,28.171,28.5,33.0,31.879,0,0.3187,0,-0.8065,-0.9505,-0.5913,0.3107,0.0,0.56
2026-08-21T12:00:00+00:00,2026-08-21T13:00:00+00:00,1,2Dpo5DAK,test,a1ac286b97b15d33df0a93f90b11a1c3a41b0dafd9eede401094b43b93cc0765,VERIFIED_VALID,28.5,28.233,28.5,33.0,31.996,0,0.3807,0,-0.2691,-0.8457,-0.9631,-0.5336,0.0,0.672
2026-08-21T13:00:00+00:00,2026-08-21T14:00:00+00:00,1,2Dpo5DAK,test,a1ac286b97b15d33df0a93f90b11a1c3a41b0dafd9eede401094b43b93cc0765,VERIFIED_VALID,28.5,28.245,28.5,33.0,32.019,0,0.185,0,-0.9458,-0.2405,-0.3247,-0.9706,0.0,0.248
2026-08-21T14:00:00+00:00,2026-08-21T15:00:00+00:00,1,2Dpo5DAK,test,a1ac286b97b15d33df0a93f90b11a1c3a41b0dafd9eede401094b43b93cc0765,VERIFIED_VALID,28.5,28.242,28.5,33.0,32.015,0,0.1909,0,0.8869,-0.9701,-0.462,-0.2426,0.0,0.263
2026-08-21T15:00:00+00:00,2026-08-21T16:00:00+00:00,1,2Dpo5DAK,test,a1ac286b97b15d33df0a93f90b11a1c3a41b0dafd9eede401094b43b93cc0765,VERIFIED_VALID,28.5,28.329,28.5,33.0,32.184,0,0.0911,0,-0.46,0.9225,-0.8879,-0.3859,0.0,0.092
2026-08-21T16:00:00+00:00,2026-08-21T17:00:00+00:00,1,2Dpo5DAK,test,a1ac286b97b15d33df0a93f90b11a1c3a41b0dafd9eede401094b43b93cc0765,VERIFIED_VALID,28.5,28.361,28.5,33.0,32.243,0,0.1676,0,0.3891,-0.4599,0.9212,-0.888,0.0,0.19
2026-08-21T17:00:00+00:00,2026-08-21T18:00:00+00:00,1,2Dpo5DAK,test,a1ac286b97b15d33df0a93f90b11a1c3a41b0dafd9eede401094b43b93cc0765,VERIFIED_VALID,28.5,28.36,28.5,33.0,32.243,0,0.1256,0,0.4723,0.3967,-0.8815,0.918,0.0,0.141
2026-08-21T18:00:00+00:00,2026-08-21T19:00:00+00:00,1,2Dpo5DAK,test,a1ac286b97b15d33df0a93f90b11a1c3a41b0dafd9eede401094b43b93cc0765,VERIFIED_VALID,28.5,28.453,28.5,33.0,32.421,0,0.0773,0,-0.9678,0.5249,-0.2517,-0.8512,0.0,0.068
2026-08-21T19:00:00+00:00,2026-08-21T20:00:00+00:00,1,2Dpo5DAK,test,a1ac286b97b15d33df0a93f90b11a1c3a41b0dafd9eede401094b43b93cc0765,VERIFIED_VALID,28.5,28.464,28.5,33.0,32.444,0,0.0843,0,-0.081,-0.9825,-0.9967,-0.1864,0.0,0.079
2026-08-21T20:00:00+00:00,2026-08-21T21:00:00+00:00,1,2Dpo5DAK,test,a1ac286b97b15d33df0a93f90b11a1c3a41b0dafd9eede401094b43b93cc0765,VERIFIED_VALID,28.5,28.522,28.5,33.0,32.554,0,0.088,0,-0.8503,-0.0494,-0.5263,-0.9988,0.0,0.077
2026-08-21T21:00:00+00:00,2026-08-21T22:00:00+00:00,1,2Dpo5DAK,test,a1ac286b97b15d33df0a93f90b11a1c3a41b0dafd9eede401094b43b93cc0765,VERIFIED_VALID,28.5,28.502,28.5,33.0,32.52,0,0.1232,0,0.5417,-0.8781,-0.8406,-0.4784,0.0,0.125
2026-08-21T22:00:00+00:00,2026-08-21T23:00:00+00:00,1,2Dpo5DAK,test,a1ac286b97b15d33df0a93f90b11a1c3a41b0dafd9eede401094b43b93cc0765,VERIFIED_VALID,28.5,28.598,28.5,33.0,32.713,0,0.1862,0,-0.9114,0.6189,-0.4115,-0.7855,0.0,0.185
2026-08-21T23:00:00+00:00,2026-08-22T00:00:00+00:00,1,2Dpo5DAK,test,a1ac286b97b15d33df0a93f90b11a1c3a41b0dafd9eede401094b43b93cc0765,VERIFIED_VALID,28.5,28.671,28.5,33.0,32.856,0,0.1532,0,-0.8782,-0.9385,-0.4784,-0.3452,0.0,0.149
2026-08-22T00:00:00+00:00,2026-08-22T01:00:00+00:00,1,2Dpo5DAK,test,a1ac286b97b15d33df0a93f90b11a1c3a41b0dafd9eede401094b43b93cc0765,VERIFIED_VALID,28.5,28.681,28.5,33.0,32.877,1,0.1783,0,-0.7167,-0.9088,-0.6973,-0.4172,0.22,0.178
2026-08-22T01:00:00+00:00,2026-08-22T02:00:00+00:00,1,2Dpo5DAK,test,a1ac286b97b15d33df0a93f90b11a1c3a41b0dafd9eede401094b43b93cc0765,VERIFIED_VALID,28.5,28.51,28.5,33.0,32.547,0,0.8561,1,-0.719,-0.7688,-0.695,-0.6395,0.0,0.995
2026-08-22T02:00:00+00:00,2026-08-22T03:00:00+00:00,1,2Dpo5DAK,test,a1ac286b97b15d33df0a93f90b11a1c3a41b0dafd9eede401094b43b93cc0765,VERIFIED_VALID,28.5,28.454,28.5,33.0,32.43,1,0.4516,1,-0.9094,-0.7619,-0.416,-0.6477,0.11,0.742
2026-08-22T03:00:00+00:00,2026-08-22T04:00:00+00:00,1,2Dpo5DAK,test,a1ac286b97b15d33df0a93f90b11a1c3a41b0dafd9eede401094b43b93cc0765,VERIFIED_VALID,28.5,28.498,28.5,33.0,32.523,0,0.85,1,-0.9883,-0.9445,-0.1525,-0.3285,0.0,0.985
2026-08-22T04:00:00+00:00,2026-08-22T05:00:00+00:00,1,2Dpo5DAK,test,a1ac286b97b15d33df0a93f90b11a1c3a41b0dafd9eede401094b43b93cc0765,VERIFIED_VALID,28.5,28.415,28.5,33.0,32.361,0,0.5201,1,-0.9838,-0.9988,-0.1793,-0.0483,0.0,1.055
2026-08-22T05:00:00+00:00,2026-08-22T06:00:00+00:00,1,2Dpo5DAK,test,a1ac286b97b15d33df0a93f90b11a1c3a41b0dafd9eede401094b43b93cc0765,VERIFIED_VALID,28.5,28.362,28.5,33.0,32.253,0,0.4908,1,-0.7985,-0.9973,-0.6021,-0.0736,0.0,0.991
2026-08-22T06:00:00+00:00,2026-08-22T07:00:00+00:00,1,2Dpo5DAK,test,a1ac286b97b15d33df0a93f90b11a1c3a41b0dafd9eede401094b43b93cc0765,VERIFIED_VALID,28.5,28.337,28.5,33.0,32.209,0,0.4915,1,-0.9918,-0.843,-0.1281,-0.538,0.0,1.027
2026-08-22T07:00:00+00:00,2026-08-22T08:00:00+00:00,1,2Dpo5DAK,test,a1ac286b97b15d33df0a93f90b11a1c3a41b0dafd9eede401094b43b93cc0765,VERIFIED_VALID,28.5,28.301,28.5,33.0,32.138,0,0.451,1,-0.8519,-0.9998,-0.5237,-0.0175,0.0,0.919
2026-08-22T08:00:00+00:00,2026-08-22T09:00:00+00:00,1,2Dpo5DAK,test,a1ac286b97b15d33df0a93f90b11a1c3a41b0dafd9eede401094b43b93cc0765,VERIFIED_VALID,28.5,28.274,28.5,33.0,32.08,0,0.5305,1,0.2697,-0.8958,-0.9629,-0.4444,0.0,1.203
2026-08-22T09:00:00+00:00,2026-08-22T10:00:00+00:00,1,2Dpo5DAK,test,a1ac286b97b15d33df0a93f90b11a1c3a41b0dafd9eede401094b43b93cc0765,VERIFIED_VALID,28.5,28.29,28.5,33.0,32.108,0,0.4647,1,-0.9216,0.3322,-0.3881,-0.9432,0.0,0.901
2026-08-22T10:00:00+00:00,2026-08-22T11:00:00+00:00,1,2Dpo5DAK,test,a1ac286b97b15d33df0a93f90b11a1c3a41b0dafd9eede401094b43b93cc0765,VERIFIED_VALID,28.5,28.236,28.5,33.0,32.002,0,0.3891,0,-0.9673,-0.9533,-0.2538,-0.3019,0.0,0.699
2026-08-22T11:00:00+00:00,2026-08-22T12:00:00+00:00,1,2Dpo5DAK,test,a1ac286b97b15d33df0a93f90b11a1c3a41b0dafd9eede401094b43b93cc0765,VERIFIED_VALID,28.5,28.231,28.5,33.0,31.99,0,0.3163,0,-0.9617,-0.9879,-0.2739,-0.1553,0.0,0.515
2026-08-22T12:00:00+00:00,2026-08-22T13:00:00+00:00,1,2Dpo5DAK,test,a1ac286b97b15d33df0a93f90b11a1c3a41b0dafd9eede401094b43b93cc0765,VERIFIED_VALID,28.5,28.21,28.5,33.0,31.948,0,0.3219,0,-0.3712,-0.9844,0.9286,-0.1761,0.0,0.529
2026-08-22T13:00:00+00:00,2026-08-22T14:00:00+00:00,1,2Dpo5DAK,test,a1ac286b97b15d33df0a93f90b11a1c3a41b0dafd9eede401094b43b93cc0765,VERIFIED_VALID,28.5,28.182,28.5,33.0,31.896,0,0.2562,0,0.3632,-0.2904,0.9317,0.9569,0.0,0.404
2026-08-22T14:00:00+00:00,2026-08-22T15:00:00+00:00,1,2Dpo5DAK,test,a1ac286b97b15d33df0a93f90b11a1c3a41b0dafd9eede401094b43b93cc0765,VERIFIED_VALID,28.5,28.181,28.5,33.0,31.893,0,0.3423,0,-0.9597,0.3684,0.2812,0.9297,0.0,0.601
2026-08-22T15:00:00+00:00,2026-08-22T16:00:00+00:00,1,2Dpo5DAK,test,a1ac286b97b15d33df0a93f90b11a1c3a41b0dafd9eede401094b43b93cc0765,VERIFIED_VALID,28.5,28.201,28.5,33.0,31.93,0,0.2302,0,-0.8425,-0.918,0.5387,0.3965,0.0,0.343
2026-08-22T16:00:00+00:00,2026-08-22T17:00:00+00:00,1,2Dpo5DAK,test,a1ac286b97b15d33df0a93f90b11a1c3a41b0dafd9eede401094b43b93cc0765,VERIFIED_VALID,28.5,28.225,28.5,33.0,31.977,0,0.326,0,-0.589,-0.7726,-0.8081,0.6349,0.0,0.537
2026-08-22T17:00:00+00:00,2026-08-22T18:00:00+00:00,1,2Dpo5DAK,test,a1ac286b97b15d33df0a93f90b11a1c3a41b0dafd9eede401094b43b93cc0765,VERIFIED_VALID,28.5,28.327,28.5,33.0,32.175,0,0.3275,0,-0.7321,-0.6138,-0.6812,-0.7895,0.0,0.481
2026-08-22T18:00:00+00:00,2026-08-22T19:00:00+00:00,1,2Dpo5DAK,test,a1ac286b97b15d33df0a93f90b11a1c3a41b0dafd9eede401094b43b93cc0765,VERIFIED_VALID,28.5,28.325,28.5,33.0,32.173,0,0.2013,0,-0.5251,-0.7619,-0.851,-0.6477,0.0,0.256
2026-08-22T19:00:00+00:00,2026-08-22T20:00:00+00:00,1,2Dpo5DAK,test,a1ac286b97b15d33df0a93f90b11a1c3a41b0dafd9eede401094b43b93cc0765,VERIFIED_VALID,28.5,28.449,28.5,33.0,32.416,0,0.2281,0,-0.3925,-0.5377,-0.9197,-0.8432,0.0,0.265
2026-08-22T20:00:00+00:00,2026-08-22T21:00:00+00:00,1,2Dpo5DAK,test,a1ac286b97b15d33df0a93f90b11a1c3a41b0dafd9eede401094b43b93cc0765,VERIFIED_VALID,28.5,28.477,28.5,33.0,32.474,0,0.2749,0,-0.8081,-0.3918,-0.589,-0.92,0.0,0.334
2026-08-22T21:00:00+00:00,2026-08-22T22:00:00+00:00,1,2Dpo5DAK,test,a1ac286b97b15d33df0a93f90b11a1c3a41b0dafd9eede401094b43b93cc0765,VERIFIED_VALID,28.5,28.469,28.5,33.0,32.459,0,0.3005,0,-0.8881,-0.8445,-0.4596,-0.5356,0.0,0.383
2026-08-22T22:00:00+00:00,2026-08-22T23:00:00+00:00,1,2Dpo5DAK,test,a1ac286b97b15d33df0a93f90b11a1c3a41b0dafd9eede401094b43b93cc0765,VERIFIED_VALID,28.5,28.563,28.5,33.0,32.643,0,0.1471,0,-0.7957,-0.9172,-0.6057,-0.3985,0.0,0.157
2026-08-22T23:00:00+00:00,2026-08-23T00:00:00+00:00,1,2Dpo5DAK,test,a1ac286b97b15d33df0a93f90b11a1c3a41b0dafd9eede401094b43b93cc0765,VERIFIED_VALID,28.5,28.626,28.5,33.0,32.769,0,0.1352,0,-0.9566,-0.8244,-0.2914,-0.5661,0.0,0.14
2026-08-23T00:00:00+00:00,2026-08-23T01:00:00+00:00,1,2Dpo5DAK,test,a1ac286b97b15d33df0a93f90b11a1c3a41b0dafd9eede401094b43b93cc0765,VERIFIED_VALID,28.5,28.644,28.5,33.0,32.802,0,0.1295,0,-0.909,-0.977,-0.4168,-0.2133,0.0,0.131
2026-08-23T01:00:00+00:00,2026-08-23T02:00:00+00:00,1,2Dpo5DAK,test,a1ac286b97b15d33df0a93f90b11a1c3a41b0dafd9eede401094b43b93cc0765,VERIFIED_VALID,28.5,28.511,28.5,33.0,32.545,0,0.4117,1,0.4682,-0.9426,-0.8836,-0.3338,0.0,0.62
2026-08-23T02:00:00+00:00,2026-08-23T03:00:00+00:00,1,2Dpo5DAK,test,a1ac286b97b15d33df0a93f90b11a1c3a41b0dafd9eede401094b43b93cc0765,VERIFIED_VALID,28.5,28.506,28.5,33.0,32.538,0,0.2309,0,-0.834,0.5531,-0.5518,-0.8331,0.0,0.288
2026-08-23T03:00:00+00:00,2026-08-23T04:00:00+00:00,1,2Dpo5DAK,test,a1ac286b97b15d33df0a93f90b11a1c3a41b0dafd9eede401094b43b93cc0765,VERIFIED_VALID,28.5,28.625,28.5,33.0,32.771,0,0.2178,0,-0.9835,-0.8663,0.181,-0.4995,0.0,0.235
2026-08-23T04:00:00+00:00,2026-08-23T05:00:00+00:00,1,2Dpo5DAK,test,a1ac286b97b15d33df0a93f90b11a1c3a41b0dafd9eede401094b43b93cc0765,VERIFIED_VALID,28.5,28.492,28.5,33.0,32.509,0,0.2793,0,-0.8002,-0.9565,0.5997,0.2919,0.0,0.371
2026-08-23T05:00:00+00:00,2026-08-23T06:00:00+00:00,1,2Dpo5DAK,test,a1ac286b97b15d33df0a93f90b11a1c3a41b0dafd9eede401094b43b93cc0765,VERIFIED_VALID,28.5,28.388,28.5,33.0,32.303,0,0.2441,0,-0.7879,-0.7257,-0.6158,0.688,0.0,0.347
2026-08-23T06:00:00+00:00,2026-08-23T07:00:00+00:00,1,2Dpo5DAK,test,a1ac286b97b15d33df0a93f90b11a1c3a41b0dafd9eede401094b43b93cc0765,VERIFIED_VALID,28.5,28.363,28.5,33.0,32.26,0,0.2095,0,-0.7242,-0.8189,-0.6896,-0.574,0.0,0.299
2026-08-23T07:00:00+00:00,2026-08-23T08:00:00+00:00,1,2Dpo5DAK,test,a1ac286b97b15d33df0a93f90b11a1c3a41b0dafd9eede401094b43b93cc0765,VERIFIED_VALID,28.5,28.361,28.5,33.0,32.252,0,0.3499,0,-0.9052,-0.7593,-0.425,-0.6508,0.0,0.562
2026-08-23T08:00:00+00:00,2026-08-23T09:00:00+00:00,1,2Dpo5DAK,test,a1ac286b97b15d33df0a93f90b11a1c3a41b0dafd9eede401094b43b93cc0765,VERIFIED_VALID,28.5,28.26,28.5,33.0,32.05,0,0.2722,0,0.9034,-0.9373,0.4287,-0.3487,0.0,0.424
2026-08-23T09:00:00+00:00,2026-08-23T10:00:00+00:00,1,2Dpo5DAK,test,a1ac286b97b15d33df0a93f90b11a1c3a41b0dafd9eede401094b43b93cc0765,VERIFIED_VALID,28.5,28.233,28.5,33.0,32.003,0,0.2328,0,-0.266,0.8736,-0.964,0.4866,0.0,0.36
2026-08-23T10:00:00+00:00,2026-08-23T11:00:00+00:00,1,2Dpo5DAK,test,a1ac286b97b15d33df0a93f90b11a1c3a41b0dafd9eede401094b43b93cc0765,VERIFIED_VALID,28.5,28.191,28.5,33.0,31.926,0,0.1407,0,0.9742,-0.2346,-0.2257,-0.9721,0.0,0.191
2026-08-23T11:00:00+00:00,2026-08-23T12:00:00+00:00,1,2Dpo5DAK,test,a1ac286b97b15d33df0a93f90b11a1c3a41b0dafd9eede401094b43b93cc0765,VERIFIED_VALID,28.5,28.257,28.5,33.0,32.04,0,0.2828,0,-0.9145,0.9932,-0.4045,-0.1164,0.0,0.421
2026-08-23T12:00:00+00:00,2026-08-23T13:00:00+00:00,1,2Dpo5DAK,test,a1ac286b97b15d33df0a93f90b11a1c3a41b0dafd9eede401094b43b93cc0765,VERIFIED_VALID,28.5,28.233,28.5,33.0,31.998,0,0.1493,0,0.9898,-0.9407,0.1422,-0.3391,0.0,0.191
2026-08-23T13:00:00+00:00,2026-08-23T14:00:00+00:00,1,2Dpo5DAK,test,a1ac286b97b15d33df0a93f90b11a1c3a41b0dafd9eede401094b43b93cc0765,VERIFIED_VALID,28.5,28.239,28.5,33.0,32.014,1,0.1034,0,-0.7833,0.9775,-0.6216,0.2112,2.638,0.119
2026-08-23T14:00:00+00:00,2026-08-23T15:00:00+00:00,1,2Dpo5DAK,test,a1ac286b97b15d33df0a93f90b11a1c3a41b0dafd9eede401094b43b93cc0765,VERIFIED_VALID,28.5,28.258,28.5,33.0,32.041,0,0.8496,1,-0.492,-0.8319,-0.8706,-0.5549,0.0,1.177
2026-08-23T15:00:00+00:00,2026-08-23T16:00:00+00:00,1,2Dpo5DAK,test,a1ac286b97b15d33df0a93f90b11a1c3a41b0dafd9eede401094b43b93cc0765,VERIFIED_VALID,28.5,28.339,28.5,33.0,32.19,0,0.3356,0,-0.5089,-0.5095,-0.8608,-0.8605,0.0,0.442
2026-08-23T16:00:00+00:00,2026-08-23T17:00:00+00:00,1,2Dpo5DAK,test,a1ac286b97b15d33df0a93f90b11a1c3a41b0dafd9eede401094b43b93cc0765,VERIFIED_VALID,28.5,28.378,28.5,33.0,32.273,0,0.2409,0,0.7164,-0.5196,-0.6976,-0.8544,0.0,0.291
2026-08-23T17:00:00+00:00,2026-08-23T18:00:00+00:00,1,2Dpo5DAK,test,a1ac286b97b15d33df0a93f90b11a1c3a41b0dafd9eede401094b43b93cc0765,VERIFIED_VALID,28.5,28.401,28.5,33.0,32.317,0,0.346,0,-0.4685,0.7845,-0.8835,-0.6202,0.0,0.437
2026-08-23T18:00:00+00:00,2026-08-23T19:00:00+00:00,1,2Dpo5DAK,test,a1ac286b97b15d33df0a93f90b11a1c3a41b0dafd9eede401094b43b93cc0765,VERIFIED_VALID,28.5,28.451,28.5,33.0,32.417,1,0.243,0,-0.9999,-0.4755,-0.0156,-0.8797,0.11,0.271
2026-08-23T19:00:00+00:00,2026-08-23T20:00:00+00:00,1,2Dpo5DAK,test,a1ac286b97b15d33df0a93f90b11a1c3a41b0dafd9eede401094b43b93cc0765,VERIFIED_VALID,28.5,28.466,28.5,33.0,32.446,0,0.6731,1,-0.5857,-0.9958,-0.8105,0.0914,0.0,0.446
2026-08-23T20:00:00+00:00,2026-08-23T21:00:00+00:00,1,2Dpo5DAK,test,a1ac286b97b15d33df0a93f90b11a1c3a41b0dafd9eede401094b43b93cc0765,VERIFIED_VALID,28.5,28.43,28.5,33.0,32.379,0,0.3842,0,-0.6657,-0.6156,0.7462,-0.7881,0.0,0.545
2026-08-23T21:00:00+00:00,2026-08-23T22:00:00+00:00,1,2Dpo5DAK,test,a1ac286b97b15d33df0a93f90b11a1c3a41b0dafd9eede401094b43b93cc0765,VERIFIED_VALID,28.5,28.397,28.5,33.0,32.316,0,0.4923,1,-0.2755,-0.6052,-0.9613,0.7961,0.0,0.874
2026-08-23T22:00:00+00:00,2026-08-23T23:00:00+00:00,1,2Dpo5DAK,test,a1ac286b97b15d33df0a93f90b11a1c3a41b0dafd9eede401094b43b93cc0765,VERIFIED_VALID,28.5,28.492,28.5,33.0,32.504,0,0.3713,0,-0.6268,-0.271,0.7792,-0.9626,0.0,0.507
2026-08-23T23:00:00+00:00,2026-08-24T00:00:00+00:00,1,2Dpo5DAK,test,a1ac286b97b15d33df0a93f90b11a1c3a41b0dafd9eede401094b43b93cc0765,VERIFIED_VALID,28.5,28.486,28.5,33.0,32.492,0,0.3544,0,-0.1446,-0.5524,0.9895,0.8336,0.0,0.501
2026-08-24T00:00:00+00:00,2026-08-24T01:00:00+00:00,1,2Dpo5DAK,test,a1ac286b97b15d33df0a93f90b11a1c3a41b0dafd9eede401094b43b93cc0765,VERIFIED_VALID,28.5,28.43,28.5,33.0,32.384,0,0.4057,1,-0.0565,-0.0981,-0.9984,0.9952,0.0,0.672
2026-08-24T01:00:00+00:00,2026-08-24T02:00:00+00:00,1,2Dpo5DAK,test,a1ac286b97b15d33df0a93f90b11a1c3a41b0dafd9eede401094b43b93cc0765,VERIFIED_VALID,28.5,28.455,28.5,33.0,32.43,0,0.3975,0,-0.499,-0.0259,-0.8666,-0.9997,0.0,0.59
2026-08-24T02:00:00+00:00,2026-08-24T03:00:00+00:00,1,2Dpo5DAK,test,a1ac286b97b15d33df0a93f90b11a1c3a41b0dafd9eede401094b43b93cc0765,VERIFIED_VALID,28.5,28.528,28.5,33.0,32.577,1,0.3765,0,-0.6415,-0.5212,-0.7671,-0.8534,0.11,0.519
2026-08-24T03:00:00+00:00,2026-08-24T04:00:00+00:00,1,2Dpo5DAK,test,a1ac286b97b15d33df0a93f90b11a1c3a41b0dafd9eede401094b43b93cc0765,VERIFIED_VALID,28.5,28.442,28.5,33.0,32.41,0,0.8448,1,-0.8037,-0.6909,0.595,-0.723,0.0,0.995
2026-08-24T04:00:00+00:00,2026-08-24T05:00:00+00:00,1,2Dpo5DAK,test,a1ac286b97b15d33df0a93f90b11a1c3a41b0dafd9eede401094b43b93cc0765,VERIFIED_VALID,28.5,28.363,28.5,33.0,32.256,0,0.5558,1,0.9927,-0.7538,-0.1206,0.6571,0.0,1.27
2026-08-24T05:00:00+00:00,2026-08-24T06:00:00+00:00,1,2Dpo5DAK,test,a1ac286b97b15d33df0a93f90b11a1c3a41b0dafd9eede401094b43b93cc0765,VERIFIED_VALID,28.5,28.375,28.5,33.0,32.273,1,0.4918,1,0.4312,0.9999,-0.9022,-0.014,35.827,0.904
2026-08-24T06:00:00+00:00,2026-08-24T07:00:00+00:00,1,2Dpo5DAK,test,a1ac286b97b15d33df0a93f90b11a1c3a41b0dafd9eede401094b43b93cc0765,VERIFIED_VALID,28.5,28.399,28.5,33.0,32.421,1,0.9399,1,0.4439,0.3313,-0.8961,-0.9435,0.769,4.623
2026-08-24T07:00:00+00:00,2026-08-24T08:00:00+00:00,1,2Dpo5DAK,test,a1ac286b97b15d33df0a93f90b11a1c3a41b0dafd9eede401094b43b93cc0765,VERIFIED_VALID,28.5,28.426,28.5,33.0,32.353,1,0.8315,1,-0.504,0.4841,0.8637,-0.875,1.648,0.569
2026-08-24T08:00:00+00:00,2026-08-24T09:00:00+00:00,1,2Dpo5DAK,test,a1ac286b97b15d33df0a93f90b11a1c3a41b0dafd9eede401094b43b93cc0765,VERIFIED_VALID,28.5,28.37,28.5,33.0,32.275,1,0.9252,1,-0.5154,-0.4938,-0.857,0.8696,0.879,1.836
2026-08-24T09:00:00+00:00,2026-08-24T10:00:00+00:00,1,2Dpo5DAK,test,a1ac286b97b15d33df0a93f90b11a1c3a41b0dafd9eede401094b43b93cc0765,VERIFIED_VALID,28.5,28.488,28.5,33.0,32.488,0,0.8712,1,-0.9931,-0.568,0.1175,-0.823,0.0,0.872
2026-08-24T10:00:00+00:00,2026-08-24T11:00:00+00:00,1,2Dpo5DAK,test,a1ac286b97b15d33df0a93f90b11a1c3a41b0dafd9eede401094b43b93cc0765,VERIFIED_VALID,28.5,28.278,28.5,33.0,32.076,1,0.5421,1,-0.696,-0.9751,-0.718,0.222,0.11,1.156
2026-08-24T11:00:00+00:00,2026-08-24T12:00:00+00:00,1,2Dpo5DAK,test,a1ac286b97b15d33df0a93f90b11a1c3a41b0dafd9eede401094b43b93cc0765,VERIFIED_VALID,28.5,28.293,28.5,33.0,32.109,1,0.902,1,-0.4677,-0.756,-0.8839,-0.6546,0.989,1.423
2026-08-24T12:00:00+00:00,2026-08-24T13:00:00+00:00,1,2Dpo5DAK,test,a1ac286b97b15d33df0a93f90b11a1c3a41b0dafd9eede401094b43b93cc0765,VERIFIED_VALID,28.5,28.201,28.5,33.0,31.948,1,0.7858,1,0.3314,-0.4825,-0.9435,-0.8759,0.44,1.083
2026-08-24T13:00:00+00:00,2026-08-24T14:00:00+00:00,1,2Dpo5DAK,test,a1ac286b97b15d33df0a93f90b11a1c3a41b0dafd9eede401094b43b93cc0765,VERIFIED_VALID,28.5,28.259,28.5,33.0,32.041,0,0.8731,1,0.5007,0.3723,-0.8656,-0.9281,0.0,1.222
2026-08-24T14:00:00+00:00,2026-08-24T15:00:00+00:00,1,2Dpo5DAK,test,a1ac286b97b15d33df0a93f90b11a1c3a41b0dafd9eede401094b43b93cc0765,VERIFIED_VALID,28.5,28.295,28.5,33.0,32.11,1,0.5095,1,0.6891,0.5619,-0.7247,-0.8272,0.11,0.958
2026-08-24T15:00:00+00:00,2026-08-24T16:00:00+00:00,1,2Dpo5DAK,test,a1ac286b97b15d33df0a93f90b11a1c3a41b0dafd9eede401094b43b93cc0765,VERIFIED_VALID,28.5,28.325,28.5,33.0,32.166,0,0.778,1,-0.2374,0.7547,-0.9714,-0.6561,0.0,0.717
2026-08-24T16:00:00+00:00,2026-08-24T17:00:00+00:00,1,2Dpo5DAK,test,a1ac286b97b15d33df0a93f90b11a1c3a41b0dafd9eede401094b43b93cc0765,VERIFIED_VALID,28.5,28.335,28.5,33.0,32.188,0,0.4238,1,-0.0496,-0.2321,-0.9988,-0.9727,0.0,0.643
2026-08-24T17:00:00+00:00,2026-08-24T18:00:00+00:00,1,2Dpo5DAK,test,a1ac286b97b15d33df0a93f90b11a1c3a41b0dafd9eede401094b43b93cc0765,VERIFIED_VALID,28.5,28.347,28.5,33.0,32.213,0,0.4019,1,-0.6634,-0.0167,-0.7483,-0.9999,0.0,0.604
2026-08-24T18:00:00+00:00,2026-08-24T19:00:00+00:00,1,2Dpo5DAK,test,a1ac286b97b15d33df0a93f90b11a1c3a41b0dafd9eede401094b43b93cc0765,VERIFIED_VALID,28.5,28.448,28.5,33.0,32.421,0,0.4374,1,0.3222,-0.7036,-0.9467,-0.7106,0.0,0.712
2026-08-24T19:00:00+00:00,2026-08-24T20:00:00+00:00,1,2Dpo5DAK,test,a1ac286b97b15d33df0a93f90b11a1c3a41b0dafd9eede401094b43b93cc0765,VERIFIED_VALID,28.5,28.411,28.5,33.0,32.341,0,0.4704,1,0.5801,0.3746,-0.8145,-0.9272,0.0,0.742
2026-08-24T20:00:00+00:00,2026-08-24T21:00:00+00:00,1,2Dpo5DAK,test,a1ac286b97b15d33df0a93f90b11a1c3a41b0dafd9eede401094b43b93cc0765,VERIFIED_VALID,28.5,28.427,28.5,33.0,32.375,1,0.452,1,-0.1948,0.6454,0.9808,-0.7638,0.33,0.692
2026-08-24T21:00:00+00:00,2026-08-24T22:00:00+00:00,1,2Dpo5DAK,test,a1ac286b97b15d33df0a93f90b11a1c3a41b0dafd9eede401094b43b93cc0765,VERIFIED_VALID,28.5,28.405,28.5,33.0,32.331,1,0.8251,1,0.6139,-0.165,-0.7894,0.9863,4.066,0.882
2026-08-24T22:00:00+00:00,2026-08-24T23:00:00+00:00,1,2Dpo5DAK,test,a1ac286b97b15d33df0a93f90b11a1c3a41b0dafd9eede401094b43b93cc0765,VERIFIED_VALID,28.5,28.336,28.5,33.0,32.22,1,0.9258,1,0.51,0.6448,-0.8602,-0.7644,5.165,2.074
2026-08-24T23:00:00+00:00,2026-08-25T00:00:00+00:00,1,2Dpo5DAK,test,a1ac286b97b15d33df0a93f90b11a1c3a41b0dafd9eede401094b43b93cc0765,VERIFIED_VALID,28.5,28.313,28.5,33.0,32.171,1,0.9258,1,-0.1622,0.5348,-0.9868,-0.845,0.44,2.065
2026-08-25T00:00:00+00:00,2026-08-25T01:00:00+00:00,1,2Dpo5DAK,test,a1ac286b97b15d33df0a93f90b11a1c3a41b0dafd9eede401094b43b93cc0765,VERIFIED_VALID,28.5,28.409,28.5,33.0,32.335,1,0.8932,1,-0.5208,-0.1999,-0.8537,-0.9798,1.978,1.125
2026-08-25T01:00:00+00:00,2026-08-25T02:00:00+00:00,1,2Dpo5DAK,test,a1ac286b97b15d33df0a93f90b11a1c3a41b0dafd9eede401094b43b93cc0765,VERIFIED_VALID,28.5,28.371,28.5,33.0,32.273,1,0.9044,1,-0.9907,-0.5818,0.1358,-0.8133,3.077,1.499
2026-08-25T02:00:00+00:00,2026-08-25T03:00:00+00:00,1,2Dpo5DAK,test,a1ac286b97b15d33df0a93f90b11a1c3a41b0dafd9eede401094b43b93cc0765,VERIFIED_VALID,28.5,28.314,28.5,33.0,32.163,1,0.9171,1,0.5731,-0.9727,-0.8195,0.2322,0.769,1.792
2026-08-25T03:00:00+00:00,2026-08-25T04:00:00+00:00,1,2Dpo5DAK,test,a1ac286b97b15d33df0a93f90b11a1c3a41b0dafd9eede401094b43b93cc0765,VERIFIED_VALID,28.5,28.342,28.5,33.0,32.209,1,0.9177,1,-0.3125,0.6006,-0.9499,-0.7995,0.769,1.583
2026-08-25T04:00:00+00:00,2026-08-25T05:00:00+00:00,1,2Dpo5DAK,test,a1ac286b97b15d33df0a93f90b11a1c3a41b0dafd9eede401094b43b93cc0765,VERIFIED_VALID,28.5,28.352,28.5,33.0,32.244,1,0.9295,1,0.9792,-0.3953,-0.2029,-0.9186,1.209,2.022
2026-08-25T05:00:00+00:00,2026-08-25T06:00:00+00:00,1,2Dpo5DAK,test,a1ac286b97b15d33df0a93f90b11a1c3a41b0dafd9eede401094b43b93cc0765,VERIFIED_VALID,28.5,28.357,28.5,33.0,32.224,1,0.8728,1,-0.6344,0.9944,-0.773,-0.1056,0.44,0.951
2026-08-25T06:00:00+00:00,2026-08-25T07:00:00+00:00,1,2Dpo5DAK,test,a1ac286b97b15d33df0a93f90b11a1c3a41b0dafd9eede401094b43b93cc0765,VERIFIED_VALID,28.5,28.365,28.5,33.0,32.262,0,0.9323,1,-0.1271,-0.7203,-0.9919,-0.6937,0.0,1.99
2026-08-25T07:00:00+00:00,2026-08-25T08:00:00+00:00,1,2Dpo5DAK,test,a1ac286b97b15d33df0a93f90b11a1c3a41b0dafd9eede401094b43b93cc0765,VERIFIED_VALID,28.5,28.346,28.5,33.0,32.22,1,0.575,1,0.9079,-0.1554,-0.4192,-0.9878,0.11,1.361
2026-08-25T08:00:00+00:00,2026-08-25T09:00:00+00:00,1,2Dpo5DAK,test,a1ac286b97b15d33df0a93f90b11a1c3a41b0dafd9eede401094b43b93cc0765,VERIFIED_VALID,28.5,28.329,28.5,33.0,32.189,0,0.9042,1,-0.995,0.9421,-0.1,-0.3354,0.0,1.516
2026-08-25T09:00:00+00:00,2026-08-25T10:00:00+00:00,1,2Dpo5DAK,test,a1ac286b97b15d33df0a93f90b11a1c3a41b0dafd9eede401094b43b93cc0765,VERIFIED_VALID,28.5,28.308,28.5,33.0,32.146,0,0.561,1,0.7966,-1.0,-0.6044,0.0053,0.0,1.334
2026-08-25T10:00:00+00:00,2026-08-25T11:00:00+00:00,1,2Dpo5DAK,test,a1ac286b97b15d33df0a93f90b11a1c3a41b0dafd9eede401094b43b93cc0765,VERIFIED_VALID,28.5,28.306,28.5,33.0,32.133,0,0.4468,1,-0.3519,0.8567,0.936,-0.5158,0.0,0.759
2026-08-25T11:00:00+00:00,2026-08-25T12:00:00+00:00,1,2Dpo5DAK,test,a1ac286b97b15d33df0a93f90b11a1c3a41b0dafd9eede401094b43b93cc0765,VERIFIED_VALID,28.5,28.265,28.5,33.0,32.056,0,0.4189,1,0.3935,-0.2862,0.9193,0.9582,0.0,0.747
2026-08-25T12:00:00+00:00,2026-08-25T13:00:00+00:00,1,2Dpo5DAK,test,a1ac286b97b15d33df0a93f90b11a1c3a41b0dafd9eede401094b43b93cc0765,VERIFIED_VALID,28.5,28.215,28.5,33.0,31.965,0,0.524,1,-0.86,0.3739,0.5102,0.9275,0.0,1.212
2026-08-25T13:00:00+00:00,2026-08-25T14:00:00+00:00,1,2Dpo5DAK,test,a1ac286b97b15d33df0a93f90b11a1c3a41b0dafd9eede401094b43b93cc0765,VERIFIED_VALID,28.5,28.189,28.5,33.0,31.91,1,0.4153,1,-0.7932,-0.7938,-0.6089,0.6082,0.11,0.804
2026-08-25T14:00:00+00:00,2026-08-25T15:00:00+00:00,1,2Dpo5DAK,test,a1ac286b97b15d33df0a93f90b11a1c3a41b0dafd9eede401094b43b93cc0765,VERIFIED_VALID,28.5,28.233,28.5,33.0,31.996,0,0.8413,1,0.2607,-0.8406,-0.9654,-0.5416,0.0,1.139
2026-08-25T15:00:00+00:00,2026-08-25T16:00:00+00:00,1,2Dpo5DAK,test,a1ac286b97b15d33df0a93f90b11a1c3a41b0dafd9eede401094b43b93cc0765,VERIFIED_VALID,28.5,28.282,28.5,33.0,32.085,1,0.4537,1,0.7164,0.3207,0.6977,-0.9472,0.879,0.782
2026-08-25T16:00:00+00:00,2026-08-25T17:00:00+00:00,1,2Dpo5DAK,test,a1ac286b97b15d33df0a93f90b11a1c3a41b0dafd9eede401094b43b93cc0765,VERIFIED_VALID,28.5,28.292,28.5,33.0,32.104,1,0.8238,1,-0.6109,0.674,-0.7917,0.7387,0.11,0.948
2026-08-25T17:00:00+00:00,2026-08-25T18:00:00+00:00,1,2Dpo5DAK,test,a1ac286b97b15d33df0a93f90b11a1c3a41b0dafd9eede401094b43b93cc0765,VERIFIED_VALID,28.5,28.345,28.5,33.0,32.208,0,0.8592,1,-0.3603,-0.662,-0.9328,-0.7495,0.0,1.031
2026-08-25T18:00:00+00:00,2026-08-25T19:00:00+00:00,1,2Dpo5DAK,test,a1ac286b97b15d33df0a93f90b11a1c3a41b0dafd9eede401094b43b93cc0765,VERIFIED_VALID,28.5,28.373,28.5,33.0,32.262,0,0.3554,0,-0.8854,-0.3625,-0.4648,-0.932,0.0,0.485
2026-08-25T19:00:00+00:00,2026-08-25T20:00:00+00:00,1,2Dpo5DAK,test,a1ac286b97b15d33df0a93f90b11a1c3a41b0dafd9eede401094b43b93cc0765,VERIFIED_VALID,28.5,28.385,28.5,33.0,32.286,0,0.3568,0,-0.5206,-0.9208,-0.8538,-0.3901,0.0,0.495
2026-08-25T20:00:00+00:00,2026-08-25T21:00:00+00:00,1,2Dpo5DAK,test,a1ac286b97b15d33df0a93f90b11a1c3a41b0dafd9eede401094b43b93cc0765,VERIFIED_VALID,28.5,28.416,28.5,33.0,32.349,0,0.3582,0,-0.8364,-0.5428,-0.5481,-0.8398,0.0,0.477
2026-08-25T21:00:00+00:00,2026-08-25T22:00:00+00:00,1,2Dpo5DAK,test,a1ac286b97b15d33df0a93f90b11a1c3a41b0dafd9eede401094b43b93cc0765,VERIFIED_VALID,28.5,28.453,28.5,33.0,32.422,1,0.359,0,0.3147,-0.8747,0.9492,-0.4846,0.11,0.473
2026-08-25T22:00:00+00:00,2026-08-25T23:00:00+00:00,1,2Dpo5DAK,test,a1ac286b97b15d33df0a93f90b11a1c3a41b0dafd9eede401094b43b93cc0765,VERIFIED_VALID,28.5,28.419,28.5,33.0,32.358,0,0.831,1,0.3866,0.2949,0.9223,0.9555,0.0,0.909
2026-08-25T23:00:00+00:00,2026-08-26T00:00:00+00:00,1,2Dpo5DAK,test,a1ac286b97b15d33df0a93f90b11a1c3a41b0dafd9eede401094b43b93cc0765,VERIFIED_VALID,28.5,28.363,28.5,33.0,32.255,1,0.5592,1,-0.4127,0.3508,-0.9109,0.9365,11.979,1.286
2026-08-26T00:00:00+00:00,2026-08-26T01:00:00+00:00,1,2Dpo5DAK,test,a1ac286b97b15d33df0a93f90b11a1c3a41b0dafd9eede401094b43b93cc0765,VERIFIED_VALID,28.5,28.296,28.5,33.0,32.157,1,0.9371,1,0.7097,-0.5165,-0.7045,-0.8563,0.11,2.878
2026-08-26T01:00:00+00:00,2026-08-26T02:00:00+00:00,1,2Dpo5DAK,test,a1ac286b97b15d33df0a93f90b11a1c3a41b0dafd9eede401094b43b93cc0765,VERIFIED_VALID,28.5,28.437,28.5,33.0,32.387,0,0.8851,1,-0.7963,0.7486,-0.6049,-0.663,0.0,0.903
2026-08-16T21:00:00+00:00,2026-08-16T22:00:00+00:00,1,3nzr48bG,test,a1ac286b97b15d33df0a93f90b11a1c3a41b0dafd9eede401094b43b93cc0765,VERIFIED_VALID,24.589,24.696,24.885,24.23,25.826,1,0.9306,1,-0.8634,-0.9647,0.5046,-0.2634,2.747,2.103
2026-08-16T22:00:00+00:00,2026-08-16T23:00:00+00:00,1,3nzr48bG,test,a1ac286b97b15d33df0a93f90b11a1c3a41b0dafd9eede401094b43b93cc0765,VERIFIED_VALID,25.086,24.487,24.589,25.62,25.588,1,0.934,1,-0.7882,-0.8388,0.6154,0.5445,4.616,2.213
2026-08-16T23:00:00+00:00,2026-08-17T00:00:00+00:00,1,3nzr48bG,test,a1ac286b97b15d33df0a93f90b11a1c3a41b0dafd9eede401094b43b93cc0765,VERIFIED_VALID,25.801,24.99,25.086,27.74,26.134,1,0.9382,1,-0.8478,-0.78,0.5304,0.6258,3.297,2.574
2026-08-17T00:00:00+00:00,2026-08-17T01:00:00+00:00,1,3nzr48bG,test,a1ac286b97b15d33df0a93f90b11a1c3a41b0dafd9eede401094b43b93cc0765,VERIFIED_VALID,25.689,25.691,25.801,27.4,27.413,1,0.9387,1,-0.0775,-0.8349,0.997,0.5504,8.792,2.709
2026-08-17T01:00:00+00:00,2026-08-17T02:00:00+00:00,1,3nzr48bG,test,a1ac286b97b15d33df0a93f90b11a1c3a41b0dafd9eede401094b43b93cc0765,VERIFIED_VALID,25.611,25.492,25.689,27.17,26.808,1,0.9392,1,-0.8634,-0.1641,0.5046,0.9864,7.803,3.292
2026-08-17T02:00:00+00:00,2026-08-17T03:00:00+00:00,1,3nzr48bG,test,a1ac286b97b15d33df0a93f90b11a1c3a41b0dafd9eede401094b43b93cc0765,VERIFIED_VALID,26.001,25.404,25.611,28.37,26.605,1,0.9389,1,0.2059,-0.8426,0.9786,0.5385,10.001,3.174
2026-08-17T03:00:00+00:00,2026-08-17T04:00:00+00:00,1,3nzr48bG,test,a1ac286b97b15d33df0a93f90b11a1c3a41b0dafd9eede401094b43b93cc0765,VERIFIED_VALID,25.563,25.794,26.001,27.02,27.74,1,0.939,1,0.8522,0.0945,0.5231,0.9955,3.187,3.211
2026-08-17T04:00:00+00:00,2026-08-17T05:00:00+00:00,1,3nzr48bG,test,a1ac286b97b15d33df0a93f90b11a1c3a41b0dafd9eede401094b43b93cc0765,VERIFIED_VALID,26.36,25.438,25.563,29.4,26.616,1,0.9362,1,0.6983,0.7746,-0.7158,0.6324,2.747,2.094
2026-08-17T05:00:00+00:00,2026-08-17T06:00:00+00:00,1,3nzr48bG,test,a1ac286b97b15d33df0a93f90b11a1c3a41b0dafd9eede401094b43b93cc0765,VERIFIED_VALID,25.306,26.263,26.36,26.27,29.125,1,0.9377,1,0.9967,0.696,-0.0814,-0.718,1.209,2.427
2026-08-17T06:00:00+00:00,2026-08-17T07:00:00+00:00,1,3nzr48bG,test,a1ac286b97b15d33df0a93f90b11a1c3a41b0dafd9eede401094b43b93cc0765,VERIFIED_VALID,25.577,25.219,25.306,27.06,26.37,1,0.9361,1,0.9582,0.9999,-0.286,0.0162,5.935,2.101
2026-08-17T07:00:00+00:00,2026-08-17T08:00:00+00:00,1,3nzr48bG,test,a1ac286b97b15d33df0a93f90b11a1c3a41b0dafd9eede401094b43b93cc0765,VERIFIED_VALID,25.175,25.428,25.577,25.88,26.609,1,0.9395,1,0.9974,0.9782,-0.0716,-0.2078,21.76,3.465
2026-08-17T08:00:00+00:00,2026-08-17T09:00:00+00:00,1,3nzr48bG,test,a1ac286b97b15d33df0a93f90b11a1c3a41b0dafd9eede401094b43b93cc0765,VERIFIED_VALID,25.237,25.031,25.175,26.06,26.198,1,0.94,1,0.9284,0.9972,-0.3715,0.0743,4.836,5.347
2026-08-17T09:00:00+00:00,2026-08-17T10:00:00+00:00,1,3nzr48bG,test,a1ac286b97b15d33df0a93f90b11a1c3a41b0dafd9eede401094b43b93cc0765,VERIFIED_VALID,25.438,25.095,25.237,26.65,26.248,1,0.9391,1,0.8979,0.9495,-0.4402,-0.3138,0.22,2.865
2026-08-17T10:00:00+00:00,2026-08-17T11:00:00+00:00,1,3nzr48bG,test,a1ac286b97b15d33df0a93f90b11a1c3a41b0dafd9eede401094b43b93cc0765,VERIFIED_VALID,25.71,25.381,25.438,27.44,26.533,1,0.9329,1,0.8756,0.9185,-0.483,-0.3955,0.22,1.528
2026-08-17T11:00:00+00:00,2026-08-17T12:00:00+00:00,1,3nzr48bG,test,a1ac286b97b15d33df0a93f90b11a1c3a41b0dafd9eede401094b43b93cc0765,VERIFIED_VALID,25.536,25.75,25.71,26.94,27.551,0,0.9323,1,0.261,0.8892,-0.9653,-0.4574,0.0,1.129
2026-08-17T12:00:00+00:00,2026-08-17T13:00:00+00:00,1,3nzr48bG,test,a1ac286b97b15d33df0a93f90b11a1c3a41b0dafd9eede401094b43b93cc0765,VERIFIED_VALID,25.843,25.662,25.536,27.86,27.306,1,0.3305,0,-0.1154,0.2997,-0.9933,-0.954,0.11,0.207
2026-08-17T13:00:00+00:00,2026-08-17T14:00:00+00:00,1,3nzr48bG,test,a1ac286b97b15d33df0a93f90b11a1c3a41b0dafd9eede401094b43b93cc0765,VERIFIED_VALID,26.01,26.057,25.843,28.37,28.505,0,0.5527,1,-0.0604,-0.1024,-0.9982,-0.9947,0.0,0.124
2026-08-17T14:00:00+00:00,2026-08-17T15:00:00+00:00,1,3nzr48bG,test,a1ac286b97b15d33df0a93f90b11a1c3a41b0dafd9eede401094b43b93cc0765,VERIFIED_VALID,25.896,26.269,26.01,27.97,29.149,0,0.0499,0,0.9815,-0.0606,0.1912,-0.9982,0.0,0.025
2026-08-17T15:00:00+00:00,2026-08-17T16:00:00+00:00,1,3nzr48bG,test,a1ac286b97b15d33df0a93f90b11a1c3a41b0dafd9eede401094b43b93cc0765,VERIFIED_VALID,25.46,26.096,25.896,26.71,28.553,1,0.0952,0,0.5563,0.9701,-0.831,0.2429,3.956,0.055
2026-08-17T16:00:00+00:00,2026-08-17T17:00:00+00:00,1,3nzr48bG,test,a1ac286b97b15d33df0a93f90b11a1c3a41b0dafd9eede401094b43b93cc0765,VERIFIED_VALID,25.763,25.302,25.46,27.61,26.444,1,0.8278,1,0.6332,0.6178,-0.774,-0.7864,0.879,0.933
2026-08-17T17:00:00+00:00,2026-08-17T18:00:00+00:00,1,3nzr48bG,test,a1ac286b97b15d33df0a93f90b11a1c3a41b0dafd9eede401094b43b93cc0765,VERIFIED_VALID,25.152,25.679,25.763,25.81,27.362,1,0.7824,1,0.999,0.6913,0.0448,-0.7226,14.177,0.587
2026-08-17T18:00:00+00:00,2026-08-17T19:00:00+00:00,1,3nzr48bG,test,a1ac286b97b15d33df0a93f90b11a1c3a41b0dafd9eede401094b43b93cc0765,VERIFIED_VALID,25.127,24.916,25.152,25.74,26.066,1,0.9364,1,0.1659,0.9863,-0.9862,0.1647,6.264,2.818
2026-08-17T19:00:00+00:00,2026-08-17T20:00:00+00:00,1,3nzr48bG,test,a1ac286b97b15d33df0a93f90b11a1c3a41b0dafd9eede401094b43b93cc0765,VERIFIED_VALID,25.173,24.932,25.127,25.88,26.072,1,0.9149,1,0.5932,0.1567,-0.8051,-0.9876,0.659,1.587
2026-08-17T20:00:00+00:00,2026-08-17T21:00:00+00:00,1,3nzr48bG,test,a1ac286b97b15d33df0a93f90b11a1c3a41b0dafd9eede401094b43b93cc0765,VERIFIED_VALID,25.2,25.283,25.173,25.96,26.44,1,0.8158,1,0.3351,0.6305,-0.9422,-0.7762,1.209,0.376
2026-08-17T21:00:00+00:00,2026-08-17T22:00:00+00:00,1,3nzr48bG,test,a1ac286b97b15d33df0a93f90b11a1c3a41b0dafd9eede401094b43b93cc0765,VERIFIED_VALID,25.23,25.412,25.2,26.06,26.572,1,0.8387,1,0.4639,0.3385,-0.8859,-0.941,0.22,0.342
2026-08-17T22:00:00+00:00,2026-08-17T23:00:00+00:00,1,3nzr48bG,test,a1ac286b97b15d33df0a93f90b11a1c3a41b0dafd9eede401094b43b93cc0765,VERIFIED_VALID,25.672,25.417,25.23,27.33,26.559,0,0.8389,1,0.5181,0.4809,-0.8553,-0.8768,0.0,0.411
2026-08-17T23:00:00+00:00,2026-08-18T00:00:00+00:00,1,3nzr48bG,test,a1ac286b97b15d33df0a93f90b11a1c3a41b0dafd9eede401094b43b93cc0765,VERIFIED_VALID,26.878,25.959,25.672,31.02,28.177,0,0.3253,0,0.455,0.5695,-0.8905,-0.822,0.0,0.202
2026-08-18T00:00:00+00:00,2026-08-18T01:00:00+00:00,1,3nzr48bG,test,a1ac286b97b15d33df0a93f90b11a1c3a41b0dafd9eede401094b43b93cc0765,VERIFIED_VALID,27.698,27.388,26.878,33.35,33.249,0,0.0831,0,0.734,0.5047,-0.6791,-0.8633,0.0,0.041
2026-08-18T01:00:00+00:00,2026-08-18T02:00:00+00:00,1,3nzr48bG,test,a1ac286b97b15d33df0a93f90b11a1c3a41b0dafd9eede401094b43b93cc0765,VERIFIED_VALID,29.023,28.064,27.698,36.14,34.867,0,0.1582,0,0.9935,0.7878,0.1138,-0.6159,0.0,0.102
2026-08-18T02:00:00+00:00,2026-08-18T03:00:00+00:00,1,3nzr48bG,test,a1ac286b97b15d33df0a93f90b11a1c3a41b0dafd9eede401094b43b93cc0765,VERIFIED_VALID,29.491,29.103,29.023,37.38,36.418,0,0.2505,0,0.4048,0.9809,-0.9144,0.1947,0.0,0.245
2026-08-18T03:00:00+00:00,2026-08-18T04:00:00+00:00,1,3nzr48bG,test,a1ac286b97b15d33df0a93f90b11a1c3a41b0dafd9eede401094b43b93cc0765,VERIFIED_VALID,28.901,29.591,29.491,35.89,37.694,0,0.1822,0,0.9938,0.4746,0.1115,-0.8802,0.0,0.165
2026-08-18T04:00:00+00:00,2026-08-18T05:00:00+00:00,1,3nzr48bG,test,a1ac286b97b15d33df0a93f90b11a1c3a41b0dafd9eede401094b43b93cc0765,VERIFIED_VALID,27.93,28.739,28.901,33.65,35.572,0,0.17,0,0.9643,0.9821,-0.2648,0.1885,0.0,0.215
2026-08-18T05:00:00+00:00,2026-08-18T06:00:00+00:00,1,3nzr48bG,test,a1ac286b97b15d33df0a93f90b11a1c3a41b0dafd9eede401094b43b93cc0765,VERIFIED_VALID,27.648,27.697,27.93,33.25,33.402,0,0.1362,0,0.548,0.9848,-0.8365,-0.1737,0.0,0.18
2026-08-18T06:00:00+00:00,2026-08-18T07:00:00+00:00,1,3nzr48bG,test,a1ac286b97b15d33df0a93f90b11a1c3a41b0dafd9eede401094b43b93cc0765,VERIFIED_VALID,26.487,27.522,27.648,29.74,33.465,1,0.2257,0,0.7126,0.6296,-0.7016,-0.7769,0.33,0.292
2026-08-18T07:00:00+00:00,2026-08-18T08:00:00+00:00,1,3nzr48bG,test,a1ac286b97b15d33df0a93f90b11a1c3a41b0dafd9eede401094b43b93cc0765,VERIFIED_VALID,26.703,26.394,26.487,30.42,29.473,0,0.5243,1,0.2518,0.779,-0.9678,-0.627,0.0,0.225
2026-08-18T08:00:00+00:00,2026-08-18T09:00:00+00:00,1,3nzr48bG,test,a1ac286b97b15d33df0a93f90b11a1c3a41b0dafd9eede401094b43b93cc0765,VERIFIED_VALID,26.706,26.582,26.703,30.41,30.076,1,0.2112,0,0.9729,0.3261,-0.2312,-0.9453,0.22,0.257
2026-08-18T09:00:00+00:00,2026-08-18T10:00:00+00:00,1,3nzr48bG,test,a1ac286b97b15d33df0a93f90b11a1c3a41b0dafd9eede401094b43b93cc0765,VERIFIED_VALID,26.655,26.533,26.706,30.19,29.913,1,0.7882,1,0.9198,0.9922,-0.3924,-0.1246,0.11,0.935
2026-08-18T10:00:00+00:00,2026-08-18T11:00:00+00:00,1,3nzr48bG,test,a1ac286b97b15d33df0a93f90b11a1c3a41b0dafd9eede401094b43b93cc0765,VERIFIED_VALID,26.913,26.495,26.655,30.99,29.73,0,0.6958,1,0.9535,0.9571,-0.3015,-0.2897,0.0,0.592
2026-08-18T11:00:00+00:00,2026-08-18T12:00:00+00:00,1,3nzr48bG,test,a1ac286b97b15d33df0a93f90b11a1c3a41b0dafd9eede401094b43b93cc0765,VERIFIED_VALID,26.112,26.753,26.913,28.62,31.329,1,0.2993,0,0.911,0.9803,0.4125,-0.1976,0.549,0.428
2026-08-18T12:00:00+00:00,2026-08-18T13:00:00+00:00,1,3nzr48bG,test,a1ac286b97b15d33df0a93f90b11a1c3a41b0dafd9eede401094b43b93cc0765,VERIFIED_VALID,25.728,25.983,26.112,27.51,28.244,1,0.6782,1,0.9306,0.8796,0.3659,0.4757,9.451,0.485
2026-08-18T13:00:00+00:00,2026-08-18T14:00:00+00:00,1,3nzr48bG,test,a1ac286b97b15d33df0a93f90b11a1c3a41b0dafd9eede401094b43b93cc0765,VERIFIED_VALID,25.315,25.531,25.728,26.28,26.924,1,0.9276,1,0.9223,0.8839,-0.3864,0.4678,5.715,2.12
2026-08-18T14:00:00+00:00,2026-08-18T15:00:00+00:00,1,3nzr48bG,test,a1ac286b97b15d33df0a93f90b11a1c3a41b0dafd9eede401094b43b93cc0765,VERIFIED_VALID,25.193,25.153,25.315,25.93,26.317,1,0.9066,1,0.813,0.9524,-0.5823,-0.3049,9.122,1.255
2026-08-18T15:00:00+00:00,2026-08-18T16:00:00+00:00,1,3nzr48bG,test,a1ac286b97b15d33df0a93f90b11a1c3a41b0dafd9eede401094b43b93cc0765,VERIFIED_VALID,25.17,24.973,25.193,25.87,26.126,1,0.9301,1,-0.7535,0.8476,0.6575,-0.5306,6.264,2.064
